ISO-10303-21;
HEADER;
FILE_DESCRIPTION(('Open CASCADE Model'),'2;1');
FILE_NAME('Open CASCADE Shape Model','2026-09-28T19:40:07',('Author'),(
    'Open CASCADE'),'Open CASCADE STEP processor 8.0','Open CASCADE 8.0'
  ,'Unknown');
FILE_SCHEMA(('AUTOMOTIVE_DESIGN { 1 0 10303 214 1 1 1 1 }'));
ENDSEC;
DATA;
#1 = APPLICATION_PROTOCOL_DEFINITION('international standard',
  'automotive_design',2000,#2);
#2 = APPLICATION_CONTEXT(
  'core data for automotive mechanical design processes');
#3 = SHAPE_DEFINITION_REPRESENTATION(#4,#10);
#4 = PRODUCT_DEFINITION_SHAPE('','',#5);
#5 = PRODUCT_DEFINITION('design','',#6,#9);
#6 = PRODUCT_DEFINITION_FORMATION('','',#7);
#7 = PRODUCT('Open CASCADE STEP translator 8.0 2',
  'Open CASCADE STEP translator 8.0 2','',(#8));
#8 = PRODUCT_CONTEXT('',#2,'mechanical');
#9 = PRODUCT_DEFINITION_CONTEXT('part definition',#2,'design');
#10 = ADVANCED_BREP_SHAPE_REPRESENTATION('',(#11,#15),#12023);
#11 = AXIS2_PLACEMENT_3D('',#12,#13,#14);
#12 = CARTESIAN_POINT('',(0.,0.,0.));
#13 = DIRECTION('',(0.,0.,1.));
#14 = DIRECTION('',(1.,0.,-0.));
#15 = MANIFOLD_SOLID_BREP('',#16);
#16 = CLOSED_SHELL('',(#17,#110,#169,#223,#414,#446,#506,#566,#654,#702,
    #755,#896,#944,#1020,#1051,#1110,#1168,#1199,#1225,#1256,#1337,#1449
    ,#1561,#1644,#1726,#1809,#1867,#1894,#1977,#2010,#2091,#2169,#2202,
    #2258,#2316,#2399,#2481,#2536,#2591,#2651,#2706,#2783,#2865,#2943,
    #3074,#3187,#3322,#3382,#3459,#3490,#3516,#3626,#3674,#3700,#3772,
    #3907,#3933,#3989,#4050,#4204,#4253,#4279,#4305,#4387,#4414,#4441,
    #4467,#4498,#4525,#4552,#4629,#4704,#4758,#4841,#4888,#4935,#5016,
    #5103,#5135,#5167,#5254,#5339,#5398,#5476,#5546,#5552,#5558,#5564,
    #5570,#5630,#5717,#5802,#5829,#5861,#5916,#6002,#6089,#6115,#6123,
    #6131,#6157,#6211,#6237,#6292,#6347,#6435,#6547,#6605,#6660,#6710,
    #6737,#6787,#6870,#6923,#6950,#7038,#7098,#7187,#7218,#7267,#7317,
    #7350,#7428,#7511,#7559,#7586,#7669,#7724,#7803,#7836,#7914,#7997,
    #8052,#8154,#8207,#8262,#8289,#8338,#8422,#8499,#8559,#8616,#8722,
    #8795,#9026,#9032,#9063,#9091,#9118,#9173,#9199,#9227,#9309,#9415,
    #9472,#9532,#9611,#9662,#9870,#9899,#9948,#9954,#9960,#9987,#10013,
    #10095,#10171,#10226,#10233,#10239,#10245,#10327,#10403,#10458,
    #10464,#10490,#10517,#10549,#10576,#10653,#10708,#10758,#10808,
    #10835,#10861,#10888,#10914,#10943,#10992,#11000,#11008,#11063,
    #11140,#11190,#11216,#11243,#11270,#11349,#11376,#11403,#11452,
    #11458,#11507,#11534,#11606,#11612,#11686,#11758,#11785,#11791,
    #11841,#11870,#11924,#11932,#11961,#12015));
#17 = ADVANCED_FACE('',(#18),#32,.T.);
#18 = FACE_BOUND('',#19,.T.);
#19 = EDGE_LOOP('',(#20,#55,#84));
#20 = ORIENTED_EDGE('',*,*,#21,.F.);
#21 = EDGE_CURVE('',#22,#24,#26,.T.);
#22 = VERTEX_POINT('',#23);
#23 = CARTESIAN_POINT('',(9.,23.5,0.));
#24 = VERTEX_POINT('',#25);
#25 = CARTESIAN_POINT('',(10.5,23.5,0.));
#26 = SURFACE_CURVE('',#27,(#31,#43),.PCURVE_S1.);
#27 = LINE('',#28,#29);
#28 = CARTESIAN_POINT('',(-12.,23.5,0.));
#29 = VECTOR('',#30,1.);
#30 = DIRECTION('',(1.,0.,-0.));
#31 = PCURVE('',#32,#37);
#32 = PLANE('',#33);
#33 = AXIS2_PLACEMENT_3D('',#34,#35,#36);
#34 = CARTESIAN_POINT('',(-10.5,-5.,0.));
#35 = DIRECTION('',(0.,0.,1.));
#36 = DIRECTION('',(1.,0.,-0.));
#37 = DEFINITIONAL_REPRESENTATION('',(#38),#42);
#38 = LINE('',#39,#40);
#39 = CARTESIAN_POINT('',(-1.5,28.5));
#40 = VECTOR('',#41,1.);
#41 = DIRECTION('',(1.,0.));
#42 = ( GEOMETRIC_REPRESENTATION_CONTEXT(2) 
PARAMETRIC_REPRESENTATION_CONTEXT() REPRESENTATION_CONTEXT('2D SPACE',''
  ) );
#43 = PCURVE('',#44,#49);
#44 = PLANE('',#45);
#45 = AXIS2_PLACEMENT_3D('',#46,#47,#48);
#46 = CARTESIAN_POINT('',(-10.5,-5.,0.));
#47 = DIRECTION('',(0.,0.,1.));
#48 = DIRECTION('',(1.,0.,-0.));
#49 = DEFINITIONAL_REPRESENTATION('',(#50),#54);
#50 = LINE('',#51,#52);
#51 = CARTESIAN_POINT('',(-1.5,28.5));
#52 = VECTOR('',#53,1.);
#53 = DIRECTION('',(1.,0.));
#54 = ( GEOMETRIC_REPRESENTATION_CONTEXT(2) 
PARAMETRIC_REPRESENTATION_CONTEXT() REPRESENTATION_CONTEXT('2D SPACE',''
  ) );
#55 = ORIENTED_EDGE('',*,*,#56,.T.);
#56 = EDGE_CURVE('',#22,#57,#59,.T.);
#57 = VERTEX_POINT('',#58);
#58 = CARTESIAN_POINT('',(10.5,22.,0.));
#59 = SURFACE_CURVE('',#60,(#65,#72),.PCURVE_S1.);
#60 = CIRCLE('',#61,1.5);
#61 = AXIS2_PLACEMENT_3D('',#62,#63,#64);
#62 = CARTESIAN_POINT('',(10.5,23.5,0.));
#63 = DIRECTION('',(0.,0.,1.));
#64 = DIRECTION('',(1.,0.,-0.));
#65 = PCURVE('',#32,#66);
#66 = DEFINITIONAL_REPRESENTATION('',(#67),#71);
#67 = CIRCLE('',#68,1.5);
#68 = AXIS2_PLACEMENT_2D('',#69,#70);
#69 = CARTESIAN_POINT('',(21.,28.5));
#70 = DIRECTION('',(1.,0.));
#71 = ( GEOMETRIC_REPRESENTATION_CONTEXT(2) 
PARAMETRIC_REPRESENTATION_CONTEXT() REPRESENTATION_CONTEXT('2D SPACE',''
  ) );
#72 = PCURVE('',#73,#78);
#73 = PLANE('',#74);
#74 = AXIS2_PLACEMENT_3D('',#75,#76,#77);
#75 = CARTESIAN_POINT('',(-10.5,-5.,0.));
#76 = DIRECTION('',(0.,0.,1.));
#77 = DIRECTION('',(1.,0.,-0.));
#78 = DEFINITIONAL_REPRESENTATION('',(#79),#83);
#79 = CIRCLE('',#80,1.5);
#80 = AXIS2_PLACEMENT_2D('',#81,#82);
#81 = CARTESIAN_POINT('',(21.,28.5));
#82 = DIRECTION('',(1.,0.));
#83 = ( GEOMETRIC_REPRESENTATION_CONTEXT(2) 
PARAMETRIC_REPRESENTATION_CONTEXT() REPRESENTATION_CONTEXT('2D SPACE',''
  ) );
#84 = ORIENTED_EDGE('',*,*,#85,.T.);
#85 = EDGE_CURVE('',#57,#24,#86,.T.);
#86 = SURFACE_CURVE('',#87,(#91,#98),.PCURVE_S1.);
#87 = LINE('',#88,#89);
#88 = CARTESIAN_POINT('',(10.5,-5.,0.));
#89 = VECTOR('',#90,1.);
#90 = DIRECTION('',(-0.,1.,0.));
#91 = PCURVE('',#32,#92);
#92 = DEFINITIONAL_REPRESENTATION('',(#93),#97);
#93 = LINE('',#94,#95);
#94 = CARTESIAN_POINT('',(21.,0.));
#95 = VECTOR('',#96,1.);
#96 = DIRECTION('',(0.,1.));
#97 = ( GEOMETRIC_REPRESENTATION_CONTEXT(2) 
PARAMETRIC_REPRESENTATION_CONTEXT() REPRESENTATION_CONTEXT('2D SPACE',''
  ) );
#98 = PCURVE('',#99,#104);
#99 = PLANE('',#100);
#100 = AXIS2_PLACEMENT_3D('',#101,#102,#103);
#101 = CARTESIAN_POINT('',(-12.,-3.5,0.));
#102 = DIRECTION('',(0.,0.,1.));
#103 = DIRECTION('',(1.,0.,-0.));
#104 = DEFINITIONAL_REPRESENTATION('',(#105),#109);
#105 = LINE('',#106,#107);
#106 = CARTESIAN_POINT('',(22.5,-1.5));
#107 = VECTOR('',#108,1.);
#108 = DIRECTION('',(0.,1.));
#109 = ( GEOMETRIC_REPRESENTATION_CONTEXT(2) 
PARAMETRIC_REPRESENTATION_CONTEXT() REPRESENTATION_CONTEXT('2D SPACE',''
  ) );
#110 = ADVANCED_FACE('',(#111),#44,.T.);
#111 = FACE_BOUND('',#112,.T.);
#112 = EDGE_LOOP('',(#113,#141,#168));
#113 = ORIENTED_EDGE('',*,*,#114,.T.);
#114 = EDGE_CURVE('',#24,#115,#117,.T.);
#115 = VERTEX_POINT('',#116);
#116 = CARTESIAN_POINT('',(10.5,25.,0.));
#117 = SURFACE_CURVE('',#118,(#122,#129),.PCURVE_S1.);
#118 = LINE('',#119,#120);
#119 = CARTESIAN_POINT('',(10.5,-5.,0.));
#120 = VECTOR('',#121,1.);
#121 = DIRECTION('',(-0.,1.,0.));
#122 = PCURVE('',#44,#123);
#123 = DEFINITIONAL_REPRESENTATION('',(#124),#128);
#124 = LINE('',#125,#126);
#125 = CARTESIAN_POINT('',(21.,0.));
#126 = VECTOR('',#127,1.);
#127 = DIRECTION('',(0.,1.));
#128 = ( GEOMETRIC_REPRESENTATION_CONTEXT(2) 
PARAMETRIC_REPRESENTATION_CONTEXT() REPRESENTATION_CONTEXT('2D SPACE',''
  ) );
#129 = PCURVE('',#130,#135);
#130 = PLANE('',#131);
#131 = AXIS2_PLACEMENT_3D('',#132,#133,#134);
#132 = CARTESIAN_POINT('',(10.5,23.5,0.));
#133 = DIRECTION('',(0.,0.,1.));
#134 = DIRECTION('',(1.,0.,-0.));
#135 = DEFINITIONAL_REPRESENTATION('',(#136),#140);
#136 = LINE('',#137,#138);
#137 = CARTESIAN_POINT('',(0.,-28.5));
#138 = VECTOR('',#139,1.);
#139 = DIRECTION('',(0.,1.));
#140 = ( GEOMETRIC_REPRESENTATION_CONTEXT(2) 
PARAMETRIC_REPRESENTATION_CONTEXT() REPRESENTATION_CONTEXT('2D SPACE',''
  ) );
#141 = ORIENTED_EDGE('',*,*,#142,.T.);
#142 = EDGE_CURVE('',#115,#22,#143,.T.);
#143 = SURFACE_CURVE('',#144,(#149,#156),.PCURVE_S1.);
#144 = CIRCLE('',#145,1.5);
#145 = AXIS2_PLACEMENT_3D('',#146,#147,#148);
#146 = CARTESIAN_POINT('',(10.5,23.5,0.));
#147 = DIRECTION('',(0.,0.,1.));
#148 = DIRECTION('',(1.,0.,-0.));
#149 = PCURVE('',#44,#150);
#150 = DEFINITIONAL_REPRESENTATION('',(#151),#155);
#151 = CIRCLE('',#152,1.5);
#152 = AXIS2_PLACEMENT_2D('',#153,#154);
#153 = CARTESIAN_POINT('',(21.,28.5));
#154 = DIRECTION('',(1.,0.));
#155 = ( GEOMETRIC_REPRESENTATION_CONTEXT(2) 
PARAMETRIC_REPRESENTATION_CONTEXT() REPRESENTATION_CONTEXT('2D SPACE',''
  ) );
#156 = PCURVE('',#157,#162);
#157 = PLANE('',#158);
#158 = AXIS2_PLACEMENT_3D('',#159,#160,#161);
#159 = CARTESIAN_POINT('',(-10.5,-5.,0.));
#160 = DIRECTION('',(0.,0.,1.));
#161 = DIRECTION('',(1.,0.,-0.));
#162 = DEFINITIONAL_REPRESENTATION('',(#163),#167);
#163 = CIRCLE('',#164,1.5);
#164 = AXIS2_PLACEMENT_2D('',#165,#166);
#165 = CARTESIAN_POINT('',(21.,28.5));
#166 = DIRECTION('',(1.,0.));
#167 = ( GEOMETRIC_REPRESENTATION_CONTEXT(2) 
PARAMETRIC_REPRESENTATION_CONTEXT() REPRESENTATION_CONTEXT('2D SPACE',''
  ) );
#168 = ORIENTED_EDGE('',*,*,#21,.T.);
#169 = ADVANCED_FACE('',(#170),#99,.T.);
#170 = FACE_BOUND('',#171,.T.);
#171 = EDGE_LOOP('',(#172,#195,#196));
#172 = ORIENTED_EDGE('',*,*,#173,.F.);
#173 = EDGE_CURVE('',#24,#174,#176,.T.);
#174 = VERTEX_POINT('',#175);
#175 = CARTESIAN_POINT('',(12.,23.5,0.));
#176 = SURFACE_CURVE('',#177,(#181,#188),.PCURVE_S1.);
#177 = LINE('',#178,#179);
#178 = CARTESIAN_POINT('',(-12.,23.5,0.));
#179 = VECTOR('',#180,1.);
#180 = DIRECTION('',(1.,0.,-0.));
#181 = PCURVE('',#99,#182);
#182 = DEFINITIONAL_REPRESENTATION('',(#183),#187);
#183 = LINE('',#184,#185);
#184 = CARTESIAN_POINT('',(0.,27.));
#185 = VECTOR('',#186,1.);
#186 = DIRECTION('',(1.,0.));
#187 = ( GEOMETRIC_REPRESENTATION_CONTEXT(2) 
PARAMETRIC_REPRESENTATION_CONTEXT() REPRESENTATION_CONTEXT('2D SPACE',''
  ) );
#188 = PCURVE('',#130,#189);
#189 = DEFINITIONAL_REPRESENTATION('',(#190),#194);
#190 = LINE('',#191,#192);
#191 = CARTESIAN_POINT('',(-22.5,0.));
#192 = VECTOR('',#193,1.);
#193 = DIRECTION('',(1.,0.));
#194 = ( GEOMETRIC_REPRESENTATION_CONTEXT(2) 
PARAMETRIC_REPRESENTATION_CONTEXT() REPRESENTATION_CONTEXT('2D SPACE',''
  ) );
#195 = ORIENTED_EDGE('',*,*,#85,.F.);
#196 = ORIENTED_EDGE('',*,*,#197,.T.);
#197 = EDGE_CURVE('',#57,#174,#198,.T.);
#198 = SURFACE_CURVE('',#199,(#204,#211),.PCURVE_S1.);
#199 = CIRCLE('',#200,1.5);
#200 = AXIS2_PLACEMENT_3D('',#201,#202,#203);
#201 = CARTESIAN_POINT('',(10.5,23.5,0.));
#202 = DIRECTION('',(0.,0.,1.));
#203 = DIRECTION('',(1.,0.,-0.));
#204 = PCURVE('',#99,#205);
#205 = DEFINITIONAL_REPRESENTATION('',(#206),#210);
#206 = CIRCLE('',#207,1.5);
#207 = AXIS2_PLACEMENT_2D('',#208,#209);
#208 = CARTESIAN_POINT('',(22.5,27.));
#209 = DIRECTION('',(1.,0.));
#210 = ( GEOMETRIC_REPRESENTATION_CONTEXT(2) 
PARAMETRIC_REPRESENTATION_CONTEXT() REPRESENTATION_CONTEXT('2D SPACE',''
  ) );
#211 = PCURVE('',#212,#217);
#212 = PLANE('',#213);
#213 = AXIS2_PLACEMENT_3D('',#214,#215,#216);
#214 = CARTESIAN_POINT('',(-12.,-3.5,0.));
#215 = DIRECTION('',(0.,0.,1.));
#216 = DIRECTION('',(1.,0.,-0.));
#217 = DEFINITIONAL_REPRESENTATION('',(#218),#222);
#218 = CIRCLE('',#219,1.5);
#219 = AXIS2_PLACEMENT_2D('',#220,#221);
#220 = CARTESIAN_POINT('',(22.5,27.));
#221 = DIRECTION('',(1.,0.));
#222 = ( GEOMETRIC_REPRESENTATION_CONTEXT(2) 
PARAMETRIC_REPRESENTATION_CONTEXT() REPRESENTATION_CONTEXT('2D SPACE',''
  ) );
#223 = ADVANCED_FACE('',(#224),#73,.T.);
#224 = FACE_BOUND('',#225,.T.);
#225 = EDGE_LOOP('',(#226,#256,#285,#313,#342,#363,#364,#387));
#226 = ORIENTED_EDGE('',*,*,#227,.F.);
#227 = EDGE_CURVE('',#228,#230,#232,.T.);
#228 = VERTEX_POINT('',#229);
#229 = CARTESIAN_POINT('',(-10.5,-2.,0.));
#230 = VERTEX_POINT('',#231);
#231 = CARTESIAN_POINT('',(-10.5,22.,0.));
#232 = SURFACE_CURVE('',#233,(#237,#244),.PCURVE_S1.);
#233 = LINE('',#234,#235);
#234 = CARTESIAN_POINT('',(-10.5,-5.,0.));
#235 = VECTOR('',#236,1.);
#236 = DIRECTION('',(-0.,1.,0.));
#237 = PCURVE('',#73,#238);
#238 = DEFINITIONAL_REPRESENTATION('',(#239),#243);
#239 = LINE('',#240,#241);
#240 = CARTESIAN_POINT('',(0.,0.));
#241 = VECTOR('',#242,1.);
#242 = DIRECTION('',(0.,1.));
#243 = ( GEOMETRIC_REPRESENTATION_CONTEXT(2) 
PARAMETRIC_REPRESENTATION_CONTEXT() REPRESENTATION_CONTEXT('2D SPACE',''
  ) );
#244 = PCURVE('',#245,#250);
#245 = PLANE('',#246);
#246 = AXIS2_PLACEMENT_3D('',#247,#248,#249);
#247 = CARTESIAN_POINT('',(-12.,-3.5,0.));
#248 = DIRECTION('',(0.,0.,1.));
#249 = DIRECTION('',(1.,0.,-0.));
#250 = DEFINITIONAL_REPRESENTATION('',(#251),#255);
#251 = LINE('',#252,#253);
#252 = CARTESIAN_POINT('',(1.5,-1.5));
#253 = VECTOR('',#254,1.);
#254 = DIRECTION('',(0.,1.));
#255 = ( GEOMETRIC_REPRESENTATION_CONTEXT(2) 
PARAMETRIC_REPRESENTATION_CONTEXT() REPRESENTATION_CONTEXT('2D SPACE',''
  ) );
#256 = ORIENTED_EDGE('',*,*,#257,.F.);
#257 = EDGE_CURVE('',#258,#228,#260,.T.);
#258 = VERTEX_POINT('',#259);
#259 = CARTESIAN_POINT('',(-9.,-3.5,0.));
#260 = SURFACE_CURVE('',#261,(#266,#273),.PCURVE_S1.);
#261 = CIRCLE('',#262,1.5);
#262 = AXIS2_PLACEMENT_3D('',#263,#264,#265);
#263 = CARTESIAN_POINT('',(-10.5,-3.5,0.));
#264 = DIRECTION('',(0.,0.,1.));
#265 = DIRECTION('',(1.,0.,-0.));
#266 = PCURVE('',#73,#267);
#267 = DEFINITIONAL_REPRESENTATION('',(#268),#272);
#268 = CIRCLE('',#269,1.5);
#269 = AXIS2_PLACEMENT_2D('',#270,#271);
#270 = CARTESIAN_POINT('',(0.,1.5));
#271 = DIRECTION('',(1.,0.));
#272 = ( GEOMETRIC_REPRESENTATION_CONTEXT(2) 
PARAMETRIC_REPRESENTATION_CONTEXT() REPRESENTATION_CONTEXT('2D SPACE',''
  ) );
#273 = PCURVE('',#274,#279);
#274 = PLANE('',#275);
#275 = AXIS2_PLACEMENT_3D('',#276,#277,#278);
#276 = CARTESIAN_POINT('',(-10.5,-5.,0.));
#277 = DIRECTION('',(0.,0.,1.));
#278 = DIRECTION('',(1.,0.,-0.));
#279 = DEFINITIONAL_REPRESENTATION('',(#280),#284);
#280 = CIRCLE('',#281,1.5);
#281 = AXIS2_PLACEMENT_2D('',#282,#283);
#282 = CARTESIAN_POINT('',(0.,1.5));
#283 = DIRECTION('',(1.,0.));
#284 = ( GEOMETRIC_REPRESENTATION_CONTEXT(2) 
PARAMETRIC_REPRESENTATION_CONTEXT() REPRESENTATION_CONTEXT('2D SPACE',''
  ) );
#285 = ORIENTED_EDGE('',*,*,#286,.T.);
#286 = EDGE_CURVE('',#258,#287,#289,.T.);
#287 = VERTEX_POINT('',#288);
#288 = CARTESIAN_POINT('',(9.,-3.5,0.));
#289 = SURFACE_CURVE('',#290,(#294,#301),.PCURVE_S1.);
#290 = LINE('',#291,#292);
#291 = CARTESIAN_POINT('',(-12.,-3.5,0.));
#292 = VECTOR('',#293,1.);
#293 = DIRECTION('',(1.,0.,-0.));
#294 = PCURVE('',#73,#295);
#295 = DEFINITIONAL_REPRESENTATION('',(#296),#300);
#296 = LINE('',#297,#298);
#297 = CARTESIAN_POINT('',(-1.5,1.5));
#298 = VECTOR('',#299,1.);
#299 = DIRECTION('',(1.,0.));
#300 = ( GEOMETRIC_REPRESENTATION_CONTEXT(2) 
PARAMETRIC_REPRESENTATION_CONTEXT() REPRESENTATION_CONTEXT('2D SPACE',''
  ) );
#301 = PCURVE('',#302,#307);
#302 = PLANE('',#303);
#303 = AXIS2_PLACEMENT_3D('',#304,#305,#306);
#304 = CARTESIAN_POINT('',(-10.5,-5.,0.));
#305 = DIRECTION('',(0.,0.,1.));
#306 = DIRECTION('',(1.,0.,-0.));
#307 = DEFINITIONAL_REPRESENTATION('',(#308),#312);
#308 = LINE('',#309,#310);
#309 = CARTESIAN_POINT('',(-1.5,1.5));
#310 = VECTOR('',#311,1.);
#311 = DIRECTION('',(1.,0.));
#312 = ( GEOMETRIC_REPRESENTATION_CONTEXT(2) 
PARAMETRIC_REPRESENTATION_CONTEXT() REPRESENTATION_CONTEXT('2D SPACE',''
  ) );
#313 = ORIENTED_EDGE('',*,*,#314,.F.);
#314 = EDGE_CURVE('',#315,#287,#317,.T.);
#315 = VERTEX_POINT('',#316);
#316 = CARTESIAN_POINT('',(10.5,-2.,0.));
#317 = SURFACE_CURVE('',#318,(#323,#330),.PCURVE_S1.);
#318 = CIRCLE('',#319,1.5);
#319 = AXIS2_PLACEMENT_3D('',#320,#321,#322);
#320 = CARTESIAN_POINT('',(10.5,-3.5,0.));
#321 = DIRECTION('',(0.,0.,1.));
#322 = DIRECTION('',(1.,0.,-0.));
#323 = PCURVE('',#73,#324);
#324 = DEFINITIONAL_REPRESENTATION('',(#325),#329);
#325 = CIRCLE('',#326,1.5);
#326 = AXIS2_PLACEMENT_2D('',#327,#328);
#327 = CARTESIAN_POINT('',(21.,1.5));
#328 = DIRECTION('',(1.,0.));
#329 = ( GEOMETRIC_REPRESENTATION_CONTEXT(2) 
PARAMETRIC_REPRESENTATION_CONTEXT() REPRESENTATION_CONTEXT('2D SPACE',''
  ) );
#330 = PCURVE('',#331,#336);
#331 = PLANE('',#332);
#332 = AXIS2_PLACEMENT_3D('',#333,#334,#335);
#333 = CARTESIAN_POINT('',(-10.5,-5.,0.));
#334 = DIRECTION('',(0.,0.,1.));
#335 = DIRECTION('',(1.,0.,-0.));
#336 = DEFINITIONAL_REPRESENTATION('',(#337),#341);
#337 = CIRCLE('',#338,1.5);
#338 = AXIS2_PLACEMENT_2D('',#339,#340);
#339 = CARTESIAN_POINT('',(21.,1.5));
#340 = DIRECTION('',(1.,0.));
#341 = ( GEOMETRIC_REPRESENTATION_CONTEXT(2) 
PARAMETRIC_REPRESENTATION_CONTEXT() REPRESENTATION_CONTEXT('2D SPACE',''
  ) );
#342 = ORIENTED_EDGE('',*,*,#343,.T.);
#343 = EDGE_CURVE('',#315,#57,#344,.T.);
#344 = SURFACE_CURVE('',#345,(#349,#356),.PCURVE_S1.);
#345 = LINE('',#346,#347);
#346 = CARTESIAN_POINT('',(10.5,-5.,0.));
#347 = VECTOR('',#348,1.);
#348 = DIRECTION('',(-0.,1.,0.));
#349 = PCURVE('',#73,#350);
#350 = DEFINITIONAL_REPRESENTATION('',(#351),#355);
#351 = LINE('',#352,#353);
#352 = CARTESIAN_POINT('',(21.,0.));
#353 = VECTOR('',#354,1.);
#354 = DIRECTION('',(0.,1.));
#355 = ( GEOMETRIC_REPRESENTATION_CONTEXT(2) 
PARAMETRIC_REPRESENTATION_CONTEXT() REPRESENTATION_CONTEXT('2D SPACE',''
  ) );
#356 = PCURVE('',#212,#357);
#357 = DEFINITIONAL_REPRESENTATION('',(#358),#362);
#358 = LINE('',#359,#360);
#359 = CARTESIAN_POINT('',(22.5,-1.5));
#360 = VECTOR('',#361,1.);
#361 = DIRECTION('',(0.,1.));
#362 = ( GEOMETRIC_REPRESENTATION_CONTEXT(2) 
PARAMETRIC_REPRESENTATION_CONTEXT() REPRESENTATION_CONTEXT('2D SPACE',''
  ) );
#363 = ORIENTED_EDGE('',*,*,#56,.F.);
#364 = ORIENTED_EDGE('',*,*,#365,.F.);
#365 = EDGE_CURVE('',#366,#22,#368,.T.);
#366 = VERTEX_POINT('',#367);
#367 = CARTESIAN_POINT('',(-9.,23.5,0.));
#368 = SURFACE_CURVE('',#369,(#373,#380),.PCURVE_S1.);
#369 = LINE('',#370,#371);
#370 = CARTESIAN_POINT('',(-12.,23.5,0.));
#371 = VECTOR('',#372,1.);
#372 = DIRECTION('',(1.,0.,-0.));
#373 = PCURVE('',#73,#374);
#374 = DEFINITIONAL_REPRESENTATION('',(#375),#379);
#375 = LINE('',#376,#377);
#376 = CARTESIAN_POINT('',(-1.5,28.5));
#377 = VECTOR('',#378,1.);
#378 = DIRECTION('',(1.,0.));
#379 = ( GEOMETRIC_REPRESENTATION_CONTEXT(2) 
PARAMETRIC_REPRESENTATION_CONTEXT() REPRESENTATION_CONTEXT('2D SPACE',''
  ) );
#380 = PCURVE('',#157,#381);
#381 = DEFINITIONAL_REPRESENTATION('',(#382),#386);
#382 = LINE('',#383,#384);
#383 = CARTESIAN_POINT('',(-1.5,28.5));
#384 = VECTOR('',#385,1.);
#385 = DIRECTION('',(1.,0.));
#386 = ( GEOMETRIC_REPRESENTATION_CONTEXT(2) 
PARAMETRIC_REPRESENTATION_CONTEXT() REPRESENTATION_CONTEXT('2D SPACE',''
  ) );
#387 = ORIENTED_EDGE('',*,*,#388,.F.);
#388 = EDGE_CURVE('',#230,#366,#389,.T.);
#389 = SURFACE_CURVE('',#390,(#395,#402),.PCURVE_S1.);
#390 = CIRCLE('',#391,1.5);
#391 = AXIS2_PLACEMENT_3D('',#392,#393,#394);
#392 = CARTESIAN_POINT('',(-10.5,23.5,0.));
#393 = DIRECTION('',(0.,0.,1.));
#394 = DIRECTION('',(1.,0.,-0.));
#395 = PCURVE('',#73,#396);
#396 = DEFINITIONAL_REPRESENTATION('',(#397),#401);
#397 = CIRCLE('',#398,1.5);
#398 = AXIS2_PLACEMENT_2D('',#399,#400);
#399 = CARTESIAN_POINT('',(0.,28.5));
#400 = DIRECTION('',(1.,0.));
#401 = ( GEOMETRIC_REPRESENTATION_CONTEXT(2) 
PARAMETRIC_REPRESENTATION_CONTEXT() REPRESENTATION_CONTEXT('2D SPACE',''
  ) );
#402 = PCURVE('',#403,#408);
#403 = PLANE('',#404);
#404 = AXIS2_PLACEMENT_3D('',#405,#406,#407);
#405 = CARTESIAN_POINT('',(-10.5,-5.,0.));
#406 = DIRECTION('',(0.,0.,1.));
#407 = DIRECTION('',(1.,0.,-0.));
#408 = DEFINITIONAL_REPRESENTATION('',(#409),#413);
#409 = CIRCLE('',#410,1.5);
#410 = AXIS2_PLACEMENT_2D('',#411,#412);
#411 = CARTESIAN_POINT('',(0.,28.5));
#412 = DIRECTION('',(1.,0.));
#413 = ( GEOMETRIC_REPRESENTATION_CONTEXT(2) 
PARAMETRIC_REPRESENTATION_CONTEXT() REPRESENTATION_CONTEXT('2D SPACE',''
  ) );
#414 = ADVANCED_FACE('',(#415),#130,.T.);
#415 = FACE_BOUND('',#416,.T.);
#416 = EDGE_LOOP('',(#417,#418,#445));
#417 = ORIENTED_EDGE('',*,*,#173,.T.);
#418 = ORIENTED_EDGE('',*,*,#419,.T.);
#419 = EDGE_CURVE('',#174,#115,#420,.T.);
#420 = SURFACE_CURVE('',#421,(#426,#433),.PCURVE_S1.);
#421 = CIRCLE('',#422,1.5);
#422 = AXIS2_PLACEMENT_3D('',#423,#424,#425);
#423 = CARTESIAN_POINT('',(10.5,23.5,0.));
#424 = DIRECTION('',(0.,0.,1.));
#425 = DIRECTION('',(1.,0.,-0.));
#426 = PCURVE('',#130,#427);
#427 = DEFINITIONAL_REPRESENTATION('',(#428),#432);
#428 = CIRCLE('',#429,1.5);
#429 = AXIS2_PLACEMENT_2D('',#430,#431);
#430 = CARTESIAN_POINT('',(0.,0.));
#431 = DIRECTION('',(1.,0.));
#432 = ( GEOMETRIC_REPRESENTATION_CONTEXT(2) 
PARAMETRIC_REPRESENTATION_CONTEXT() REPRESENTATION_CONTEXT('2D SPACE',''
  ) );
#433 = PCURVE('',#434,#439);
#434 = CYLINDRICAL_SURFACE('',#435,1.5);
#435 = AXIS2_PLACEMENT_3D('',#436,#437,#438);
#436 = CARTESIAN_POINT('',(10.5,23.5,-1.));
#437 = DIRECTION('',(0.,0.,1.));
#438 = DIRECTION('',(1.,0.,-0.));
#439 = DEFINITIONAL_REPRESENTATION('',(#440),#444);
#440 = LINE('',#441,#442);
#441 = CARTESIAN_POINT('',(0.,1.));
#442 = VECTOR('',#443,1.);
#443 = DIRECTION('',(1.,0.));
#444 = ( GEOMETRIC_REPRESENTATION_CONTEXT(2) 
PARAMETRIC_REPRESENTATION_CONTEXT() REPRESENTATION_CONTEXT('2D SPACE',''
  ) );
#445 = ORIENTED_EDGE('',*,*,#114,.F.);
#446 = ADVANCED_FACE('',(#447),#157,.T.);
#447 = FACE_BOUND('',#448,.T.);
#448 = EDGE_LOOP('',(#449,#450,#478,#505));
#449 = ORIENTED_EDGE('',*,*,#142,.F.);
#450 = ORIENTED_EDGE('',*,*,#451,.F.);
#451 = EDGE_CURVE('',#452,#115,#454,.T.);
#452 = VERTEX_POINT('',#453);
#453 = CARTESIAN_POINT('',(-10.5,25.,0.));
#454 = SURFACE_CURVE('',#455,(#459,#466),.PCURVE_S1.);
#455 = LINE('',#456,#457);
#456 = CARTESIAN_POINT('',(-10.5,25.,0.));
#457 = VECTOR('',#458,1.);
#458 = DIRECTION('',(1.,0.,-0.));
#459 = PCURVE('',#157,#460);
#460 = DEFINITIONAL_REPRESENTATION('',(#461),#465);
#461 = LINE('',#462,#463);
#462 = CARTESIAN_POINT('',(0.,30.));
#463 = VECTOR('',#464,1.);
#464 = DIRECTION('',(1.,0.));
#465 = ( GEOMETRIC_REPRESENTATION_CONTEXT(2) 
PARAMETRIC_REPRESENTATION_CONTEXT() REPRESENTATION_CONTEXT('2D SPACE',''
  ) );
#466 = PCURVE('',#467,#472);
#467 = PLANE('',#468);
#468 = AXIS2_PLACEMENT_3D('',#469,#470,#471);
#469 = CARTESIAN_POINT('',(-10.5,25.,-1.));
#470 = DIRECTION('',(-0.,1.,0.));
#471 = DIRECTION('',(0.,0.,1.));
#472 = DEFINITIONAL_REPRESENTATION('',(#473),#477);
#473 = LINE('',#474,#475);
#474 = CARTESIAN_POINT('',(1.,0.));
#475 = VECTOR('',#476,1.);
#476 = DIRECTION('',(0.,1.));
#477 = ( GEOMETRIC_REPRESENTATION_CONTEXT(2) 
PARAMETRIC_REPRESENTATION_CONTEXT() REPRESENTATION_CONTEXT('2D SPACE',''
  ) );
#478 = ORIENTED_EDGE('',*,*,#479,.F.);
#479 = EDGE_CURVE('',#366,#452,#480,.T.);
#480 = SURFACE_CURVE('',#481,(#486,#493),.PCURVE_S1.);
#481 = CIRCLE('',#482,1.5);
#482 = AXIS2_PLACEMENT_3D('',#483,#484,#485);
#483 = CARTESIAN_POINT('',(-10.5,23.5,0.));
#484 = DIRECTION('',(0.,0.,1.));
#485 = DIRECTION('',(1.,0.,-0.));
#486 = PCURVE('',#157,#487);
#487 = DEFINITIONAL_REPRESENTATION('',(#488),#492);
#488 = CIRCLE('',#489,1.5);
#489 = AXIS2_PLACEMENT_2D('',#490,#491);
#490 = CARTESIAN_POINT('',(0.,28.5));
#491 = DIRECTION('',(1.,0.));
#492 = ( GEOMETRIC_REPRESENTATION_CONTEXT(2) 
PARAMETRIC_REPRESENTATION_CONTEXT() REPRESENTATION_CONTEXT('2D SPACE',''
  ) );
#493 = PCURVE('',#494,#499);
#494 = PLANE('',#495);
#495 = AXIS2_PLACEMENT_3D('',#496,#497,#498);
#496 = CARTESIAN_POINT('',(-10.5,-5.,0.));
#497 = DIRECTION('',(0.,0.,1.));
#498 = DIRECTION('',(1.,0.,-0.));
#499 = DEFINITIONAL_REPRESENTATION('',(#500),#504);
#500 = CIRCLE('',#501,1.5);
#501 = AXIS2_PLACEMENT_2D('',#502,#503);
#502 = CARTESIAN_POINT('',(0.,28.5));
#503 = DIRECTION('',(1.,0.));
#504 = ( GEOMETRIC_REPRESENTATION_CONTEXT(2) 
PARAMETRIC_REPRESENTATION_CONTEXT() REPRESENTATION_CONTEXT('2D SPACE',''
  ) );
#505 = ORIENTED_EDGE('',*,*,#365,.T.);
#506 = ADVANCED_FACE('',(#507),#212,.T.);
#507 = FACE_BOUND('',#508,.T.);
#508 = EDGE_LOOP('',(#509,#537,#538,#539));
#509 = ORIENTED_EDGE('',*,*,#510,.T.);
#510 = EDGE_CURVE('',#511,#174,#513,.T.);
#511 = VERTEX_POINT('',#512);
#512 = CARTESIAN_POINT('',(12.,-3.5,0.));
#513 = SURFACE_CURVE('',#514,(#518,#525),.PCURVE_S1.);
#514 = LINE('',#515,#516);
#515 = CARTESIAN_POINT('',(12.,-3.5,0.));
#516 = VECTOR('',#517,1.);
#517 = DIRECTION('',(-0.,1.,0.));
#518 = PCURVE('',#212,#519);
#519 = DEFINITIONAL_REPRESENTATION('',(#520),#524);
#520 = LINE('',#521,#522);
#521 = CARTESIAN_POINT('',(24.,0.));
#522 = VECTOR('',#523,1.);
#523 = DIRECTION('',(0.,1.));
#524 = ( GEOMETRIC_REPRESENTATION_CONTEXT(2) 
PARAMETRIC_REPRESENTATION_CONTEXT() REPRESENTATION_CONTEXT('2D SPACE',''
  ) );
#525 = PCURVE('',#526,#531);
#526 = PLANE('',#527);
#527 = AXIS2_PLACEMENT_3D('',#528,#529,#530);
#528 = CARTESIAN_POINT('',(12.,-3.5,-1.));
#529 = DIRECTION('',(1.,0.,-0.));
#530 = DIRECTION('',(0.,0.,1.));
#531 = DEFINITIONAL_REPRESENTATION('',(#532),#536);
#532 = LINE('',#533,#534);
#533 = CARTESIAN_POINT('',(1.,0.));
#534 = VECTOR('',#535,1.);
#535 = DIRECTION('',(0.,-1.));
#536 = ( GEOMETRIC_REPRESENTATION_CONTEXT(2) 
PARAMETRIC_REPRESENTATION_CONTEXT() REPRESENTATION_CONTEXT('2D SPACE',''
  ) );
#537 = ORIENTED_EDGE('',*,*,#197,.F.);
#538 = ORIENTED_EDGE('',*,*,#343,.F.);
#539 = ORIENTED_EDGE('',*,*,#540,.F.);
#540 = EDGE_CURVE('',#511,#315,#541,.T.);
#541 = SURFACE_CURVE('',#542,(#547,#554),.PCURVE_S1.);
#542 = CIRCLE('',#543,1.5);
#543 = AXIS2_PLACEMENT_3D('',#544,#545,#546);
#544 = CARTESIAN_POINT('',(10.5,-3.5,0.));
#545 = DIRECTION('',(0.,0.,1.));
#546 = DIRECTION('',(1.,0.,-0.));
#547 = PCURVE('',#212,#548);
#548 = DEFINITIONAL_REPRESENTATION('',(#549),#553);
#549 = CIRCLE('',#550,1.5);
#550 = AXIS2_PLACEMENT_2D('',#551,#552);
#551 = CARTESIAN_POINT('',(22.5,0.));
#552 = DIRECTION('',(1.,0.));
#553 = ( GEOMETRIC_REPRESENTATION_CONTEXT(2) 
PARAMETRIC_REPRESENTATION_CONTEXT() REPRESENTATION_CONTEXT('2D SPACE',''
  ) );
#554 = PCURVE('',#555,#560);
#555 = PLANE('',#556);
#556 = AXIS2_PLACEMENT_3D('',#557,#558,#559);
#557 = CARTESIAN_POINT('',(-12.,-3.5,0.));
#558 = DIRECTION('',(0.,0.,1.));
#559 = DIRECTION('',(1.,0.,-0.));
#560 = DEFINITIONAL_REPRESENTATION('',(#561),#565);
#561 = CIRCLE('',#562,1.5);
#562 = AXIS2_PLACEMENT_2D('',#563,#564);
#563 = CARTESIAN_POINT('',(22.5,0.));
#564 = DIRECTION('',(1.,0.));
#565 = ( GEOMETRIC_REPRESENTATION_CONTEXT(2) 
PARAMETRIC_REPRESENTATION_CONTEXT() REPRESENTATION_CONTEXT('2D SPACE',''
  ) );
#566 = ADVANCED_FACE('',(#567),#245,.T.);
#567 = FACE_BOUND('',#568,.T.);
#568 = EDGE_LOOP('',(#569,#598,#626,#653));
#569 = ORIENTED_EDGE('',*,*,#570,.F.);
#570 = EDGE_CURVE('',#571,#230,#573,.T.);
#571 = VERTEX_POINT('',#572);
#572 = CARTESIAN_POINT('',(-12.,23.5,0.));
#573 = SURFACE_CURVE('',#574,(#579,#586),.PCURVE_S1.);
#574 = CIRCLE('',#575,1.5);
#575 = AXIS2_PLACEMENT_3D('',#576,#577,#578);
#576 = CARTESIAN_POINT('',(-10.5,23.5,0.));
#577 = DIRECTION('',(0.,0.,1.));
#578 = DIRECTION('',(1.,0.,-0.));
#579 = PCURVE('',#245,#580);
#580 = DEFINITIONAL_REPRESENTATION('',(#581),#585);
#581 = CIRCLE('',#582,1.5);
#582 = AXIS2_PLACEMENT_2D('',#583,#584);
#583 = CARTESIAN_POINT('',(1.5,27.));
#584 = DIRECTION('',(1.,0.));
#585 = ( GEOMETRIC_REPRESENTATION_CONTEXT(2) 
PARAMETRIC_REPRESENTATION_CONTEXT() REPRESENTATION_CONTEXT('2D SPACE',''
  ) );
#586 = PCURVE('',#587,#592);
#587 = PLANE('',#588);
#588 = AXIS2_PLACEMENT_3D('',#589,#590,#591);
#589 = CARTESIAN_POINT('',(-12.,-3.5,0.));
#590 = DIRECTION('',(0.,0.,1.));
#591 = DIRECTION('',(1.,0.,-0.));
#592 = DEFINITIONAL_REPRESENTATION('',(#593),#597);
#593 = CIRCLE('',#594,1.5);
#594 = AXIS2_PLACEMENT_2D('',#595,#596);
#595 = CARTESIAN_POINT('',(1.5,27.));
#596 = DIRECTION('',(1.,0.));
#597 = ( GEOMETRIC_REPRESENTATION_CONTEXT(2) 
PARAMETRIC_REPRESENTATION_CONTEXT() REPRESENTATION_CONTEXT('2D SPACE',''
  ) );
#598 = ORIENTED_EDGE('',*,*,#599,.F.);
#599 = EDGE_CURVE('',#600,#571,#602,.T.);
#600 = VERTEX_POINT('',#601);
#601 = CARTESIAN_POINT('',(-12.,-3.5,0.));
#602 = SURFACE_CURVE('',#603,(#607,#614),.PCURVE_S1.);
#603 = LINE('',#604,#605);
#604 = CARTESIAN_POINT('',(-12.,-3.5,0.));
#605 = VECTOR('',#606,1.);
#606 = DIRECTION('',(-0.,1.,0.));
#607 = PCURVE('',#245,#608);
#608 = DEFINITIONAL_REPRESENTATION('',(#609),#613);
#609 = LINE('',#610,#611);
#610 = CARTESIAN_POINT('',(0.,0.));
#611 = VECTOR('',#612,1.);
#612 = DIRECTION('',(0.,1.));
#613 = ( GEOMETRIC_REPRESENTATION_CONTEXT(2) 
PARAMETRIC_REPRESENTATION_CONTEXT() REPRESENTATION_CONTEXT('2D SPACE',''
  ) );
#614 = PCURVE('',#615,#620);
#615 = PLANE('',#616);
#616 = AXIS2_PLACEMENT_3D('',#617,#618,#619);
#617 = CARTESIAN_POINT('',(-12.,-3.5,-1.));
#618 = DIRECTION('',(1.,0.,-0.));
#619 = DIRECTION('',(0.,0.,1.));
#620 = DEFINITIONAL_REPRESENTATION('',(#621),#625);
#621 = LINE('',#622,#623);
#622 = CARTESIAN_POINT('',(1.,0.));
#623 = VECTOR('',#624,1.);
#624 = DIRECTION('',(0.,-1.));
#625 = ( GEOMETRIC_REPRESENTATION_CONTEXT(2) 
PARAMETRIC_REPRESENTATION_CONTEXT() REPRESENTATION_CONTEXT('2D SPACE',''
  ) );
#626 = ORIENTED_EDGE('',*,*,#627,.F.);
#627 = EDGE_CURVE('',#228,#600,#628,.T.);
#628 = SURFACE_CURVE('',#629,(#634,#641),.PCURVE_S1.);
#629 = CIRCLE('',#630,1.5);
#630 = AXIS2_PLACEMENT_3D('',#631,#632,#633);
#631 = CARTESIAN_POINT('',(-10.5,-3.5,0.));
#632 = DIRECTION('',(0.,0.,1.));
#633 = DIRECTION('',(1.,0.,-0.));
#634 = PCURVE('',#245,#635);
#635 = DEFINITIONAL_REPRESENTATION('',(#636),#640);
#636 = CIRCLE('',#637,1.5);
#637 = AXIS2_PLACEMENT_2D('',#638,#639);
#638 = CARTESIAN_POINT('',(1.5,0.));
#639 = DIRECTION('',(1.,0.));
#640 = ( GEOMETRIC_REPRESENTATION_CONTEXT(2) 
PARAMETRIC_REPRESENTATION_CONTEXT() REPRESENTATION_CONTEXT('2D SPACE',''
  ) );
#641 = PCURVE('',#642,#647);
#642 = PLANE('',#643);
#643 = AXIS2_PLACEMENT_3D('',#644,#645,#646);
#644 = CARTESIAN_POINT('',(-12.,-3.5,0.));
#645 = DIRECTION('',(0.,0.,1.));
#646 = DIRECTION('',(1.,0.,-0.));
#647 = DEFINITIONAL_REPRESENTATION('',(#648),#652);
#648 = CIRCLE('',#649,1.5);
#649 = AXIS2_PLACEMENT_2D('',#650,#651);
#650 = CARTESIAN_POINT('',(1.5,0.));
#651 = DIRECTION('',(1.,0.));
#652 = ( GEOMETRIC_REPRESENTATION_CONTEXT(2) 
PARAMETRIC_REPRESENTATION_CONTEXT() REPRESENTATION_CONTEXT('2D SPACE',''
  ) );
#653 = ORIENTED_EDGE('',*,*,#227,.T.);
#654 = ADVANCED_FACE('',(#655),#403,.T.);
#655 = FACE_BOUND('',#656,.T.);
#656 = EDGE_LOOP('',(#657,#680,#681));
#657 = ORIENTED_EDGE('',*,*,#658,.F.);
#658 = EDGE_CURVE('',#230,#659,#661,.T.);
#659 = VERTEX_POINT('',#660);
#660 = CARTESIAN_POINT('',(-10.5,23.5,0.));
#661 = SURFACE_CURVE('',#662,(#666,#673),.PCURVE_S1.);
#662 = LINE('',#663,#664);
#663 = CARTESIAN_POINT('',(-10.5,-5.,0.));
#664 = VECTOR('',#665,1.);
#665 = DIRECTION('',(-0.,1.,0.));
#666 = PCURVE('',#403,#667);
#667 = DEFINITIONAL_REPRESENTATION('',(#668),#672);
#668 = LINE('',#669,#670);
#669 = CARTESIAN_POINT('',(0.,0.));
#670 = VECTOR('',#671,1.);
#671 = DIRECTION('',(0.,1.));
#672 = ( GEOMETRIC_REPRESENTATION_CONTEXT(2) 
PARAMETRIC_REPRESENTATION_CONTEXT() REPRESENTATION_CONTEXT('2D SPACE',''
  ) );
#673 = PCURVE('',#587,#674);
#674 = DEFINITIONAL_REPRESENTATION('',(#675),#679);
#675 = LINE('',#676,#677);
#676 = CARTESIAN_POINT('',(1.5,-1.5));
#677 = VECTOR('',#678,1.);
#678 = DIRECTION('',(0.,1.));
#679 = ( GEOMETRIC_REPRESENTATION_CONTEXT(2) 
PARAMETRIC_REPRESENTATION_CONTEXT() REPRESENTATION_CONTEXT('2D SPACE',''
  ) );
#680 = ORIENTED_EDGE('',*,*,#388,.T.);
#681 = ORIENTED_EDGE('',*,*,#682,.F.);
#682 = EDGE_CURVE('',#659,#366,#683,.T.);
#683 = SURFACE_CURVE('',#684,(#688,#695),.PCURVE_S1.);
#684 = LINE('',#685,#686);
#685 = CARTESIAN_POINT('',(-12.,23.5,0.));
#686 = VECTOR('',#687,1.);
#687 = DIRECTION('',(1.,0.,-0.));
#688 = PCURVE('',#403,#689);
#689 = DEFINITIONAL_REPRESENTATION('',(#690),#694);
#690 = LINE('',#691,#692);
#691 = CARTESIAN_POINT('',(-1.5,28.5));
#692 = VECTOR('',#693,1.);
#693 = DIRECTION('',(1.,0.));
#694 = ( GEOMETRIC_REPRESENTATION_CONTEXT(2) 
PARAMETRIC_REPRESENTATION_CONTEXT() REPRESENTATION_CONTEXT('2D SPACE',''
  ) );
#695 = PCURVE('',#494,#696);
#696 = DEFINITIONAL_REPRESENTATION('',(#697),#701);
#697 = LINE('',#698,#699);
#698 = CARTESIAN_POINT('',(-1.5,28.5));
#699 = VECTOR('',#700,1.);
#700 = DIRECTION('',(1.,0.));
#701 = ( GEOMETRIC_REPRESENTATION_CONTEXT(2) 
PARAMETRIC_REPRESENTATION_CONTEXT() REPRESENTATION_CONTEXT('2D SPACE',''
  ) );
#702 = ADVANCED_FACE('',(#703),#331,.T.);
#703 = FACE_BOUND('',#704,.T.);
#704 = EDGE_LOOP('',(#705,#706,#734));
#705 = ORIENTED_EDGE('',*,*,#314,.T.);
#706 = ORIENTED_EDGE('',*,*,#707,.T.);
#707 = EDGE_CURVE('',#287,#708,#710,.T.);
#708 = VERTEX_POINT('',#709);
#709 = CARTESIAN_POINT('',(10.5,-3.5,0.));
#710 = SURFACE_CURVE('',#711,(#715,#722),.PCURVE_S1.);
#711 = LINE('',#712,#713);
#712 = CARTESIAN_POINT('',(-12.,-3.5,0.));
#713 = VECTOR('',#714,1.);
#714 = DIRECTION('',(1.,0.,-0.));
#715 = PCURVE('',#331,#716);
#716 = DEFINITIONAL_REPRESENTATION('',(#717),#721);
#717 = LINE('',#718,#719);
#718 = CARTESIAN_POINT('',(-1.5,1.5));
#719 = VECTOR('',#720,1.);
#720 = DIRECTION('',(1.,0.));
#721 = ( GEOMETRIC_REPRESENTATION_CONTEXT(2) 
PARAMETRIC_REPRESENTATION_CONTEXT() REPRESENTATION_CONTEXT('2D SPACE',''
  ) );
#722 = PCURVE('',#723,#728);
#723 = PLANE('',#724);
#724 = AXIS2_PLACEMENT_3D('',#725,#726,#727);
#725 = CARTESIAN_POINT('',(-10.5,-5.,0.));
#726 = DIRECTION('',(0.,0.,1.));
#727 = DIRECTION('',(1.,0.,-0.));
#728 = DEFINITIONAL_REPRESENTATION('',(#729),#733);
#729 = LINE('',#730,#731);
#730 = CARTESIAN_POINT('',(-1.5,1.5));
#731 = VECTOR('',#732,1.);
#732 = DIRECTION('',(1.,0.));
#733 = ( GEOMETRIC_REPRESENTATION_CONTEXT(2) 
PARAMETRIC_REPRESENTATION_CONTEXT() REPRESENTATION_CONTEXT('2D SPACE',''
  ) );
#734 = ORIENTED_EDGE('',*,*,#735,.T.);
#735 = EDGE_CURVE('',#708,#315,#736,.T.);
#736 = SURFACE_CURVE('',#737,(#741,#748),.PCURVE_S1.);
#737 = LINE('',#738,#739);
#738 = CARTESIAN_POINT('',(10.5,-5.,0.));
#739 = VECTOR('',#740,1.);
#740 = DIRECTION('',(-0.,1.,0.));
#741 = PCURVE('',#331,#742);
#742 = DEFINITIONAL_REPRESENTATION('',(#743),#747);
#743 = LINE('',#744,#745);
#744 = CARTESIAN_POINT('',(21.,0.));
#745 = VECTOR('',#746,1.);
#746 = DIRECTION('',(0.,1.));
#747 = ( GEOMETRIC_REPRESENTATION_CONTEXT(2) 
PARAMETRIC_REPRESENTATION_CONTEXT() REPRESENTATION_CONTEXT('2D SPACE',''
  ) );
#748 = PCURVE('',#555,#749);
#749 = DEFINITIONAL_REPRESENTATION('',(#750),#754);
#750 = LINE('',#751,#752);
#751 = CARTESIAN_POINT('',(22.5,-1.5));
#752 = VECTOR('',#753,1.);
#753 = DIRECTION('',(0.,1.));
#754 = ( GEOMETRIC_REPRESENTATION_CONTEXT(2) 
PARAMETRIC_REPRESENTATION_CONTEXT() REPRESENTATION_CONTEXT('2D SPACE',''
  ) );
#755 = ADVANCED_FACE('',(#756),#302,.T.);
#756 = FACE_BOUND('',#757,.T.);
#757 = EDGE_LOOP('',(#758,#787,#816,#844,#873,#895));
#758 = ORIENTED_EDGE('',*,*,#759,.F.);
#759 = EDGE_CURVE('',#760,#258,#762,.T.);
#760 = VERTEX_POINT('',#761);
#761 = CARTESIAN_POINT('',(-9.086496812715,-4.002004720629,0.));
#762 = SURFACE_CURVE('',#763,(#768,#775),.PCURVE_S1.);
#763 = CIRCLE('',#764,1.5);
#764 = AXIS2_PLACEMENT_3D('',#765,#766,#767);
#765 = CARTESIAN_POINT('',(-10.5,-3.5,0.));
#766 = DIRECTION('',(0.,0.,1.));
#767 = DIRECTION('',(1.,0.,-0.));
#768 = PCURVE('',#302,#769);
#769 = DEFINITIONAL_REPRESENTATION('',(#770),#774);
#770 = CIRCLE('',#771,1.5);
#771 = AXIS2_PLACEMENT_2D('',#772,#773);
#772 = CARTESIAN_POINT('',(0.,1.5));
#773 = DIRECTION('',(1.,0.));
#774 = ( GEOMETRIC_REPRESENTATION_CONTEXT(2) 
PARAMETRIC_REPRESENTATION_CONTEXT() REPRESENTATION_CONTEXT('2D SPACE',''
  ) );
#775 = PCURVE('',#776,#781);
#776 = PLANE('',#777);
#777 = AXIS2_PLACEMENT_3D('',#778,#779,#780);
#778 = CARTESIAN_POINT('',(-10.5,-5.,0.));
#779 = DIRECTION('',(0.,0.,1.));
#780 = DIRECTION('',(1.,0.,-0.));
#781 = DEFINITIONAL_REPRESENTATION('',(#782),#786);
#782 = CIRCLE('',#783,1.5);
#783 = AXIS2_PLACEMENT_2D('',#784,#785);
#784 = CARTESIAN_POINT('',(0.,1.5));
#785 = DIRECTION('',(1.,0.));
#786 = ( GEOMETRIC_REPRESENTATION_CONTEXT(2) 
PARAMETRIC_REPRESENTATION_CONTEXT() REPRESENTATION_CONTEXT('2D SPACE',''
  ) );
#787 = ORIENTED_EDGE('',*,*,#788,.F.);
#788 = EDGE_CURVE('',#789,#760,#791,.T.);
#789 = VERTEX_POINT('',#790);
#790 = CARTESIAN_POINT('',(-6.755451257217,-5.,0.));
#791 = SURFACE_CURVE('',#792,(#797,#804),.PCURVE_S1.);
#792 = CIRCLE('',#793,3.5);
#793 = AXIS2_PLACEMENT_3D('',#794,#795,#796);
#794 = CARTESIAN_POINT('',(-9.204941,-7.5,0.));
#795 = DIRECTION('',(0.,0.,1.));
#796 = DIRECTION('',(1.,0.,-0.));
#797 = PCURVE('',#302,#798);
#798 = DEFINITIONAL_REPRESENTATION('',(#799),#803);
#799 = CIRCLE('',#800,3.5);
#800 = AXIS2_PLACEMENT_2D('',#801,#802);
#801 = CARTESIAN_POINT('',(1.295059,-2.5));
#802 = DIRECTION('',(1.,0.));
#803 = ( GEOMETRIC_REPRESENTATION_CONTEXT(2) 
PARAMETRIC_REPRESENTATION_CONTEXT() REPRESENTATION_CONTEXT('2D SPACE',''
  ) );
#804 = PCURVE('',#805,#810);
#805 = PLANE('',#806);
#806 = AXIS2_PLACEMENT_3D('',#807,#808,#809);
#807 = CARTESIAN_POINT('',(-10.5,-5.,0.));
#808 = DIRECTION('',(0.,0.,1.));
#809 = DIRECTION('',(1.,0.,-0.));
#810 = DEFINITIONAL_REPRESENTATION('',(#811),#815);
#811 = CIRCLE('',#812,3.5);
#812 = AXIS2_PLACEMENT_2D('',#813,#814);
#813 = CARTESIAN_POINT('',(1.295059,-2.5));
#814 = DIRECTION('',(1.,0.));
#815 = ( GEOMETRIC_REPRESENTATION_CONTEXT(2) 
PARAMETRIC_REPRESENTATION_CONTEXT() REPRESENTATION_CONTEXT('2D SPACE',''
  ) );
#816 = ORIENTED_EDGE('',*,*,#817,.T.);
#817 = EDGE_CURVE('',#789,#818,#820,.T.);
#818 = VERTEX_POINT('',#819);
#819 = CARTESIAN_POINT('',(6.755475257217,-5.,0.));
#820 = SURFACE_CURVE('',#821,(#825,#832),.PCURVE_S1.);
#821 = LINE('',#822,#823);
#822 = CARTESIAN_POINT('',(-10.5,-5.,0.));
#823 = VECTOR('',#824,1.);
#824 = DIRECTION('',(1.,0.,-0.));
#825 = PCURVE('',#302,#826);
#826 = DEFINITIONAL_REPRESENTATION('',(#827),#831);
#827 = LINE('',#828,#829);
#828 = CARTESIAN_POINT('',(0.,0.));
#829 = VECTOR('',#830,1.);
#830 = DIRECTION('',(1.,0.));
#831 = ( GEOMETRIC_REPRESENTATION_CONTEXT(2) 
PARAMETRIC_REPRESENTATION_CONTEXT() REPRESENTATION_CONTEXT('2D SPACE',''
  ) );
#832 = PCURVE('',#833,#838);
#833 = PLANE('',#834);
#834 = AXIS2_PLACEMENT_3D('',#835,#836,#837);
#835 = CARTESIAN_POINT('',(-10.5,-5.,-1.));
#836 = DIRECTION('',(-0.,1.,0.));
#837 = DIRECTION('',(0.,0.,1.));
#838 = DEFINITIONAL_REPRESENTATION('',(#839),#843);
#839 = LINE('',#840,#841);
#840 = CARTESIAN_POINT('',(1.,0.));
#841 = VECTOR('',#842,1.);
#842 = DIRECTION('',(0.,1.));
#843 = ( GEOMETRIC_REPRESENTATION_CONTEXT(2) 
PARAMETRIC_REPRESENTATION_CONTEXT() REPRESENTATION_CONTEXT('2D SPACE',''
  ) );
#844 = ORIENTED_EDGE('',*,*,#845,.F.);
#845 = EDGE_CURVE('',#846,#818,#848,.T.);
#846 = VERTEX_POINT('',#847);
#847 = CARTESIAN_POINT('',(9.086497097927,-4.002005523707,0.));
#848 = SURFACE_CURVE('',#849,(#854,#861),.PCURVE_S1.);
#849 = CIRCLE('',#850,3.5);
#850 = AXIS2_PLACEMENT_3D('',#851,#852,#853);
#851 = CARTESIAN_POINT('',(9.204965,-7.5,0.));
#852 = DIRECTION('',(0.,0.,1.));
#853 = DIRECTION('',(1.,0.,-0.));
#854 = PCURVE('',#302,#855);
#855 = DEFINITIONAL_REPRESENTATION('',(#856),#860);
#856 = CIRCLE('',#857,3.5);
#857 = AXIS2_PLACEMENT_2D('',#858,#859);
#858 = CARTESIAN_POINT('',(19.704965,-2.5));
#859 = DIRECTION('',(1.,0.));
#860 = ( GEOMETRIC_REPRESENTATION_CONTEXT(2) 
PARAMETRIC_REPRESENTATION_CONTEXT() REPRESENTATION_CONTEXT('2D SPACE',''
  ) );
#861 = PCURVE('',#862,#867);
#862 = PLANE('',#863);
#863 = AXIS2_PLACEMENT_3D('',#864,#865,#866);
#864 = CARTESIAN_POINT('',(-10.5,-5.,0.));
#865 = DIRECTION('',(0.,0.,1.));
#866 = DIRECTION('',(1.,0.,-0.));
#867 = DEFINITIONAL_REPRESENTATION('',(#868),#872);
#868 = CIRCLE('',#869,3.5);
#869 = AXIS2_PLACEMENT_2D('',#870,#871);
#870 = CARTESIAN_POINT('',(19.704965,-2.5));
#871 = DIRECTION('',(1.,0.));
#872 = ( GEOMETRIC_REPRESENTATION_CONTEXT(2) 
PARAMETRIC_REPRESENTATION_CONTEXT() REPRESENTATION_CONTEXT('2D SPACE',''
  ) );
#873 = ORIENTED_EDGE('',*,*,#874,.F.);
#874 = EDGE_CURVE('',#287,#846,#875,.T.);
#875 = SURFACE_CURVE('',#876,(#881,#888),.PCURVE_S1.);
#876 = CIRCLE('',#877,1.5);
#877 = AXIS2_PLACEMENT_3D('',#878,#879,#880);
#878 = CARTESIAN_POINT('',(10.5,-3.5,0.));
#879 = DIRECTION('',(0.,0.,1.));
#880 = DIRECTION('',(1.,0.,-0.));
#881 = PCURVE('',#302,#882);
#882 = DEFINITIONAL_REPRESENTATION('',(#883),#887);
#883 = CIRCLE('',#884,1.5);
#884 = AXIS2_PLACEMENT_2D('',#885,#886);
#885 = CARTESIAN_POINT('',(21.,1.5));
#886 = DIRECTION('',(1.,0.));
#887 = ( GEOMETRIC_REPRESENTATION_CONTEXT(2) 
PARAMETRIC_REPRESENTATION_CONTEXT() REPRESENTATION_CONTEXT('2D SPACE',''
  ) );
#888 = PCURVE('',#723,#889);
#889 = DEFINITIONAL_REPRESENTATION('',(#890),#894);
#890 = CIRCLE('',#891,1.5);
#891 = AXIS2_PLACEMENT_2D('',#892,#893);
#892 = CARTESIAN_POINT('',(21.,1.5));
#893 = DIRECTION('',(1.,0.));
#894 = ( GEOMETRIC_REPRESENTATION_CONTEXT(2) 
PARAMETRIC_REPRESENTATION_CONTEXT() REPRESENTATION_CONTEXT('2D SPACE',''
  ) );
#895 = ORIENTED_EDGE('',*,*,#286,.F.);
#896 = ADVANCED_FACE('',(#897),#274,.T.);
#897 = FACE_BOUND('',#898,.T.);
#898 = EDGE_LOOP('',(#899,#922,#943));
#899 = ORIENTED_EDGE('',*,*,#900,.F.);
#900 = EDGE_CURVE('',#901,#228,#903,.T.);
#901 = VERTEX_POINT('',#902);
#902 = CARTESIAN_POINT('',(-10.5,-3.5,0.));
#903 = SURFACE_CURVE('',#904,(#908,#915),.PCURVE_S1.);
#904 = LINE('',#905,#906);
#905 = CARTESIAN_POINT('',(-10.5,-5.,0.));
#906 = VECTOR('',#907,1.);
#907 = DIRECTION('',(-0.,1.,0.));
#908 = PCURVE('',#274,#909);
#909 = DEFINITIONAL_REPRESENTATION('',(#910),#914);
#910 = LINE('',#911,#912);
#911 = CARTESIAN_POINT('',(0.,0.));
#912 = VECTOR('',#913,1.);
#913 = DIRECTION('',(0.,1.));
#914 = ( GEOMETRIC_REPRESENTATION_CONTEXT(2) 
PARAMETRIC_REPRESENTATION_CONTEXT() REPRESENTATION_CONTEXT('2D SPACE',''
  ) );
#915 = PCURVE('',#642,#916);
#916 = DEFINITIONAL_REPRESENTATION('',(#917),#921);
#917 = LINE('',#918,#919);
#918 = CARTESIAN_POINT('',(1.5,-1.5));
#919 = VECTOR('',#920,1.);
#920 = DIRECTION('',(0.,1.));
#921 = ( GEOMETRIC_REPRESENTATION_CONTEXT(2) 
PARAMETRIC_REPRESENTATION_CONTEXT() REPRESENTATION_CONTEXT('2D SPACE',''
  ) );
#922 = ORIENTED_EDGE('',*,*,#923,.T.);
#923 = EDGE_CURVE('',#901,#258,#924,.T.);
#924 = SURFACE_CURVE('',#925,(#929,#936),.PCURVE_S1.);
#925 = LINE('',#926,#927);
#926 = CARTESIAN_POINT('',(-12.,-3.5,0.));
#927 = VECTOR('',#928,1.);
#928 = DIRECTION('',(1.,0.,-0.));
#929 = PCURVE('',#274,#930);
#930 = DEFINITIONAL_REPRESENTATION('',(#931),#935);
#931 = LINE('',#932,#933);
#932 = CARTESIAN_POINT('',(-1.5,1.5));
#933 = VECTOR('',#934,1.);
#934 = DIRECTION('',(1.,0.));
#935 = ( GEOMETRIC_REPRESENTATION_CONTEXT(2) 
PARAMETRIC_REPRESENTATION_CONTEXT() REPRESENTATION_CONTEXT('2D SPACE',''
  ) );
#936 = PCURVE('',#776,#937);
#937 = DEFINITIONAL_REPRESENTATION('',(#938),#942);
#938 = LINE('',#939,#940);
#939 = CARTESIAN_POINT('',(-1.5,1.5));
#940 = VECTOR('',#941,1.);
#941 = DIRECTION('',(1.,0.));
#942 = ( GEOMETRIC_REPRESENTATION_CONTEXT(2) 
PARAMETRIC_REPRESENTATION_CONTEXT() REPRESENTATION_CONTEXT('2D SPACE',''
  ) );
#943 = ORIENTED_EDGE('',*,*,#257,.T.);
#944 = ADVANCED_FACE('',(#945),#434,.T.);
#945 = FACE_BOUND('',#946,.T.);
#946 = EDGE_LOOP('',(#947,#948,#970,#999));
#947 = ORIENTED_EDGE('',*,*,#419,.F.);
#948 = ORIENTED_EDGE('',*,*,#949,.F.);
#949 = EDGE_CURVE('',#950,#174,#952,.T.);
#950 = VERTEX_POINT('',#951);
#951 = CARTESIAN_POINT('',(12.,23.5,-1.));
#952 = SURFACE_CURVE('',#953,(#957,#963),.PCURVE_S1.);
#953 = LINE('',#954,#955);
#954 = CARTESIAN_POINT('',(12.,23.5,-1.));
#955 = VECTOR('',#956,1.);
#956 = DIRECTION('',(0.,0.,1.));
#957 = PCURVE('',#434,#958);
#958 = DEFINITIONAL_REPRESENTATION('',(#959),#962);
#959 = B_SPLINE_CURVE_WITH_KNOTS('',1,(#960,#961),.UNSPECIFIED.,.F.,.F.,
  (2,2),(0.,1.),.PIECEWISE_BEZIER_KNOTS.);
#960 = CARTESIAN_POINT('',(0.,0.));
#961 = CARTESIAN_POINT('',(0.,1.));
#962 = ( GEOMETRIC_REPRESENTATION_CONTEXT(2) 
PARAMETRIC_REPRESENTATION_CONTEXT() REPRESENTATION_CONTEXT('2D SPACE',''
  ) );
#963 = PCURVE('',#526,#964);
#964 = DEFINITIONAL_REPRESENTATION('',(#965),#969);
#965 = LINE('',#966,#967);
#966 = CARTESIAN_POINT('',(0.,-27.));
#967 = VECTOR('',#968,1.);
#968 = DIRECTION('',(1.,0.));
#969 = ( GEOMETRIC_REPRESENTATION_CONTEXT(2) 
PARAMETRIC_REPRESENTATION_CONTEXT() REPRESENTATION_CONTEXT('2D SPACE',''
  ) );
#970 = ORIENTED_EDGE('',*,*,#971,.T.);
#971 = EDGE_CURVE('',#950,#972,#974,.T.);
#972 = VERTEX_POINT('',#973);
#973 = CARTESIAN_POINT('',(10.5,25.,-1.));
#974 = SURFACE_CURVE('',#975,(#980,#987),.PCURVE_S1.);
#975 = CIRCLE('',#976,1.5);
#976 = AXIS2_PLACEMENT_3D('',#977,#978,#979);
#977 = CARTESIAN_POINT('',(10.5,23.5,-1.));
#978 = DIRECTION('',(0.,0.,1.));
#979 = DIRECTION('',(1.,0.,-0.));
#980 = PCURVE('',#434,#981);
#981 = DEFINITIONAL_REPRESENTATION('',(#982),#986);
#982 = LINE('',#983,#984);
#983 = CARTESIAN_POINT('',(0.,0.));
#984 = VECTOR('',#985,1.);
#985 = DIRECTION('',(1.,0.));
#986 = ( GEOMETRIC_REPRESENTATION_CONTEXT(2) 
PARAMETRIC_REPRESENTATION_CONTEXT() REPRESENTATION_CONTEXT('2D SPACE',''
  ) );
#987 = PCURVE('',#988,#993);
#988 = PLANE('',#989);
#989 = AXIS2_PLACEMENT_3D('',#990,#991,#992);
#990 = CARTESIAN_POINT('',(10.5,23.5,-1.));
#991 = DIRECTION('',(0.,0.,1.));
#992 = DIRECTION('',(1.,0.,-0.));
#993 = DEFINITIONAL_REPRESENTATION('',(#994),#998);
#994 = CIRCLE('',#995,1.5);
#995 = AXIS2_PLACEMENT_2D('',#996,#997);
#996 = CARTESIAN_POINT('',(0.,0.));
#997 = DIRECTION('',(1.,0.));
#998 = ( GEOMETRIC_REPRESENTATION_CONTEXT(2) 
PARAMETRIC_REPRESENTATION_CONTEXT() REPRESENTATION_CONTEXT('2D SPACE',''
  ) );
#999 = ORIENTED_EDGE('',*,*,#1000,.T.);
#1000 = EDGE_CURVE('',#972,#115,#1001,.T.);
#1001 = SURFACE_CURVE('',#1002,(#1006,#1013),.PCURVE_S1.);
#1002 = LINE('',#1003,#1004);
#1003 = CARTESIAN_POINT('',(10.5,25.,-1.));
#1004 = VECTOR('',#1005,1.);
#1005 = DIRECTION('',(0.,0.,1.));
#1006 = PCURVE('',#434,#1007);
#1007 = DEFINITIONAL_REPRESENTATION('',(#1008),#1012);
#1008 = LINE('',#1009,#1010);
#1009 = CARTESIAN_POINT('',(1.570796326795,0.));
#1010 = VECTOR('',#1011,1.);
#1011 = DIRECTION('',(0.,1.));
#1012 = ( GEOMETRIC_REPRESENTATION_CONTEXT(2) 
PARAMETRIC_REPRESENTATION_CONTEXT() REPRESENTATION_CONTEXT('2D SPACE',''
  ) );
#1013 = PCURVE('',#467,#1014);
#1014 = DEFINITIONAL_REPRESENTATION('',(#1015),#1019);
#1015 = LINE('',#1016,#1017);
#1016 = CARTESIAN_POINT('',(0.,21.));
#1017 = VECTOR('',#1018,1.);
#1018 = DIRECTION('',(1.,0.));
#1019 = ( GEOMETRIC_REPRESENTATION_CONTEXT(2) 
PARAMETRIC_REPRESENTATION_CONTEXT() REPRESENTATION_CONTEXT('2D SPACE',''
  ) );
#1020 = ADVANCED_FACE('',(#1021),#494,.T.);
#1021 = FACE_BOUND('',#1022,.T.);
#1022 = EDGE_LOOP('',(#1023,#1049,#1050));
#1023 = ORIENTED_EDGE('',*,*,#1024,.F.);
#1024 = EDGE_CURVE('',#659,#452,#1025,.T.);
#1025 = SURFACE_CURVE('',#1026,(#1030,#1037),.PCURVE_S1.);
#1026 = LINE('',#1027,#1028);
#1027 = CARTESIAN_POINT('',(-10.5,-5.,0.));
#1028 = VECTOR('',#1029,1.);
#1029 = DIRECTION('',(-0.,1.,0.));
#1030 = PCURVE('',#494,#1031);
#1031 = DEFINITIONAL_REPRESENTATION('',(#1032),#1036);
#1032 = LINE('',#1033,#1034);
#1033 = CARTESIAN_POINT('',(0.,0.));
#1034 = VECTOR('',#1035,1.);
#1035 = DIRECTION('',(0.,1.));
#1036 = ( GEOMETRIC_REPRESENTATION_CONTEXT(2) 
PARAMETRIC_REPRESENTATION_CONTEXT() REPRESENTATION_CONTEXT('2D SPACE',''
  ) );
#1037 = PCURVE('',#1038,#1043);
#1038 = PLANE('',#1039);
#1039 = AXIS2_PLACEMENT_3D('',#1040,#1041,#1042);
#1040 = CARTESIAN_POINT('',(-10.5,23.5,0.));
#1041 = DIRECTION('',(0.,0.,1.));
#1042 = DIRECTION('',(1.,0.,-0.));
#1043 = DEFINITIONAL_REPRESENTATION('',(#1044),#1048);
#1044 = LINE('',#1045,#1046);
#1045 = CARTESIAN_POINT('',(0.,-28.5));
#1046 = VECTOR('',#1047,1.);
#1047 = DIRECTION('',(0.,1.));
#1048 = ( GEOMETRIC_REPRESENTATION_CONTEXT(2) 
PARAMETRIC_REPRESENTATION_CONTEXT() REPRESENTATION_CONTEXT('2D SPACE',''
  ) );
#1049 = ORIENTED_EDGE('',*,*,#682,.T.);
#1050 = ORIENTED_EDGE('',*,*,#479,.T.);
#1051 = ADVANCED_FACE('',(#1052),#467,.T.);
#1052 = FACE_BOUND('',#1053,.T.);
#1053 = EDGE_LOOP('',(#1054,#1082,#1108,#1109));
#1054 = ORIENTED_EDGE('',*,*,#1055,.F.);
#1055 = EDGE_CURVE('',#1056,#972,#1058,.T.);
#1056 = VERTEX_POINT('',#1057);
#1057 = CARTESIAN_POINT('',(-10.5,25.,-1.));
#1058 = SURFACE_CURVE('',#1059,(#1063,#1070),.PCURVE_S1.);
#1059 = LINE('',#1060,#1061);
#1060 = CARTESIAN_POINT('',(-10.5,25.,-1.));
#1061 = VECTOR('',#1062,1.);
#1062 = DIRECTION('',(1.,0.,-0.));
#1063 = PCURVE('',#467,#1064);
#1064 = DEFINITIONAL_REPRESENTATION('',(#1065),#1069);
#1065 = LINE('',#1066,#1067);
#1066 = CARTESIAN_POINT('',(0.,0.));
#1067 = VECTOR('',#1068,1.);
#1068 = DIRECTION('',(0.,1.));
#1069 = ( GEOMETRIC_REPRESENTATION_CONTEXT(2) 
PARAMETRIC_REPRESENTATION_CONTEXT() REPRESENTATION_CONTEXT('2D SPACE',''
  ) );
#1070 = PCURVE('',#1071,#1076);
#1071 = PLANE('',#1072);
#1072 = AXIS2_PLACEMENT_3D('',#1073,#1074,#1075);
#1073 = CARTESIAN_POINT('',(-10.5,-5.,-1.));
#1074 = DIRECTION('',(0.,0.,1.));
#1075 = DIRECTION('',(1.,0.,-0.));
#1076 = DEFINITIONAL_REPRESENTATION('',(#1077),#1081);
#1077 = LINE('',#1078,#1079);
#1078 = CARTESIAN_POINT('',(0.,30.));
#1079 = VECTOR('',#1080,1.);
#1080 = DIRECTION('',(1.,0.));
#1081 = ( GEOMETRIC_REPRESENTATION_CONTEXT(2) 
PARAMETRIC_REPRESENTATION_CONTEXT() REPRESENTATION_CONTEXT('2D SPACE',''
  ) );
#1082 = ORIENTED_EDGE('',*,*,#1083,.T.);
#1083 = EDGE_CURVE('',#1056,#452,#1084,.T.);
#1084 = SURFACE_CURVE('',#1085,(#1089,#1096),.PCURVE_S1.);
#1085 = LINE('',#1086,#1087);
#1086 = CARTESIAN_POINT('',(-10.5,25.,-1.));
#1087 = VECTOR('',#1088,1.);
#1088 = DIRECTION('',(0.,0.,1.));
#1089 = PCURVE('',#467,#1090);
#1090 = DEFINITIONAL_REPRESENTATION('',(#1091),#1095);
#1091 = LINE('',#1092,#1093);
#1092 = CARTESIAN_POINT('',(0.,0.));
#1093 = VECTOR('',#1094,1.);
#1094 = DIRECTION('',(1.,0.));
#1095 = ( GEOMETRIC_REPRESENTATION_CONTEXT(2) 
PARAMETRIC_REPRESENTATION_CONTEXT() REPRESENTATION_CONTEXT('2D SPACE',''
  ) );
#1096 = PCURVE('',#1097,#1102);
#1097 = CYLINDRICAL_SURFACE('',#1098,1.5);
#1098 = AXIS2_PLACEMENT_3D('',#1099,#1100,#1101);
#1099 = CARTESIAN_POINT('',(-10.5,23.5,-1.));
#1100 = DIRECTION('',(0.,0.,1.));
#1101 = DIRECTION('',(1.,0.,-0.));
#1102 = DEFINITIONAL_REPRESENTATION('',(#1103),#1107);
#1103 = LINE('',#1104,#1105);
#1104 = CARTESIAN_POINT('',(1.570796326795,0.));
#1105 = VECTOR('',#1106,1.);
#1106 = DIRECTION('',(0.,1.));
#1107 = ( GEOMETRIC_REPRESENTATION_CONTEXT(2) 
PARAMETRIC_REPRESENTATION_CONTEXT() REPRESENTATION_CONTEXT('2D SPACE',''
  ) );
#1108 = ORIENTED_EDGE('',*,*,#451,.T.);
#1109 = ORIENTED_EDGE('',*,*,#1000,.F.);
#1110 = ADVANCED_FACE('',(#1111),#526,.T.);
#1111 = FACE_BOUND('',#1112,.T.);
#1112 = EDGE_LOOP('',(#1113,#1140,#1166,#1167));
#1113 = ORIENTED_EDGE('',*,*,#1114,.F.);
#1114 = EDGE_CURVE('',#1115,#511,#1117,.T.);
#1115 = VERTEX_POINT('',#1116);
#1116 = CARTESIAN_POINT('',(12.,-3.5,-1.));
#1117 = SURFACE_CURVE('',#1118,(#1122,#1129),.PCURVE_S1.);
#1118 = LINE('',#1119,#1120);
#1119 = CARTESIAN_POINT('',(12.,-3.5,-1.));
#1120 = VECTOR('',#1121,1.);
#1121 = DIRECTION('',(0.,0.,1.));
#1122 = PCURVE('',#526,#1123);
#1123 = DEFINITIONAL_REPRESENTATION('',(#1124),#1128);
#1124 = LINE('',#1125,#1126);
#1125 = CARTESIAN_POINT('',(0.,0.));
#1126 = VECTOR('',#1127,1.);
#1127 = DIRECTION('',(1.,0.));
#1128 = ( GEOMETRIC_REPRESENTATION_CONTEXT(2) 
PARAMETRIC_REPRESENTATION_CONTEXT() REPRESENTATION_CONTEXT('2D SPACE',''
  ) );
#1129 = PCURVE('',#1130,#1135);
#1130 = CYLINDRICAL_SURFACE('',#1131,1.5);
#1131 = AXIS2_PLACEMENT_3D('',#1132,#1133,#1134);
#1132 = CARTESIAN_POINT('',(10.5,-3.5,-1.));
#1133 = DIRECTION('',(0.,0.,1.));
#1134 = DIRECTION('',(1.,0.,-0.));
#1135 = DEFINITIONAL_REPRESENTATION('',(#1136),#1139);
#1136 = B_SPLINE_CURVE_WITH_KNOTS('',1,(#1137,#1138),.UNSPECIFIED.,.F.,
  .F.,(2,2),(0.,1.),.PIECEWISE_BEZIER_KNOTS.);
#1137 = CARTESIAN_POINT('',(6.28318530718,0.));
#1138 = CARTESIAN_POINT('',(6.28318530718,1.));
#1139 = ( GEOMETRIC_REPRESENTATION_CONTEXT(2) 
PARAMETRIC_REPRESENTATION_CONTEXT() REPRESENTATION_CONTEXT('2D SPACE',''
  ) );
#1140 = ORIENTED_EDGE('',*,*,#1141,.T.);
#1141 = EDGE_CURVE('',#1115,#950,#1142,.T.);
#1142 = SURFACE_CURVE('',#1143,(#1147,#1154),.PCURVE_S1.);
#1143 = LINE('',#1144,#1145);
#1144 = CARTESIAN_POINT('',(12.,-3.5,-1.));
#1145 = VECTOR('',#1146,1.);
#1146 = DIRECTION('',(-0.,1.,0.));
#1147 = PCURVE('',#526,#1148);
#1148 = DEFINITIONAL_REPRESENTATION('',(#1149),#1153);
#1149 = LINE('',#1150,#1151);
#1150 = CARTESIAN_POINT('',(0.,0.));
#1151 = VECTOR('',#1152,1.);
#1152 = DIRECTION('',(0.,-1.));
#1153 = ( GEOMETRIC_REPRESENTATION_CONTEXT(2) 
PARAMETRIC_REPRESENTATION_CONTEXT() REPRESENTATION_CONTEXT('2D SPACE',''
  ) );
#1154 = PCURVE('',#1155,#1160);
#1155 = PLANE('',#1156);
#1156 = AXIS2_PLACEMENT_3D('',#1157,#1158,#1159);
#1157 = CARTESIAN_POINT('',(-12.,-3.5,-1.));
#1158 = DIRECTION('',(0.,0.,1.));
#1159 = DIRECTION('',(1.,0.,-0.));
#1160 = DEFINITIONAL_REPRESENTATION('',(#1161),#1165);
#1161 = LINE('',#1162,#1163);
#1162 = CARTESIAN_POINT('',(24.,0.));
#1163 = VECTOR('',#1164,1.);
#1164 = DIRECTION('',(0.,1.));
#1165 = ( GEOMETRIC_REPRESENTATION_CONTEXT(2) 
PARAMETRIC_REPRESENTATION_CONTEXT() REPRESENTATION_CONTEXT('2D SPACE',''
  ) );
#1166 = ORIENTED_EDGE('',*,*,#949,.T.);
#1167 = ORIENTED_EDGE('',*,*,#510,.F.);
#1168 = ADVANCED_FACE('',(#1169),#555,.T.);
#1169 = FACE_BOUND('',#1170,.T.);
#1170 = EDGE_LOOP('',(#1171,#1172,#1173));
#1171 = ORIENTED_EDGE('',*,*,#540,.T.);
#1172 = ORIENTED_EDGE('',*,*,#735,.F.);
#1173 = ORIENTED_EDGE('',*,*,#1174,.T.);
#1174 = EDGE_CURVE('',#708,#511,#1175,.T.);
#1175 = SURFACE_CURVE('',#1176,(#1180,#1187),.PCURVE_S1.);
#1176 = LINE('',#1177,#1178);
#1177 = CARTESIAN_POINT('',(-12.,-3.5,0.));
#1178 = VECTOR('',#1179,1.);
#1179 = DIRECTION('',(1.,0.,-0.));
#1180 = PCURVE('',#555,#1181);
#1181 = DEFINITIONAL_REPRESENTATION('',(#1182),#1186);
#1182 = LINE('',#1183,#1184);
#1183 = CARTESIAN_POINT('',(0.,0.));
#1184 = VECTOR('',#1185,1.);
#1185 = DIRECTION('',(1.,0.));
#1186 = ( GEOMETRIC_REPRESENTATION_CONTEXT(2) 
PARAMETRIC_REPRESENTATION_CONTEXT() REPRESENTATION_CONTEXT('2D SPACE',''
  ) );
#1187 = PCURVE('',#1188,#1193);
#1188 = PLANE('',#1189);
#1189 = AXIS2_PLACEMENT_3D('',#1190,#1191,#1192);
#1190 = CARTESIAN_POINT('',(10.5,-3.5,0.));
#1191 = DIRECTION('',(0.,0.,1.));
#1192 = DIRECTION('',(1.,0.,-0.));
#1193 = DEFINITIONAL_REPRESENTATION('',(#1194),#1198);
#1194 = LINE('',#1195,#1196);
#1195 = CARTESIAN_POINT('',(-22.5,0.));
#1196 = VECTOR('',#1197,1.);
#1197 = DIRECTION('',(1.,0.));
#1198 = ( GEOMETRIC_REPRESENTATION_CONTEXT(2) 
PARAMETRIC_REPRESENTATION_CONTEXT() REPRESENTATION_CONTEXT('2D SPACE',''
  ) );
#1199 = ADVANCED_FACE('',(#1200),#587,.T.);
#1200 = FACE_BOUND('',#1201,.T.);
#1201 = EDGE_LOOP('',(#1202,#1223,#1224));
#1202 = ORIENTED_EDGE('',*,*,#1203,.F.);
#1203 = EDGE_CURVE('',#571,#659,#1204,.T.);
#1204 = SURFACE_CURVE('',#1205,(#1209,#1216),.PCURVE_S1.);
#1205 = LINE('',#1206,#1207);
#1206 = CARTESIAN_POINT('',(-12.,23.5,0.));
#1207 = VECTOR('',#1208,1.);
#1208 = DIRECTION('',(1.,0.,-0.));
#1209 = PCURVE('',#587,#1210);
#1210 = DEFINITIONAL_REPRESENTATION('',(#1211),#1215);
#1211 = LINE('',#1212,#1213);
#1212 = CARTESIAN_POINT('',(0.,27.));
#1213 = VECTOR('',#1214,1.);
#1214 = DIRECTION('',(1.,0.));
#1215 = ( GEOMETRIC_REPRESENTATION_CONTEXT(2) 
PARAMETRIC_REPRESENTATION_CONTEXT() REPRESENTATION_CONTEXT('2D SPACE',''
  ) );
#1216 = PCURVE('',#1038,#1217);
#1217 = DEFINITIONAL_REPRESENTATION('',(#1218),#1222);
#1218 = LINE('',#1219,#1220);
#1219 = CARTESIAN_POINT('',(-1.5,0.));
#1220 = VECTOR('',#1221,1.);
#1221 = DIRECTION('',(1.,0.));
#1222 = ( GEOMETRIC_REPRESENTATION_CONTEXT(2) 
PARAMETRIC_REPRESENTATION_CONTEXT() REPRESENTATION_CONTEXT('2D SPACE',''
  ) );
#1223 = ORIENTED_EDGE('',*,*,#570,.T.);
#1224 = ORIENTED_EDGE('',*,*,#658,.T.);
#1225 = ADVANCED_FACE('',(#1226),#642,.T.);
#1226 = FACE_BOUND('',#1227,.T.);
#1227 = EDGE_LOOP('',(#1228,#1229,#1255));
#1228 = ORIENTED_EDGE('',*,*,#627,.T.);
#1229 = ORIENTED_EDGE('',*,*,#1230,.T.);
#1230 = EDGE_CURVE('',#600,#901,#1231,.T.);
#1231 = SURFACE_CURVE('',#1232,(#1236,#1243),.PCURVE_S1.);
#1232 = LINE('',#1233,#1234);
#1233 = CARTESIAN_POINT('',(-12.,-3.5,0.));
#1234 = VECTOR('',#1235,1.);
#1235 = DIRECTION('',(1.,0.,-0.));
#1236 = PCURVE('',#642,#1237);
#1237 = DEFINITIONAL_REPRESENTATION('',(#1238),#1242);
#1238 = LINE('',#1239,#1240);
#1239 = CARTESIAN_POINT('',(0.,0.));
#1240 = VECTOR('',#1241,1.);
#1241 = DIRECTION('',(1.,0.));
#1242 = ( GEOMETRIC_REPRESENTATION_CONTEXT(2) 
PARAMETRIC_REPRESENTATION_CONTEXT() REPRESENTATION_CONTEXT('2D SPACE',''
  ) );
#1243 = PCURVE('',#1244,#1249);
#1244 = PLANE('',#1245);
#1245 = AXIS2_PLACEMENT_3D('',#1246,#1247,#1248);
#1246 = CARTESIAN_POINT('',(-10.5,-3.5,0.));
#1247 = DIRECTION('',(0.,0.,1.));
#1248 = DIRECTION('',(1.,0.,-0.));
#1249 = DEFINITIONAL_REPRESENTATION('',(#1250),#1254);
#1250 = LINE('',#1251,#1252);
#1251 = CARTESIAN_POINT('',(-1.5,0.));
#1252 = VECTOR('',#1253,1.);
#1253 = DIRECTION('',(1.,0.));
#1254 = ( GEOMETRIC_REPRESENTATION_CONTEXT(2) 
PARAMETRIC_REPRESENTATION_CONTEXT() REPRESENTATION_CONTEXT('2D SPACE',''
  ) );
#1255 = ORIENTED_EDGE('',*,*,#900,.T.);
#1256 = ADVANCED_FACE('',(#1257),#615,.F.);
#1257 = FACE_BOUND('',#1258,.F.);
#1258 = EDGE_LOOP('',(#1259,#1287,#1315,#1336));
#1259 = ORIENTED_EDGE('',*,*,#1260,.F.);
#1260 = EDGE_CURVE('',#1261,#600,#1263,.T.);
#1261 = VERTEX_POINT('',#1262);
#1262 = CARTESIAN_POINT('',(-12.,-3.5,-1.));
#1263 = SURFACE_CURVE('',#1264,(#1268,#1275),.PCURVE_S1.);
#1264 = LINE('',#1265,#1266);
#1265 = CARTESIAN_POINT('',(-12.,-3.5,-1.));
#1266 = VECTOR('',#1267,1.);
#1267 = DIRECTION('',(0.,0.,1.));
#1268 = PCURVE('',#615,#1269);
#1269 = DEFINITIONAL_REPRESENTATION('',(#1270),#1274);
#1270 = LINE('',#1271,#1272);
#1271 = CARTESIAN_POINT('',(0.,0.));
#1272 = VECTOR('',#1273,1.);
#1273 = DIRECTION('',(1.,0.));
#1274 = ( GEOMETRIC_REPRESENTATION_CONTEXT(2) 
PARAMETRIC_REPRESENTATION_CONTEXT() REPRESENTATION_CONTEXT('2D SPACE',''
  ) );
#1275 = PCURVE('',#1276,#1281);
#1276 = CYLINDRICAL_SURFACE('',#1277,1.5);
#1277 = AXIS2_PLACEMENT_3D('',#1278,#1279,#1280);
#1278 = CARTESIAN_POINT('',(-10.5,-3.5,-1.));
#1279 = DIRECTION('',(0.,0.,1.));
#1280 = DIRECTION('',(1.,0.,-0.));
#1281 = DEFINITIONAL_REPRESENTATION('',(#1282),#1286);
#1282 = LINE('',#1283,#1284);
#1283 = CARTESIAN_POINT('',(3.14159265359,0.));
#1284 = VECTOR('',#1285,1.);
#1285 = DIRECTION('',(0.,1.));
#1286 = ( GEOMETRIC_REPRESENTATION_CONTEXT(2) 
PARAMETRIC_REPRESENTATION_CONTEXT() REPRESENTATION_CONTEXT('2D SPACE',''
  ) );
#1287 = ORIENTED_EDGE('',*,*,#1288,.T.);
#1288 = EDGE_CURVE('',#1261,#1289,#1291,.T.);
#1289 = VERTEX_POINT('',#1290);
#1290 = CARTESIAN_POINT('',(-12.,23.5,-1.));
#1291 = SURFACE_CURVE('',#1292,(#1296,#1303),.PCURVE_S1.);
#1292 = LINE('',#1293,#1294);
#1293 = CARTESIAN_POINT('',(-12.,-3.5,-1.));
#1294 = VECTOR('',#1295,1.);
#1295 = DIRECTION('',(-0.,1.,0.));
#1296 = PCURVE('',#615,#1297);
#1297 = DEFINITIONAL_REPRESENTATION('',(#1298),#1302);
#1298 = LINE('',#1299,#1300);
#1299 = CARTESIAN_POINT('',(0.,0.));
#1300 = VECTOR('',#1301,1.);
#1301 = DIRECTION('',(0.,-1.));
#1302 = ( GEOMETRIC_REPRESENTATION_CONTEXT(2) 
PARAMETRIC_REPRESENTATION_CONTEXT() REPRESENTATION_CONTEXT('2D SPACE',''
  ) );
#1303 = PCURVE('',#1304,#1309);
#1304 = PLANE('',#1305);
#1305 = AXIS2_PLACEMENT_3D('',#1306,#1307,#1308);
#1306 = CARTESIAN_POINT('',(-12.,-3.5,-1.));
#1307 = DIRECTION('',(0.,0.,1.));
#1308 = DIRECTION('',(1.,0.,-0.));
#1309 = DEFINITIONAL_REPRESENTATION('',(#1310),#1314);
#1310 = LINE('',#1311,#1312);
#1311 = CARTESIAN_POINT('',(0.,0.));
#1312 = VECTOR('',#1313,1.);
#1313 = DIRECTION('',(0.,1.));
#1314 = ( GEOMETRIC_REPRESENTATION_CONTEXT(2) 
PARAMETRIC_REPRESENTATION_CONTEXT() REPRESENTATION_CONTEXT('2D SPACE',''
  ) );
#1315 = ORIENTED_EDGE('',*,*,#1316,.T.);
#1316 = EDGE_CURVE('',#1289,#571,#1317,.T.);
#1317 = SURFACE_CURVE('',#1318,(#1322,#1329),.PCURVE_S1.);
#1318 = LINE('',#1319,#1320);
#1319 = CARTESIAN_POINT('',(-12.,23.5,-1.));
#1320 = VECTOR('',#1321,1.);
#1321 = DIRECTION('',(0.,0.,1.));
#1322 = PCURVE('',#615,#1323);
#1323 = DEFINITIONAL_REPRESENTATION('',(#1324),#1328);
#1324 = LINE('',#1325,#1326);
#1325 = CARTESIAN_POINT('',(0.,-27.));
#1326 = VECTOR('',#1327,1.);
#1327 = DIRECTION('',(1.,0.));
#1328 = ( GEOMETRIC_REPRESENTATION_CONTEXT(2) 
PARAMETRIC_REPRESENTATION_CONTEXT() REPRESENTATION_CONTEXT('2D SPACE',''
  ) );
#1329 = PCURVE('',#1097,#1330);
#1330 = DEFINITIONAL_REPRESENTATION('',(#1331),#1335);
#1331 = LINE('',#1332,#1333);
#1332 = CARTESIAN_POINT('',(3.14159265359,0.));
#1333 = VECTOR('',#1334,1.);
#1334 = DIRECTION('',(0.,1.));
#1335 = ( GEOMETRIC_REPRESENTATION_CONTEXT(2) 
PARAMETRIC_REPRESENTATION_CONTEXT() REPRESENTATION_CONTEXT('2D SPACE',''
  ) );
#1336 = ORIENTED_EDGE('',*,*,#599,.F.);
#1337 = ADVANCED_FACE('',(#1338),#723,.T.);
#1338 = FACE_BOUND('',#1339,.T.);
#1339 = EDGE_LOOP('',(#1340,#1341,#1342,#1371,#1399,#1428));
#1340 = ORIENTED_EDGE('',*,*,#707,.F.);
#1341 = ORIENTED_EDGE('',*,*,#874,.T.);
#1342 = ORIENTED_EDGE('',*,*,#1343,.F.);
#1343 = EDGE_CURVE('',#1344,#846,#1346,.T.);
#1344 = VERTEX_POINT('',#1345);
#1345 = CARTESIAN_POINT('',(9.204965,-4.,0.));
#1346 = SURFACE_CURVE('',#1347,(#1352,#1359),.PCURVE_S1.);
#1347 = CIRCLE('',#1348,3.5);
#1348 = AXIS2_PLACEMENT_3D('',#1349,#1350,#1351);
#1349 = CARTESIAN_POINT('',(9.204965,-7.5,0.));
#1350 = DIRECTION('',(0.,0.,1.));
#1351 = DIRECTION('',(1.,0.,-0.));
#1352 = PCURVE('',#723,#1353);
#1353 = DEFINITIONAL_REPRESENTATION('',(#1354),#1358);
#1354 = CIRCLE('',#1355,3.5);
#1355 = AXIS2_PLACEMENT_2D('',#1356,#1357);
#1356 = CARTESIAN_POINT('',(19.704965,-2.5));
#1357 = DIRECTION('',(1.,0.));
#1358 = ( GEOMETRIC_REPRESENTATION_CONTEXT(2) 
PARAMETRIC_REPRESENTATION_CONTEXT() REPRESENTATION_CONTEXT('2D SPACE',''
  ) );
#1359 = PCURVE('',#1360,#1365);
#1360 = PLANE('',#1361);
#1361 = AXIS2_PLACEMENT_3D('',#1362,#1363,#1364);
#1362 = CARTESIAN_POINT('',(-10.5,-5.,0.));
#1363 = DIRECTION('',(0.,0.,1.));
#1364 = DIRECTION('',(1.,0.,-0.));
#1365 = DEFINITIONAL_REPRESENTATION('',(#1366),#1370);
#1366 = CIRCLE('',#1367,3.5);
#1367 = AXIS2_PLACEMENT_2D('',#1368,#1369);
#1368 = CARTESIAN_POINT('',(19.704965,-2.5));
#1369 = DIRECTION('',(1.,0.));
#1370 = ( GEOMETRIC_REPRESENTATION_CONTEXT(2) 
PARAMETRIC_REPRESENTATION_CONTEXT() REPRESENTATION_CONTEXT('2D SPACE',''
  ) );
#1371 = ORIENTED_EDGE('',*,*,#1372,.T.);
#1372 = EDGE_CURVE('',#1344,#1373,#1375,.T.);
#1373 = VERTEX_POINT('',#1374);
#1374 = CARTESIAN_POINT('',(10.404965,-4.,0.));
#1375 = SURFACE_CURVE('',#1376,(#1380,#1387),.PCURVE_S1.);
#1376 = LINE('',#1377,#1378);
#1377 = CARTESIAN_POINT('',(9.204965,-4.,0.));
#1378 = VECTOR('',#1379,1.);
#1379 = DIRECTION('',(1.,0.,-0.));
#1380 = PCURVE('',#723,#1381);
#1381 = DEFINITIONAL_REPRESENTATION('',(#1382),#1386);
#1382 = LINE('',#1383,#1384);
#1383 = CARTESIAN_POINT('',(19.704965,1.));
#1384 = VECTOR('',#1385,1.);
#1385 = DIRECTION('',(1.,0.));
#1386 = ( GEOMETRIC_REPRESENTATION_CONTEXT(2) 
PARAMETRIC_REPRESENTATION_CONTEXT() REPRESENTATION_CONTEXT('2D SPACE',''
  ) );
#1387 = PCURVE('',#1388,#1393);
#1388 = PLANE('',#1389);
#1389 = AXIS2_PLACEMENT_3D('',#1390,#1391,#1392);
#1390 = CARTESIAN_POINT('',(9.204965,-18.270142,0.));
#1391 = DIRECTION('',(0.,0.,1.));
#1392 = DIRECTION('',(1.,0.,-0.));
#1393 = DEFINITIONAL_REPRESENTATION('',(#1394),#1398);
#1394 = LINE('',#1395,#1396);
#1395 = CARTESIAN_POINT('',(0.,14.270142));
#1396 = VECTOR('',#1397,1.);
#1397 = DIRECTION('',(1.,0.));
#1398 = ( GEOMETRIC_REPRESENTATION_CONTEXT(2) 
PARAMETRIC_REPRESENTATION_CONTEXT() REPRESENTATION_CONTEXT('2D SPACE',''
  ) );
#1399 = ORIENTED_EDGE('',*,*,#1400,.F.);
#1400 = EDGE_CURVE('',#1401,#1373,#1403,.T.);
#1401 = VERTEX_POINT('',#1402);
#1402 = CARTESIAN_POINT('',(10.5,-4.001290473793,0.));
#1403 = SURFACE_CURVE('',#1404,(#1409,#1416),.PCURVE_S1.);
#1404 = CIRCLE('',#1405,3.5);
#1405 = AXIS2_PLACEMENT_3D('',#1406,#1407,#1408);
#1406 = CARTESIAN_POINT('',(10.404965,-7.5,0.));
#1407 = DIRECTION('',(0.,0.,1.));
#1408 = DIRECTION('',(1.,0.,-0.));
#1409 = PCURVE('',#723,#1410);
#1410 = DEFINITIONAL_REPRESENTATION('',(#1411),#1415);
#1411 = CIRCLE('',#1412,3.5);
#1412 = AXIS2_PLACEMENT_2D('',#1413,#1414);
#1413 = CARTESIAN_POINT('',(20.904965,-2.5));
#1414 = DIRECTION('',(1.,0.));
#1415 = ( GEOMETRIC_REPRESENTATION_CONTEXT(2) 
PARAMETRIC_REPRESENTATION_CONTEXT() REPRESENTATION_CONTEXT('2D SPACE',''
  ) );
#1416 = PCURVE('',#1417,#1422);
#1417 = PLANE('',#1418);
#1418 = AXIS2_PLACEMENT_3D('',#1419,#1420,#1421);
#1419 = CARTESIAN_POINT('',(-10.5,-5.,0.));
#1420 = DIRECTION('',(0.,0.,1.));
#1421 = DIRECTION('',(1.,0.,-0.));
#1422 = DEFINITIONAL_REPRESENTATION('',(#1423),#1427);
#1423 = CIRCLE('',#1424,3.5);
#1424 = AXIS2_PLACEMENT_2D('',#1425,#1426);
#1425 = CARTESIAN_POINT('',(20.904965,-2.5));
#1426 = DIRECTION('',(1.,0.));
#1427 = ( GEOMETRIC_REPRESENTATION_CONTEXT(2) 
PARAMETRIC_REPRESENTATION_CONTEXT() REPRESENTATION_CONTEXT('2D SPACE',''
  ) );
#1428 = ORIENTED_EDGE('',*,*,#1429,.T.);
#1429 = EDGE_CURVE('',#1401,#708,#1430,.T.);
#1430 = SURFACE_CURVE('',#1431,(#1435,#1442),.PCURVE_S1.);
#1431 = LINE('',#1432,#1433);
#1432 = CARTESIAN_POINT('',(10.5,-5.,0.));
#1433 = VECTOR('',#1434,1.);
#1434 = DIRECTION('',(-0.,1.,0.));
#1435 = PCURVE('',#723,#1436);
#1436 = DEFINITIONAL_REPRESENTATION('',(#1437),#1441);
#1437 = LINE('',#1438,#1439);
#1438 = CARTESIAN_POINT('',(21.,0.));
#1439 = VECTOR('',#1440,1.);
#1440 = DIRECTION('',(0.,1.));
#1441 = ( GEOMETRIC_REPRESENTATION_CONTEXT(2) 
PARAMETRIC_REPRESENTATION_CONTEXT() REPRESENTATION_CONTEXT('2D SPACE',''
  ) );
#1442 = PCURVE('',#1188,#1443);
#1443 = DEFINITIONAL_REPRESENTATION('',(#1444),#1448);
#1444 = LINE('',#1445,#1446);
#1445 = CARTESIAN_POINT('',(0.,-1.5));
#1446 = VECTOR('',#1447,1.);
#1447 = DIRECTION('',(0.,1.));
#1448 = ( GEOMETRIC_REPRESENTATION_CONTEXT(2) 
PARAMETRIC_REPRESENTATION_CONTEXT() REPRESENTATION_CONTEXT('2D SPACE',''
  ) );
#1449 = ADVANCED_FACE('',(#1450),#776,.T.);
#1450 = FACE_BOUND('',#1451,.T.);
#1451 = EDGE_LOOP('',(#1452,#1475,#1504,#1532,#1559,#1560));
#1452 = ORIENTED_EDGE('',*,*,#1453,.F.);
#1453 = EDGE_CURVE('',#1454,#901,#1456,.T.);
#1454 = VERTEX_POINT('',#1455);
#1455 = CARTESIAN_POINT('',(-10.5,-4.001291125784,0.));
#1456 = SURFACE_CURVE('',#1457,(#1461,#1468),.PCURVE_S1.);
#1457 = LINE('',#1458,#1459);
#1458 = CARTESIAN_POINT('',(-10.5,-5.,0.));
#1459 = VECTOR('',#1460,1.);
#1460 = DIRECTION('',(-0.,1.,0.));
#1461 = PCURVE('',#776,#1462);
#1462 = DEFINITIONAL_REPRESENTATION('',(#1463),#1467);
#1463 = LINE('',#1464,#1465);
#1464 = CARTESIAN_POINT('',(0.,0.));
#1465 = VECTOR('',#1466,1.);
#1466 = DIRECTION('',(0.,1.));
#1467 = ( GEOMETRIC_REPRESENTATION_CONTEXT(2) 
PARAMETRIC_REPRESENTATION_CONTEXT() REPRESENTATION_CONTEXT('2D SPACE',''
  ) );
#1468 = PCURVE('',#1244,#1469);
#1469 = DEFINITIONAL_REPRESENTATION('',(#1470),#1474);
#1470 = LINE('',#1471,#1472);
#1471 = CARTESIAN_POINT('',(0.,-1.5));
#1472 = VECTOR('',#1473,1.);
#1473 = DIRECTION('',(0.,1.));
#1474 = ( GEOMETRIC_REPRESENTATION_CONTEXT(2) 
PARAMETRIC_REPRESENTATION_CONTEXT() REPRESENTATION_CONTEXT('2D SPACE',''
  ) );
#1475 = ORIENTED_EDGE('',*,*,#1476,.F.);
#1476 = EDGE_CURVE('',#1477,#1454,#1479,.T.);
#1477 = VERTEX_POINT('',#1478);
#1478 = CARTESIAN_POINT('',(-10.404941,-4.,0.));
#1479 = SURFACE_CURVE('',#1480,(#1485,#1492),.PCURVE_S1.);
#1480 = CIRCLE('',#1481,3.5);
#1481 = AXIS2_PLACEMENT_3D('',#1482,#1483,#1484);
#1482 = CARTESIAN_POINT('',(-10.404941,-7.5,0.));
#1483 = DIRECTION('',(0.,0.,1.));
#1484 = DIRECTION('',(1.,0.,-0.));
#1485 = PCURVE('',#776,#1486);
#1486 = DEFINITIONAL_REPRESENTATION('',(#1487),#1491);
#1487 = CIRCLE('',#1488,3.5);
#1488 = AXIS2_PLACEMENT_2D('',#1489,#1490);
#1489 = CARTESIAN_POINT('',(9.5059E-02,-2.5));
#1490 = DIRECTION('',(1.,0.));
#1491 = ( GEOMETRIC_REPRESENTATION_CONTEXT(2) 
PARAMETRIC_REPRESENTATION_CONTEXT() REPRESENTATION_CONTEXT('2D SPACE',''
  ) );
#1492 = PCURVE('',#1493,#1498);
#1493 = PLANE('',#1494);
#1494 = AXIS2_PLACEMENT_3D('',#1495,#1496,#1497);
#1495 = CARTESIAN_POINT('',(-10.5,-5.,0.));
#1496 = DIRECTION('',(0.,0.,1.));
#1497 = DIRECTION('',(1.,0.,-0.));
#1498 = DEFINITIONAL_REPRESENTATION('',(#1499),#1503);
#1499 = CIRCLE('',#1500,3.5);
#1500 = AXIS2_PLACEMENT_2D('',#1501,#1502);
#1501 = CARTESIAN_POINT('',(9.5059E-02,-2.5));
#1502 = DIRECTION('',(1.,0.));
#1503 = ( GEOMETRIC_REPRESENTATION_CONTEXT(2) 
PARAMETRIC_REPRESENTATION_CONTEXT() REPRESENTATION_CONTEXT('2D SPACE',''
  ) );
#1504 = ORIENTED_EDGE('',*,*,#1505,.T.);
#1505 = EDGE_CURVE('',#1477,#1506,#1508,.T.);
#1506 = VERTEX_POINT('',#1507);
#1507 = CARTESIAN_POINT('',(-9.204941,-4.,0.));
#1508 = SURFACE_CURVE('',#1509,(#1513,#1520),.PCURVE_S1.);
#1509 = LINE('',#1510,#1511);
#1510 = CARTESIAN_POINT('',(-10.404941,-4.,0.));
#1511 = VECTOR('',#1512,1.);
#1512 = DIRECTION('',(1.,0.,-0.));
#1513 = PCURVE('',#776,#1514);
#1514 = DEFINITIONAL_REPRESENTATION('',(#1515),#1519);
#1515 = LINE('',#1516,#1517);
#1516 = CARTESIAN_POINT('',(9.5059E-02,1.));
#1517 = VECTOR('',#1518,1.);
#1518 = DIRECTION('',(1.,0.));
#1519 = ( GEOMETRIC_REPRESENTATION_CONTEXT(2) 
PARAMETRIC_REPRESENTATION_CONTEXT() REPRESENTATION_CONTEXT('2D SPACE',''
  ) );
#1520 = PCURVE('',#1521,#1526);
#1521 = PLANE('',#1522);
#1522 = AXIS2_PLACEMENT_3D('',#1523,#1524,#1525);
#1523 = CARTESIAN_POINT('',(-10.404941,-18.268516,0.));
#1524 = DIRECTION('',(0.,0.,1.));
#1525 = DIRECTION('',(1.,0.,-0.));
#1526 = DEFINITIONAL_REPRESENTATION('',(#1527),#1531);
#1527 = LINE('',#1528,#1529);
#1528 = CARTESIAN_POINT('',(0.,14.268516));
#1529 = VECTOR('',#1530,1.);
#1530 = DIRECTION('',(1.,0.));
#1531 = ( GEOMETRIC_REPRESENTATION_CONTEXT(2) 
PARAMETRIC_REPRESENTATION_CONTEXT() REPRESENTATION_CONTEXT('2D SPACE',''
  ) );
#1532 = ORIENTED_EDGE('',*,*,#1533,.F.);
#1533 = EDGE_CURVE('',#760,#1506,#1534,.T.);
#1534 = SURFACE_CURVE('',#1535,(#1540,#1547),.PCURVE_S1.);
#1535 = CIRCLE('',#1536,3.5);
#1536 = AXIS2_PLACEMENT_3D('',#1537,#1538,#1539);
#1537 = CARTESIAN_POINT('',(-9.204941,-7.5,0.));
#1538 = DIRECTION('',(0.,0.,1.));
#1539 = DIRECTION('',(1.,0.,-0.));
#1540 = PCURVE('',#776,#1541);
#1541 = DEFINITIONAL_REPRESENTATION('',(#1542),#1546);
#1542 = CIRCLE('',#1543,3.5);
#1543 = AXIS2_PLACEMENT_2D('',#1544,#1545);
#1544 = CARTESIAN_POINT('',(1.295059,-2.5));
#1545 = DIRECTION('',(1.,0.));
#1546 = ( GEOMETRIC_REPRESENTATION_CONTEXT(2) 
PARAMETRIC_REPRESENTATION_CONTEXT() REPRESENTATION_CONTEXT('2D SPACE',''
  ) );
#1547 = PCURVE('',#1548,#1553);
#1548 = PLANE('',#1549);
#1549 = AXIS2_PLACEMENT_3D('',#1550,#1551,#1552);
#1550 = CARTESIAN_POINT('',(-10.5,-5.,0.));
#1551 = DIRECTION('',(0.,0.,1.));
#1552 = DIRECTION('',(1.,0.,-0.));
#1553 = DEFINITIONAL_REPRESENTATION('',(#1554),#1558);
#1554 = CIRCLE('',#1555,3.5);
#1555 = AXIS2_PLACEMENT_2D('',#1556,#1557);
#1556 = CARTESIAN_POINT('',(1.295059,-2.5));
#1557 = DIRECTION('',(1.,0.));
#1558 = ( GEOMETRIC_REPRESENTATION_CONTEXT(2) 
PARAMETRIC_REPRESENTATION_CONTEXT() REPRESENTATION_CONTEXT('2D SPACE',''
  ) );
#1559 = ORIENTED_EDGE('',*,*,#759,.T.);
#1560 = ORIENTED_EDGE('',*,*,#923,.F.);
#1561 = ADVANCED_FACE('',(#1562),#862,.T.);
#1562 = FACE_BOUND('',#1563,.T.);
#1563 = EDGE_LOOP('',(#1564,#1565,#1593,#1622));
#1564 = ORIENTED_EDGE('',*,*,#845,.T.);
#1565 = ORIENTED_EDGE('',*,*,#1566,.T.);
#1566 = EDGE_CURVE('',#818,#1567,#1569,.T.);
#1567 = VERTEX_POINT('',#1568);
#1568 = CARTESIAN_POINT('',(7.955475257217,-5.,0.));
#1569 = SURFACE_CURVE('',#1570,(#1574,#1581),.PCURVE_S1.);
#1570 = LINE('',#1571,#1572);
#1571 = CARTESIAN_POINT('',(-10.5,-5.,0.));
#1572 = VECTOR('',#1573,1.);
#1573 = DIRECTION('',(1.,0.,-0.));
#1574 = PCURVE('',#862,#1575);
#1575 = DEFINITIONAL_REPRESENTATION('',(#1576),#1580);
#1576 = LINE('',#1577,#1578);
#1577 = CARTESIAN_POINT('',(0.,0.));
#1578 = VECTOR('',#1579,1.);
#1579 = DIRECTION('',(1.,0.));
#1580 = ( GEOMETRIC_REPRESENTATION_CONTEXT(2) 
PARAMETRIC_REPRESENTATION_CONTEXT() REPRESENTATION_CONTEXT('2D SPACE',''
  ) );
#1581 = PCURVE('',#1582,#1587);
#1582 = PLANE('',#1583);
#1583 = AXIS2_PLACEMENT_3D('',#1584,#1585,#1586);
#1584 = CARTESIAN_POINT('',(9.204965,-7.5,0.));
#1585 = DIRECTION('',(0.,0.,1.));
#1586 = DIRECTION('',(1.,0.,-0.));
#1587 = DEFINITIONAL_REPRESENTATION('',(#1588),#1592);
#1588 = LINE('',#1589,#1590);
#1589 = CARTESIAN_POINT('',(-19.704965,2.5));
#1590 = VECTOR('',#1591,1.);
#1591 = DIRECTION('',(1.,0.));
#1592 = ( GEOMETRIC_REPRESENTATION_CONTEXT(2) 
PARAMETRIC_REPRESENTATION_CONTEXT() REPRESENTATION_CONTEXT('2D SPACE',''
  ) );
#1593 = ORIENTED_EDGE('',*,*,#1594,.F.);
#1594 = EDGE_CURVE('',#1595,#1567,#1597,.T.);
#1595 = VERTEX_POINT('',#1596);
#1596 = CARTESIAN_POINT('',(9.184022301631,-4.219862971262,0.));
#1597 = SURFACE_CURVE('',#1598,(#1603,#1610),.PCURVE_S1.);
#1598 = CIRCLE('',#1599,3.5);
#1599 = AXIS2_PLACEMENT_3D('',#1600,#1601,#1602);
#1600 = CARTESIAN_POINT('',(10.404965,-7.5,0.));
#1601 = DIRECTION('',(0.,0.,1.));
#1602 = DIRECTION('',(1.,0.,-0.));
#1603 = PCURVE('',#862,#1604);
#1604 = DEFINITIONAL_REPRESENTATION('',(#1605),#1609);
#1605 = CIRCLE('',#1606,3.5);
#1606 = AXIS2_PLACEMENT_2D('',#1607,#1608);
#1607 = CARTESIAN_POINT('',(20.904965,-2.5));
#1608 = DIRECTION('',(1.,0.));
#1609 = ( GEOMETRIC_REPRESENTATION_CONTEXT(2) 
PARAMETRIC_REPRESENTATION_CONTEXT() REPRESENTATION_CONTEXT('2D SPACE',''
  ) );
#1610 = PCURVE('',#1611,#1616);
#1611 = PLANE('',#1612);
#1612 = AXIS2_PLACEMENT_3D('',#1613,#1614,#1615);
#1613 = CARTESIAN_POINT('',(-10.5,-5.,0.));
#1614 = DIRECTION('',(0.,0.,1.));
#1615 = DIRECTION('',(1.,0.,-0.));
#1616 = DEFINITIONAL_REPRESENTATION('',(#1617),#1621);
#1617 = CIRCLE('',#1618,3.5);
#1618 = AXIS2_PLACEMENT_2D('',#1619,#1620);
#1619 = CARTESIAN_POINT('',(20.904965,-2.5));
#1620 = DIRECTION('',(1.,0.));
#1621 = ( GEOMETRIC_REPRESENTATION_CONTEXT(2) 
PARAMETRIC_REPRESENTATION_CONTEXT() REPRESENTATION_CONTEXT('2D SPACE',''
  ) );
#1622 = ORIENTED_EDGE('',*,*,#1623,.F.);
#1623 = EDGE_CURVE('',#846,#1595,#1624,.T.);
#1624 = SURFACE_CURVE('',#1625,(#1630,#1637),.PCURVE_S1.);
#1625 = CIRCLE('',#1626,1.5);
#1626 = AXIS2_PLACEMENT_3D('',#1627,#1628,#1629);
#1627 = CARTESIAN_POINT('',(10.5,-3.5,0.));
#1628 = DIRECTION('',(0.,0.,1.));
#1629 = DIRECTION('',(1.,0.,-0.));
#1630 = PCURVE('',#862,#1631);
#1631 = DEFINITIONAL_REPRESENTATION('',(#1632),#1636);
#1632 = CIRCLE('',#1633,1.5);
#1633 = AXIS2_PLACEMENT_2D('',#1634,#1635);
#1634 = CARTESIAN_POINT('',(21.,1.5));
#1635 = DIRECTION('',(1.,0.));
#1636 = ( GEOMETRIC_REPRESENTATION_CONTEXT(2) 
PARAMETRIC_REPRESENTATION_CONTEXT() REPRESENTATION_CONTEXT('2D SPACE',''
  ) );
#1637 = PCURVE('',#1360,#1638);
#1638 = DEFINITIONAL_REPRESENTATION('',(#1639),#1643);
#1639 = CIRCLE('',#1640,1.5);
#1640 = AXIS2_PLACEMENT_2D('',#1641,#1642);
#1641 = CARTESIAN_POINT('',(21.,1.5));
#1642 = DIRECTION('',(1.,0.));
#1643 = ( GEOMETRIC_REPRESENTATION_CONTEXT(2) 
PARAMETRIC_REPRESENTATION_CONTEXT() REPRESENTATION_CONTEXT('2D SPACE',''
  ) );
#1644 = ADVANCED_FACE('',(#1645),#833,.F.);
#1645 = FACE_BOUND('',#1646,.F.);
#1646 = EDGE_LOOP('',(#1647,#1677,#1701,#1702));
#1647 = ORIENTED_EDGE('',*,*,#1648,.F.);
#1648 = EDGE_CURVE('',#1649,#1651,#1653,.T.);
#1649 = VERTEX_POINT('',#1650);
#1650 = CARTESIAN_POINT('',(-6.755451257217,-5.,-1.));
#1651 = VERTEX_POINT('',#1652);
#1652 = CARTESIAN_POINT('',(6.755475257217,-5.,-1.));
#1653 = SURFACE_CURVE('',#1654,(#1658,#1665),.PCURVE_S1.);
#1654 = LINE('',#1655,#1656);
#1655 = CARTESIAN_POINT('',(-10.5,-5.,-1.));
#1656 = VECTOR('',#1657,1.);
#1657 = DIRECTION('',(1.,0.,-0.));
#1658 = PCURVE('',#833,#1659);
#1659 = DEFINITIONAL_REPRESENTATION('',(#1660),#1664);
#1660 = LINE('',#1661,#1662);
#1661 = CARTESIAN_POINT('',(0.,0.));
#1662 = VECTOR('',#1663,1.);
#1663 = DIRECTION('',(0.,1.));
#1664 = ( GEOMETRIC_REPRESENTATION_CONTEXT(2) 
PARAMETRIC_REPRESENTATION_CONTEXT() REPRESENTATION_CONTEXT('2D SPACE',''
  ) );
#1665 = PCURVE('',#1666,#1671);
#1666 = PLANE('',#1667);
#1667 = AXIS2_PLACEMENT_3D('',#1668,#1669,#1670);
#1668 = CARTESIAN_POINT('',(-10.5,-5.,-1.));
#1669 = DIRECTION('',(0.,0.,1.));
#1670 = DIRECTION('',(1.,0.,-0.));
#1671 = DEFINITIONAL_REPRESENTATION('',(#1672),#1676);
#1672 = LINE('',#1673,#1674);
#1673 = CARTESIAN_POINT('',(0.,0.));
#1674 = VECTOR('',#1675,1.);
#1675 = DIRECTION('',(1.,0.));
#1676 = ( GEOMETRIC_REPRESENTATION_CONTEXT(2) 
PARAMETRIC_REPRESENTATION_CONTEXT() REPRESENTATION_CONTEXT('2D SPACE',''
  ) );
#1677 = ORIENTED_EDGE('',*,*,#1678,.T.);
#1678 = EDGE_CURVE('',#1649,#789,#1679,.T.);
#1679 = SURFACE_CURVE('',#1680,(#1684,#1690),.PCURVE_S1.);
#1680 = LINE('',#1681,#1682);
#1681 = CARTESIAN_POINT('',(-6.755451257217,-5.,-1.8));
#1682 = VECTOR('',#1683,1.);
#1683 = DIRECTION('',(0.,0.,1.));
#1684 = PCURVE('',#833,#1685);
#1685 = DEFINITIONAL_REPRESENTATION('',(#1686),#1689);
#1686 = B_SPLINE_CURVE_WITH_KNOTS('',1,(#1687,#1688),.UNSPECIFIED.,.F.,
  .F.,(2,2),(0.7,1.8000006),.PIECEWISE_BEZIER_KNOTS.);
#1687 = CARTESIAN_POINT('',(-0.1,3.744548742783));
#1688 = CARTESIAN_POINT('',(1.0000006,3.744548742783));
#1689 = ( GEOMETRIC_REPRESENTATION_CONTEXT(2) 
PARAMETRIC_REPRESENTATION_CONTEXT() REPRESENTATION_CONTEXT('2D SPACE',''
  ) );
#1690 = PCURVE('',#1691,#1696);
#1691 = CYLINDRICAL_SURFACE('',#1692,3.5);
#1692 = AXIS2_PLACEMENT_3D('',#1693,#1694,#1695);
#1693 = CARTESIAN_POINT('',(-9.204941,-7.5,-1.8));
#1694 = DIRECTION('',(0.,0.,1.));
#1695 = DIRECTION('',(1.,0.,-0.));
#1696 = DEFINITIONAL_REPRESENTATION('',(#1697),#1700);
#1697 = B_SPLINE_CURVE_WITH_KNOTS('',1,(#1698,#1699),.UNSPECIFIED.,.F.,
  .F.,(2,2),(0.7,1.8000006),.PIECEWISE_BEZIER_KNOTS.);
#1698 = CARTESIAN_POINT('',(0.795602953485,0.7));
#1699 = CARTESIAN_POINT('',(0.795602953485,1.8000006));
#1700 = ( GEOMETRIC_REPRESENTATION_CONTEXT(2) 
PARAMETRIC_REPRESENTATION_CONTEXT() REPRESENTATION_CONTEXT('2D SPACE',''
  ) );
#1701 = ORIENTED_EDGE('',*,*,#817,.T.);
#1702 = ORIENTED_EDGE('',*,*,#1703,.F.);
#1703 = EDGE_CURVE('',#1651,#818,#1704,.T.);
#1704 = SURFACE_CURVE('',#1705,(#1709,#1715),.PCURVE_S1.);
#1705 = LINE('',#1706,#1707);
#1706 = CARTESIAN_POINT('',(6.755475257217,-5.,-1.8));
#1707 = VECTOR('',#1708,1.);
#1708 = DIRECTION('',(0.,0.,1.));
#1709 = PCURVE('',#833,#1710);
#1710 = DEFINITIONAL_REPRESENTATION('',(#1711),#1714);
#1711 = B_SPLINE_CURVE_WITH_KNOTS('',1,(#1712,#1713),.UNSPECIFIED.,.F.,
  .F.,(2,2),(0.7,1.8000006),.PIECEWISE_BEZIER_KNOTS.);
#1712 = CARTESIAN_POINT('',(-0.1,17.255475257217));
#1713 = CARTESIAN_POINT('',(1.0000006,17.255475257217));
#1714 = ( GEOMETRIC_REPRESENTATION_CONTEXT(2) 
PARAMETRIC_REPRESENTATION_CONTEXT() REPRESENTATION_CONTEXT('2D SPACE',''
  ) );
#1715 = PCURVE('',#1716,#1721);
#1716 = CYLINDRICAL_SURFACE('',#1717,3.5);
#1717 = AXIS2_PLACEMENT_3D('',#1718,#1719,#1720);
#1718 = CARTESIAN_POINT('',(9.204965,-7.5,-1.8));
#1719 = DIRECTION('',(0.,0.,1.));
#1720 = DIRECTION('',(1.,0.,-0.));
#1721 = DEFINITIONAL_REPRESENTATION('',(#1722),#1725);
#1722 = B_SPLINE_CURVE_WITH_KNOTS('',1,(#1723,#1724),.UNSPECIFIED.,.F.,
  .F.,(2,2),(0.7,1.8000006),.PIECEWISE_BEZIER_KNOTS.);
#1723 = CARTESIAN_POINT('',(2.345989700105,0.7));
#1724 = CARTESIAN_POINT('',(2.345989700105,1.8000006));
#1725 = ( GEOMETRIC_REPRESENTATION_CONTEXT(2) 
PARAMETRIC_REPRESENTATION_CONTEXT() REPRESENTATION_CONTEXT('2D SPACE',''
  ) );
#1726 = ADVANCED_FACE('',(#1727),#805,.T.);
#1727 = FACE_BOUND('',#1728,.T.);
#1728 = EDGE_LOOP('',(#1729,#1753,#1782,#1808));
#1729 = ORIENTED_EDGE('',*,*,#1730,.F.);
#1730 = EDGE_CURVE('',#1731,#760,#1733,.T.);
#1731 = VERTEX_POINT('',#1732);
#1732 = CARTESIAN_POINT('',(-9.184018241656,-4.219855549193,0.));
#1733 = SURFACE_CURVE('',#1734,(#1739,#1746),.PCURVE_S1.);
#1734 = CIRCLE('',#1735,1.5);
#1735 = AXIS2_PLACEMENT_3D('',#1736,#1737,#1738);
#1736 = CARTESIAN_POINT('',(-10.5,-3.5,0.));
#1737 = DIRECTION('',(0.,0.,1.));
#1738 = DIRECTION('',(1.,0.,-0.));
#1739 = PCURVE('',#805,#1740);
#1740 = DEFINITIONAL_REPRESENTATION('',(#1741),#1745);
#1741 = CIRCLE('',#1742,1.5);
#1742 = AXIS2_PLACEMENT_2D('',#1743,#1744);
#1743 = CARTESIAN_POINT('',(0.,1.5));
#1744 = DIRECTION('',(1.,0.));
#1745 = ( GEOMETRIC_REPRESENTATION_CONTEXT(2) 
PARAMETRIC_REPRESENTATION_CONTEXT() REPRESENTATION_CONTEXT('2D SPACE',''
  ) );
#1746 = PCURVE('',#1548,#1747);
#1747 = DEFINITIONAL_REPRESENTATION('',(#1748),#1752);
#1748 = CIRCLE('',#1749,1.5);
#1749 = AXIS2_PLACEMENT_2D('',#1750,#1751);
#1750 = CARTESIAN_POINT('',(0.,1.5));
#1751 = DIRECTION('',(1.,0.));
#1752 = ( GEOMETRIC_REPRESENTATION_CONTEXT(2) 
PARAMETRIC_REPRESENTATION_CONTEXT() REPRESENTATION_CONTEXT('2D SPACE',''
  ) );
#1753 = ORIENTED_EDGE('',*,*,#1754,.F.);
#1754 = EDGE_CURVE('',#1755,#1731,#1757,.T.);
#1755 = VERTEX_POINT('',#1756);
#1756 = CARTESIAN_POINT('',(-7.955451257217,-5.,0.));
#1757 = SURFACE_CURVE('',#1758,(#1763,#1770),.PCURVE_S1.);
#1758 = CIRCLE('',#1759,3.5);
#1759 = AXIS2_PLACEMENT_3D('',#1760,#1761,#1762);
#1760 = CARTESIAN_POINT('',(-10.404941,-7.5,0.));
#1761 = DIRECTION('',(0.,0.,1.));
#1762 = DIRECTION('',(1.,0.,-0.));
#1763 = PCURVE('',#805,#1764);
#1764 = DEFINITIONAL_REPRESENTATION('',(#1765),#1769);
#1765 = CIRCLE('',#1766,3.5);
#1766 = AXIS2_PLACEMENT_2D('',#1767,#1768);
#1767 = CARTESIAN_POINT('',(9.5059E-02,-2.5));
#1768 = DIRECTION('',(1.,0.));
#1769 = ( GEOMETRIC_REPRESENTATION_CONTEXT(2) 
PARAMETRIC_REPRESENTATION_CONTEXT() REPRESENTATION_CONTEXT('2D SPACE',''
  ) );
#1770 = PCURVE('',#1771,#1776);
#1771 = PLANE('',#1772);
#1772 = AXIS2_PLACEMENT_3D('',#1773,#1774,#1775);
#1773 = CARTESIAN_POINT('',(-10.5,-5.,0.));
#1774 = DIRECTION('',(0.,0.,1.));
#1775 = DIRECTION('',(1.,0.,-0.));
#1776 = DEFINITIONAL_REPRESENTATION('',(#1777),#1781);
#1777 = CIRCLE('',#1778,3.5);
#1778 = AXIS2_PLACEMENT_2D('',#1779,#1780);
#1779 = CARTESIAN_POINT('',(9.5059E-02,-2.5));
#1780 = DIRECTION('',(1.,0.));
#1781 = ( GEOMETRIC_REPRESENTATION_CONTEXT(2) 
PARAMETRIC_REPRESENTATION_CONTEXT() REPRESENTATION_CONTEXT('2D SPACE',''
  ) );
#1782 = ORIENTED_EDGE('',*,*,#1783,.T.);
#1783 = EDGE_CURVE('',#1755,#789,#1784,.T.);
#1784 = SURFACE_CURVE('',#1785,(#1789,#1796),.PCURVE_S1.);
#1785 = LINE('',#1786,#1787);
#1786 = CARTESIAN_POINT('',(-10.5,-5.,0.));
#1787 = VECTOR('',#1788,1.);
#1788 = DIRECTION('',(1.,0.,-0.));
#1789 = PCURVE('',#805,#1790);
#1790 = DEFINITIONAL_REPRESENTATION('',(#1791),#1795);
#1791 = LINE('',#1792,#1793);
#1792 = CARTESIAN_POINT('',(0.,0.));
#1793 = VECTOR('',#1794,1.);
#1794 = DIRECTION('',(1.,0.));
#1795 = ( GEOMETRIC_REPRESENTATION_CONTEXT(2) 
PARAMETRIC_REPRESENTATION_CONTEXT() REPRESENTATION_CONTEXT('2D SPACE',''
  ) );
#1796 = PCURVE('',#1797,#1802);
#1797 = PLANE('',#1798);
#1798 = AXIS2_PLACEMENT_3D('',#1799,#1800,#1801);
#1799 = CARTESIAN_POINT('',(-9.204941,-7.5,0.));
#1800 = DIRECTION('',(0.,0.,1.));
#1801 = DIRECTION('',(1.,0.,-0.));
#1802 = DEFINITIONAL_REPRESENTATION('',(#1803),#1807);
#1803 = LINE('',#1804,#1805);
#1804 = CARTESIAN_POINT('',(-1.295059,2.5));
#1805 = VECTOR('',#1806,1.);
#1806 = DIRECTION('',(1.,0.));
#1807 = ( GEOMETRIC_REPRESENTATION_CONTEXT(2) 
PARAMETRIC_REPRESENTATION_CONTEXT() REPRESENTATION_CONTEXT('2D SPACE',''
  ) );
#1808 = ORIENTED_EDGE('',*,*,#788,.T.);
#1809 = ADVANCED_FACE('',(#1810),#988,.F.);
#1810 = FACE_BOUND('',#1811,.F.);
#1811 = EDGE_LOOP('',(#1812,#1840,#1841));
#1812 = ORIENTED_EDGE('',*,*,#1813,.T.);
#1813 = EDGE_CURVE('',#1814,#950,#1816,.T.);
#1814 = VERTEX_POINT('',#1815);
#1815 = CARTESIAN_POINT('',(10.5,23.5,-1.));
#1816 = SURFACE_CURVE('',#1817,(#1821,#1828),.PCURVE_S1.);
#1817 = LINE('',#1818,#1819);
#1818 = CARTESIAN_POINT('',(-12.,23.5,-1.));
#1819 = VECTOR('',#1820,1.);
#1820 = DIRECTION('',(1.,0.,-0.));
#1821 = PCURVE('',#988,#1822);
#1822 = DEFINITIONAL_REPRESENTATION('',(#1823),#1827);
#1823 = LINE('',#1824,#1825);
#1824 = CARTESIAN_POINT('',(-22.5,0.));
#1825 = VECTOR('',#1826,1.);
#1826 = DIRECTION('',(1.,0.));
#1827 = ( GEOMETRIC_REPRESENTATION_CONTEXT(2) 
PARAMETRIC_REPRESENTATION_CONTEXT() REPRESENTATION_CONTEXT('2D SPACE',''
  ) );
#1828 = PCURVE('',#1829,#1834);
#1829 = PLANE('',#1830);
#1830 = AXIS2_PLACEMENT_3D('',#1831,#1832,#1833);
#1831 = CARTESIAN_POINT('',(-12.,-3.5,-1.));
#1832 = DIRECTION('',(0.,0.,1.));
#1833 = DIRECTION('',(1.,0.,-0.));
#1834 = DEFINITIONAL_REPRESENTATION('',(#1835),#1839);
#1835 = LINE('',#1836,#1837);
#1836 = CARTESIAN_POINT('',(0.,27.));
#1837 = VECTOR('',#1838,1.);
#1838 = DIRECTION('',(1.,0.));
#1839 = ( GEOMETRIC_REPRESENTATION_CONTEXT(2) 
PARAMETRIC_REPRESENTATION_CONTEXT() REPRESENTATION_CONTEXT('2D SPACE',''
  ) );
#1840 = ORIENTED_EDGE('',*,*,#971,.T.);
#1841 = ORIENTED_EDGE('',*,*,#1842,.F.);
#1842 = EDGE_CURVE('',#1814,#972,#1843,.T.);
#1843 = SURFACE_CURVE('',#1844,(#1848,#1855),.PCURVE_S1.);
#1844 = LINE('',#1845,#1846);
#1845 = CARTESIAN_POINT('',(10.5,-5.,-1.));
#1846 = VECTOR('',#1847,1.);
#1847 = DIRECTION('',(-0.,1.,0.));
#1848 = PCURVE('',#988,#1849);
#1849 = DEFINITIONAL_REPRESENTATION('',(#1850),#1854);
#1850 = LINE('',#1851,#1852);
#1851 = CARTESIAN_POINT('',(0.,-28.5));
#1852 = VECTOR('',#1853,1.);
#1853 = DIRECTION('',(0.,1.));
#1854 = ( GEOMETRIC_REPRESENTATION_CONTEXT(2) 
PARAMETRIC_REPRESENTATION_CONTEXT() REPRESENTATION_CONTEXT('2D SPACE',''
  ) );
#1855 = PCURVE('',#1856,#1861);
#1856 = PLANE('',#1857);
#1857 = AXIS2_PLACEMENT_3D('',#1858,#1859,#1860);
#1858 = CARTESIAN_POINT('',(-10.5,-5.,-1.));
#1859 = DIRECTION('',(0.,0.,1.));
#1860 = DIRECTION('',(1.,0.,-0.));
#1861 = DEFINITIONAL_REPRESENTATION('',(#1862),#1866);
#1862 = LINE('',#1863,#1864);
#1863 = CARTESIAN_POINT('',(21.,0.));
#1864 = VECTOR('',#1865,1.);
#1865 = DIRECTION('',(0.,1.));
#1866 = ( GEOMETRIC_REPRESENTATION_CONTEXT(2) 
PARAMETRIC_REPRESENTATION_CONTEXT() REPRESENTATION_CONTEXT('2D SPACE',''
  ) );
#1867 = ADVANCED_FACE('',(#1868),#1038,.T.);
#1868 = FACE_BOUND('',#1869,.T.);
#1869 = EDGE_LOOP('',(#1870,#1871,#1893));
#1870 = ORIENTED_EDGE('',*,*,#1024,.T.);
#1871 = ORIENTED_EDGE('',*,*,#1872,.T.);
#1872 = EDGE_CURVE('',#452,#571,#1873,.T.);
#1873 = SURFACE_CURVE('',#1874,(#1879,#1886),.PCURVE_S1.);
#1874 = CIRCLE('',#1875,1.5);
#1875 = AXIS2_PLACEMENT_3D('',#1876,#1877,#1878);
#1876 = CARTESIAN_POINT('',(-10.5,23.5,0.));
#1877 = DIRECTION('',(0.,0.,1.));
#1878 = DIRECTION('',(1.,0.,-0.));
#1879 = PCURVE('',#1038,#1880);
#1880 = DEFINITIONAL_REPRESENTATION('',(#1881),#1885);
#1881 = CIRCLE('',#1882,1.5);
#1882 = AXIS2_PLACEMENT_2D('',#1883,#1884);
#1883 = CARTESIAN_POINT('',(0.,0.));
#1884 = DIRECTION('',(1.,0.));
#1885 = ( GEOMETRIC_REPRESENTATION_CONTEXT(2) 
PARAMETRIC_REPRESENTATION_CONTEXT() REPRESENTATION_CONTEXT('2D SPACE',''
  ) );
#1886 = PCURVE('',#1097,#1887);
#1887 = DEFINITIONAL_REPRESENTATION('',(#1888),#1892);
#1888 = LINE('',#1889,#1890);
#1889 = CARTESIAN_POINT('',(0.,1.));
#1890 = VECTOR('',#1891,1.);
#1891 = DIRECTION('',(1.,0.));
#1892 = ( GEOMETRIC_REPRESENTATION_CONTEXT(2) 
PARAMETRIC_REPRESENTATION_CONTEXT() REPRESENTATION_CONTEXT('2D SPACE',''
  ) );
#1893 = ORIENTED_EDGE('',*,*,#1203,.T.);
#1894 = ADVANCED_FACE('',(#1895),#1071,.F.);
#1895 = FACE_BOUND('',#1896,.F.);
#1896 = EDGE_LOOP('',(#1897,#1921,#1922,#1951));
#1897 = ORIENTED_EDGE('',*,*,#1898,.F.);
#1898 = EDGE_CURVE('',#972,#1899,#1901,.T.);
#1899 = VERTEX_POINT('',#1900);
#1900 = CARTESIAN_POINT('',(9.,23.5,-1.));
#1901 = SURFACE_CURVE('',#1902,(#1907,#1914),.PCURVE_S1.);
#1902 = CIRCLE('',#1903,1.5);
#1903 = AXIS2_PLACEMENT_3D('',#1904,#1905,#1906);
#1904 = CARTESIAN_POINT('',(10.5,23.5,-1.));
#1905 = DIRECTION('',(0.,0.,1.));
#1906 = DIRECTION('',(1.,0.,-0.));
#1907 = PCURVE('',#1071,#1908);
#1908 = DEFINITIONAL_REPRESENTATION('',(#1909),#1913);
#1909 = CIRCLE('',#1910,1.5);
#1910 = AXIS2_PLACEMENT_2D('',#1911,#1912);
#1911 = CARTESIAN_POINT('',(21.,28.5));
#1912 = DIRECTION('',(1.,0.));
#1913 = ( GEOMETRIC_REPRESENTATION_CONTEXT(2) 
PARAMETRIC_REPRESENTATION_CONTEXT() REPRESENTATION_CONTEXT('2D SPACE',''
  ) );
#1914 = PCURVE('',#1856,#1915);
#1915 = DEFINITIONAL_REPRESENTATION('',(#1916),#1920);
#1916 = CIRCLE('',#1917,1.5);
#1917 = AXIS2_PLACEMENT_2D('',#1918,#1919);
#1918 = CARTESIAN_POINT('',(21.,28.5));
#1919 = DIRECTION('',(1.,0.));
#1920 = ( GEOMETRIC_REPRESENTATION_CONTEXT(2) 
PARAMETRIC_REPRESENTATION_CONTEXT() REPRESENTATION_CONTEXT('2D SPACE',''
  ) );
#1921 = ORIENTED_EDGE('',*,*,#1055,.F.);
#1922 = ORIENTED_EDGE('',*,*,#1923,.F.);
#1923 = EDGE_CURVE('',#1924,#1056,#1926,.T.);
#1924 = VERTEX_POINT('',#1925);
#1925 = CARTESIAN_POINT('',(-9.,23.5,-1.));
#1926 = SURFACE_CURVE('',#1927,(#1932,#1939),.PCURVE_S1.);
#1927 = CIRCLE('',#1928,1.5);
#1928 = AXIS2_PLACEMENT_3D('',#1929,#1930,#1931);
#1929 = CARTESIAN_POINT('',(-10.5,23.5,-1.));
#1930 = DIRECTION('',(0.,0.,1.));
#1931 = DIRECTION('',(1.,0.,-0.));
#1932 = PCURVE('',#1071,#1933);
#1933 = DEFINITIONAL_REPRESENTATION('',(#1934),#1938);
#1934 = CIRCLE('',#1935,1.5);
#1935 = AXIS2_PLACEMENT_2D('',#1936,#1937);
#1936 = CARTESIAN_POINT('',(0.,28.5));
#1937 = DIRECTION('',(1.,0.));
#1938 = ( GEOMETRIC_REPRESENTATION_CONTEXT(2) 
PARAMETRIC_REPRESENTATION_CONTEXT() REPRESENTATION_CONTEXT('2D SPACE',''
  ) );
#1939 = PCURVE('',#1940,#1945);
#1940 = PLANE('',#1941);
#1941 = AXIS2_PLACEMENT_3D('',#1942,#1943,#1944);
#1942 = CARTESIAN_POINT('',(-10.5,-5.,-1.));
#1943 = DIRECTION('',(0.,0.,1.));
#1944 = DIRECTION('',(1.,0.,-0.));
#1945 = DEFINITIONAL_REPRESENTATION('',(#1946),#1950);
#1946 = CIRCLE('',#1947,1.5);
#1947 = AXIS2_PLACEMENT_2D('',#1948,#1949);
#1948 = CARTESIAN_POINT('',(0.,28.5));
#1949 = DIRECTION('',(1.,0.));
#1950 = ( GEOMETRIC_REPRESENTATION_CONTEXT(2) 
PARAMETRIC_REPRESENTATION_CONTEXT() REPRESENTATION_CONTEXT('2D SPACE',''
  ) );
#1951 = ORIENTED_EDGE('',*,*,#1952,.T.);
#1952 = EDGE_CURVE('',#1924,#1899,#1953,.T.);
#1953 = SURFACE_CURVE('',#1954,(#1958,#1965),.PCURVE_S1.);
#1954 = LINE('',#1955,#1956);
#1955 = CARTESIAN_POINT('',(-12.,23.5,-1.));
#1956 = VECTOR('',#1957,1.);
#1957 = DIRECTION('',(1.,0.,-0.));
#1958 = PCURVE('',#1071,#1959);
#1959 = DEFINITIONAL_REPRESENTATION('',(#1960),#1964);
#1960 = LINE('',#1961,#1962);
#1961 = CARTESIAN_POINT('',(-1.5,28.5));
#1962 = VECTOR('',#1963,1.);
#1963 = DIRECTION('',(1.,0.));
#1964 = ( GEOMETRIC_REPRESENTATION_CONTEXT(2) 
PARAMETRIC_REPRESENTATION_CONTEXT() REPRESENTATION_CONTEXT('2D SPACE',''
  ) );
#1965 = PCURVE('',#1966,#1971);
#1966 = PLANE('',#1967);
#1967 = AXIS2_PLACEMENT_3D('',#1968,#1969,#1970);
#1968 = CARTESIAN_POINT('',(-10.5,-5.,-1.));
#1969 = DIRECTION('',(0.,0.,1.));
#1970 = DIRECTION('',(1.,0.,-0.));
#1971 = DEFINITIONAL_REPRESENTATION('',(#1972),#1976);
#1972 = LINE('',#1973,#1974);
#1973 = CARTESIAN_POINT('',(-1.5,28.5));
#1974 = VECTOR('',#1975,1.);
#1975 = DIRECTION('',(1.,0.));
#1976 = ( GEOMETRIC_REPRESENTATION_CONTEXT(2) 
PARAMETRIC_REPRESENTATION_CONTEXT() REPRESENTATION_CONTEXT('2D SPACE',''
  ) );
#1977 = ADVANCED_FACE('',(#1978),#1097,.T.);
#1978 = FACE_BOUND('',#1979,.T.);
#1979 = EDGE_LOOP('',(#1980,#1981,#1982,#2009));
#1980 = ORIENTED_EDGE('',*,*,#1872,.F.);
#1981 = ORIENTED_EDGE('',*,*,#1083,.F.);
#1982 = ORIENTED_EDGE('',*,*,#1983,.T.);
#1983 = EDGE_CURVE('',#1056,#1289,#1984,.T.);
#1984 = SURFACE_CURVE('',#1985,(#1990,#1997),.PCURVE_S1.);
#1985 = CIRCLE('',#1986,1.5);
#1986 = AXIS2_PLACEMENT_3D('',#1987,#1988,#1989);
#1987 = CARTESIAN_POINT('',(-10.5,23.5,-1.));
#1988 = DIRECTION('',(0.,0.,1.));
#1989 = DIRECTION('',(1.,0.,-0.));
#1990 = PCURVE('',#1097,#1991);
#1991 = DEFINITIONAL_REPRESENTATION('',(#1992),#1996);
#1992 = LINE('',#1993,#1994);
#1993 = CARTESIAN_POINT('',(0.,0.));
#1994 = VECTOR('',#1995,1.);
#1995 = DIRECTION('',(1.,0.));
#1996 = ( GEOMETRIC_REPRESENTATION_CONTEXT(2) 
PARAMETRIC_REPRESENTATION_CONTEXT() REPRESENTATION_CONTEXT('2D SPACE',''
  ) );
#1997 = PCURVE('',#1998,#2003);
#1998 = PLANE('',#1999);
#1999 = AXIS2_PLACEMENT_3D('',#2000,#2001,#2002);
#2000 = CARTESIAN_POINT('',(-10.5,23.5,-1.));
#2001 = DIRECTION('',(0.,0.,1.));
#2002 = DIRECTION('',(1.,0.,-0.));
#2003 = DEFINITIONAL_REPRESENTATION('',(#2004),#2008);
#2004 = CIRCLE('',#2005,1.5);
#2005 = AXIS2_PLACEMENT_2D('',#2006,#2007);
#2006 = CARTESIAN_POINT('',(0.,0.));
#2007 = DIRECTION('',(1.,0.));
#2008 = ( GEOMETRIC_REPRESENTATION_CONTEXT(2) 
PARAMETRIC_REPRESENTATION_CONTEXT() REPRESENTATION_CONTEXT('2D SPACE',''
  ) );
#2009 = ORIENTED_EDGE('',*,*,#1316,.T.);
#2010 = ADVANCED_FACE('',(#2011),#1130,.T.);
#2011 = FACE_BOUND('',#2012,.T.);
#2012 = EDGE_LOOP('',(#2013,#2037,#2063,#2090));
#2013 = ORIENTED_EDGE('',*,*,#2014,.F.);
#2014 = EDGE_CURVE('',#2015,#511,#2017,.T.);
#2015 = VERTEX_POINT('',#2016);
#2016 = CARTESIAN_POINT('',(11.780306064044,-4.281547428102,0.));
#2017 = SURFACE_CURVE('',#2018,(#2023,#2030),.PCURVE_S1.);
#2018 = CIRCLE('',#2019,1.5);
#2019 = AXIS2_PLACEMENT_3D('',#2020,#2021,#2022);
#2020 = CARTESIAN_POINT('',(10.5,-3.5,0.));
#2021 = DIRECTION('',(0.,0.,1.));
#2022 = DIRECTION('',(1.,0.,-0.));
#2023 = PCURVE('',#1130,#2024);
#2024 = DEFINITIONAL_REPRESENTATION('',(#2025),#2029);
#2025 = LINE('',#2026,#2027);
#2026 = CARTESIAN_POINT('',(0.,1.));
#2027 = VECTOR('',#2028,1.);
#2028 = DIRECTION('',(1.,0.));
#2029 = ( GEOMETRIC_REPRESENTATION_CONTEXT(2) 
PARAMETRIC_REPRESENTATION_CONTEXT() REPRESENTATION_CONTEXT('2D SPACE',''
  ) );
#2030 = PCURVE('',#1188,#2031);
#2031 = DEFINITIONAL_REPRESENTATION('',(#2032),#2036);
#2032 = CIRCLE('',#2033,1.5);
#2033 = AXIS2_PLACEMENT_2D('',#2034,#2035);
#2034 = CARTESIAN_POINT('',(0.,0.));
#2035 = DIRECTION('',(1.,0.));
#2036 = ( GEOMETRIC_REPRESENTATION_CONTEXT(2) 
PARAMETRIC_REPRESENTATION_CONTEXT() REPRESENTATION_CONTEXT('2D SPACE',''
  ) );
#2037 = ORIENTED_EDGE('',*,*,#2038,.F.);
#2038 = EDGE_CURVE('',#2039,#2015,#2041,.T.);
#2039 = VERTEX_POINT('',#2040);
#2040 = CARTESIAN_POINT('',(11.780306064044,-4.281547428102,-1.));
#2041 = SURFACE_CURVE('',#2042,(#2046,#2052),.PCURVE_S1.);
#2042 = LINE('',#2043,#2044);
#2043 = CARTESIAN_POINT('',(11.780306064044,-4.281547428102,-1.));
#2044 = VECTOR('',#2045,1.);
#2045 = DIRECTION('',(0.,0.,1.));
#2046 = PCURVE('',#1130,#2047);
#2047 = DEFINITIONAL_REPRESENTATION('',(#2048),#2051);
#2048 = B_SPLINE_CURVE_WITH_KNOTS('',1,(#2049,#2050),.UNSPECIFIED.,.F.,
  .F.,(2,2),(-5.999999999062E-07,1.0000006),.PIECEWISE_BEZIER_KNOTS.);
#2049 = CARTESIAN_POINT('',(5.735126162524,-5.999999999062E-07));
#2050 = CARTESIAN_POINT('',(5.735126162524,1.0000006));
#2051 = ( GEOMETRIC_REPRESENTATION_CONTEXT(2) 
PARAMETRIC_REPRESENTATION_CONTEXT() REPRESENTATION_CONTEXT('2D SPACE',''
  ) );
#2052 = PCURVE('',#2053,#2058);
#2053 = CYLINDRICAL_SURFACE('',#2054,3.5);
#2054 = AXIS2_PLACEMENT_3D('',#2055,#2056,#2057);
#2055 = CARTESIAN_POINT('',(10.404965,-7.5,-1.8));
#2056 = DIRECTION('',(0.,0.,1.));
#2057 = DIRECTION('',(1.,0.,-0.));
#2058 = DEFINITIONAL_REPRESENTATION('',(#2059),#2062);
#2059 = B_SPLINE_CURVE_WITH_KNOTS('',1,(#2060,#2061),.UNSPECIFIED.,.F.,
  .F.,(2,2),(-5.999999999062E-07,1.0000006),.PIECEWISE_BEZIER_KNOTS.);
#2060 = CARTESIAN_POINT('',(1.166953876713,0.7999994));
#2061 = CARTESIAN_POINT('',(1.166953876713,1.8000006));
#2062 = ( GEOMETRIC_REPRESENTATION_CONTEXT(2) 
PARAMETRIC_REPRESENTATION_CONTEXT() REPRESENTATION_CONTEXT('2D SPACE',''
  ) );
#2063 = ORIENTED_EDGE('',*,*,#2064,.T.);
#2064 = EDGE_CURVE('',#2039,#1115,#2065,.T.);
#2065 = SURFACE_CURVE('',#2066,(#2071,#2078),.PCURVE_S1.);
#2066 = CIRCLE('',#2067,1.5);
#2067 = AXIS2_PLACEMENT_3D('',#2068,#2069,#2070);
#2068 = CARTESIAN_POINT('',(10.5,-3.5,-1.));
#2069 = DIRECTION('',(0.,0.,1.));
#2070 = DIRECTION('',(1.,0.,-0.));
#2071 = PCURVE('',#1130,#2072);
#2072 = DEFINITIONAL_REPRESENTATION('',(#2073),#2077);
#2073 = LINE('',#2074,#2075);
#2074 = CARTESIAN_POINT('',(0.,0.));
#2075 = VECTOR('',#2076,1.);
#2076 = DIRECTION('',(1.,0.));
#2077 = ( GEOMETRIC_REPRESENTATION_CONTEXT(2) 
PARAMETRIC_REPRESENTATION_CONTEXT() REPRESENTATION_CONTEXT('2D SPACE',''
  ) );
#2078 = PCURVE('',#2079,#2084);
#2079 = PLANE('',#2080);
#2080 = AXIS2_PLACEMENT_3D('',#2081,#2082,#2083);
#2081 = CARTESIAN_POINT('',(10.5,-3.5,-1.));
#2082 = DIRECTION('',(0.,0.,1.));
#2083 = DIRECTION('',(1.,0.,-0.));
#2084 = DEFINITIONAL_REPRESENTATION('',(#2085),#2089);
#2085 = CIRCLE('',#2086,1.5);
#2086 = AXIS2_PLACEMENT_2D('',#2087,#2088);
#2087 = CARTESIAN_POINT('',(0.,0.));
#2088 = DIRECTION('',(1.,0.));
#2089 = ( GEOMETRIC_REPRESENTATION_CONTEXT(2) 
PARAMETRIC_REPRESENTATION_CONTEXT() REPRESENTATION_CONTEXT('2D SPACE',''
  ) );
#2090 = ORIENTED_EDGE('',*,*,#1114,.T.);
#2091 = ADVANCED_FACE('',(#2092),#1155,.F.);
#2092 = FACE_BOUND('',#2093,.F.);
#2093 = EDGE_LOOP('',(#2094,#2095,#2119,#2142));
#2094 = ORIENTED_EDGE('',*,*,#1141,.T.);
#2095 = ORIENTED_EDGE('',*,*,#2096,.F.);
#2096 = EDGE_CURVE('',#2097,#950,#2099,.T.);
#2097 = VERTEX_POINT('',#2098);
#2098 = CARTESIAN_POINT('',(10.5,22.,-1.));
#2099 = SURFACE_CURVE('',#2100,(#2105,#2112),.PCURVE_S1.);
#2100 = CIRCLE('',#2101,1.5);
#2101 = AXIS2_PLACEMENT_3D('',#2102,#2103,#2104);
#2102 = CARTESIAN_POINT('',(10.5,23.5,-1.));
#2103 = DIRECTION('',(0.,0.,1.));
#2104 = DIRECTION('',(1.,0.,-0.));
#2105 = PCURVE('',#1155,#2106);
#2106 = DEFINITIONAL_REPRESENTATION('',(#2107),#2111);
#2107 = CIRCLE('',#2108,1.5);
#2108 = AXIS2_PLACEMENT_2D('',#2109,#2110);
#2109 = CARTESIAN_POINT('',(22.5,27.));
#2110 = DIRECTION('',(1.,0.));
#2111 = ( GEOMETRIC_REPRESENTATION_CONTEXT(2) 
PARAMETRIC_REPRESENTATION_CONTEXT() REPRESENTATION_CONTEXT('2D SPACE',''
  ) );
#2112 = PCURVE('',#1829,#2113);
#2113 = DEFINITIONAL_REPRESENTATION('',(#2114),#2118);
#2114 = CIRCLE('',#2115,1.5);
#2115 = AXIS2_PLACEMENT_2D('',#2116,#2117);
#2116 = CARTESIAN_POINT('',(22.5,27.));
#2117 = DIRECTION('',(1.,0.));
#2118 = ( GEOMETRIC_REPRESENTATION_CONTEXT(2) 
PARAMETRIC_REPRESENTATION_CONTEXT() REPRESENTATION_CONTEXT('2D SPACE',''
  ) );
#2119 = ORIENTED_EDGE('',*,*,#2120,.F.);
#2120 = EDGE_CURVE('',#2121,#2097,#2123,.T.);
#2121 = VERTEX_POINT('',#2122);
#2122 = CARTESIAN_POINT('',(10.5,-2.,-1.));
#2123 = SURFACE_CURVE('',#2124,(#2128,#2135),.PCURVE_S1.);
#2124 = LINE('',#2125,#2126);
#2125 = CARTESIAN_POINT('',(10.5,-5.,-1.));
#2126 = VECTOR('',#2127,1.);
#2127 = DIRECTION('',(-0.,1.,0.));
#2128 = PCURVE('',#1155,#2129);
#2129 = DEFINITIONAL_REPRESENTATION('',(#2130),#2134);
#2130 = LINE('',#2131,#2132);
#2131 = CARTESIAN_POINT('',(22.5,-1.5));
#2132 = VECTOR('',#2133,1.);
#2133 = DIRECTION('',(0.,1.));
#2134 = ( GEOMETRIC_REPRESENTATION_CONTEXT(2) 
PARAMETRIC_REPRESENTATION_CONTEXT() REPRESENTATION_CONTEXT('2D SPACE',''
  ) );
#2135 = PCURVE('',#1966,#2136);
#2136 = DEFINITIONAL_REPRESENTATION('',(#2137),#2141);
#2137 = LINE('',#2138,#2139);
#2138 = CARTESIAN_POINT('',(21.,0.));
#2139 = VECTOR('',#2140,1.);
#2140 = DIRECTION('',(0.,1.));
#2141 = ( GEOMETRIC_REPRESENTATION_CONTEXT(2) 
PARAMETRIC_REPRESENTATION_CONTEXT() REPRESENTATION_CONTEXT('2D SPACE',''
  ) );
#2142 = ORIENTED_EDGE('',*,*,#2143,.F.);
#2143 = EDGE_CURVE('',#1115,#2121,#2144,.T.);
#2144 = SURFACE_CURVE('',#2145,(#2150,#2157),.PCURVE_S1.);
#2145 = CIRCLE('',#2146,1.5);
#2146 = AXIS2_PLACEMENT_3D('',#2147,#2148,#2149);
#2147 = CARTESIAN_POINT('',(10.5,-3.5,-1.));
#2148 = DIRECTION('',(0.,0.,1.));
#2149 = DIRECTION('',(1.,0.,-0.));
#2150 = PCURVE('',#1155,#2151);
#2151 = DEFINITIONAL_REPRESENTATION('',(#2152),#2156);
#2152 = CIRCLE('',#2153,1.5);
#2153 = AXIS2_PLACEMENT_2D('',#2154,#2155);
#2154 = CARTESIAN_POINT('',(22.5,0.));
#2155 = DIRECTION('',(1.,0.));
#2156 = ( GEOMETRIC_REPRESENTATION_CONTEXT(2) 
PARAMETRIC_REPRESENTATION_CONTEXT() REPRESENTATION_CONTEXT('2D SPACE',''
  ) );
#2157 = PCURVE('',#2158,#2163);
#2158 = PLANE('',#2159);
#2159 = AXIS2_PLACEMENT_3D('',#2160,#2161,#2162);
#2160 = CARTESIAN_POINT('',(-12.,-3.5,-1.));
#2161 = DIRECTION('',(0.,0.,1.));
#2162 = DIRECTION('',(1.,0.,-0.));
#2163 = DEFINITIONAL_REPRESENTATION('',(#2164),#2168);
#2164 = CIRCLE('',#2165,1.5);
#2165 = AXIS2_PLACEMENT_2D('',#2166,#2167);
#2166 = CARTESIAN_POINT('',(22.5,0.));
#2167 = DIRECTION('',(1.,0.));
#2168 = ( GEOMETRIC_REPRESENTATION_CONTEXT(2) 
PARAMETRIC_REPRESENTATION_CONTEXT() REPRESENTATION_CONTEXT('2D SPACE',''
  ) );
#2169 = ADVANCED_FACE('',(#2170),#1188,.T.);
#2170 = FACE_BOUND('',#2171,.T.);
#2171 = EDGE_LOOP('',(#2172,#2173,#2200,#2201));
#2172 = ORIENTED_EDGE('',*,*,#1429,.F.);
#2173 = ORIENTED_EDGE('',*,*,#2174,.F.);
#2174 = EDGE_CURVE('',#2015,#1401,#2175,.T.);
#2175 = SURFACE_CURVE('',#2176,(#2181,#2188),.PCURVE_S1.);
#2176 = CIRCLE('',#2177,3.5);
#2177 = AXIS2_PLACEMENT_3D('',#2178,#2179,#2180);
#2178 = CARTESIAN_POINT('',(10.404965,-7.5,0.));
#2179 = DIRECTION('',(0.,0.,1.));
#2180 = DIRECTION('',(1.,0.,-0.));
#2181 = PCURVE('',#1188,#2182);
#2182 = DEFINITIONAL_REPRESENTATION('',(#2183),#2187);
#2183 = CIRCLE('',#2184,3.5);
#2184 = AXIS2_PLACEMENT_2D('',#2185,#2186);
#2185 = CARTESIAN_POINT('',(-9.5035E-02,-4.));
#2186 = DIRECTION('',(1.,0.));
#2187 = ( GEOMETRIC_REPRESENTATION_CONTEXT(2) 
PARAMETRIC_REPRESENTATION_CONTEXT() REPRESENTATION_CONTEXT('2D SPACE',''
  ) );
#2188 = PCURVE('',#2189,#2194);
#2189 = PLANE('',#2190);
#2190 = AXIS2_PLACEMENT_3D('',#2191,#2192,#2193);
#2191 = CARTESIAN_POINT('',(10.5,-3.5,0.));
#2192 = DIRECTION('',(0.,0.,1.));
#2193 = DIRECTION('',(1.,0.,-0.));
#2194 = DEFINITIONAL_REPRESENTATION('',(#2195),#2199);
#2195 = CIRCLE('',#2196,3.5);
#2196 = AXIS2_PLACEMENT_2D('',#2197,#2198);
#2197 = CARTESIAN_POINT('',(-9.5035E-02,-4.));
#2198 = DIRECTION('',(1.,0.));
#2199 = ( GEOMETRIC_REPRESENTATION_CONTEXT(2) 
PARAMETRIC_REPRESENTATION_CONTEXT() REPRESENTATION_CONTEXT('2D SPACE',''
  ) );
#2200 = ORIENTED_EDGE('',*,*,#2014,.T.);
#2201 = ORIENTED_EDGE('',*,*,#1174,.F.);
#2202 = ADVANCED_FACE('',(#2203),#1244,.T.);
#2203 = FACE_BOUND('',#2204,.T.);
#2204 = EDGE_LOOP('',(#2205,#2206,#2230,#2257));
#2205 = ORIENTED_EDGE('',*,*,#1230,.F.);
#2206 = ORIENTED_EDGE('',*,*,#2207,.T.);
#2207 = EDGE_CURVE('',#600,#2208,#2210,.T.);
#2208 = VERTEX_POINT('',#2209);
#2209 = CARTESIAN_POINT('',(-11.78030109863,-4.281555562219,0.));
#2210 = SURFACE_CURVE('',#2211,(#2216,#2223),.PCURVE_S1.);
#2211 = CIRCLE('',#2212,1.5);
#2212 = AXIS2_PLACEMENT_3D('',#2213,#2214,#2215);
#2213 = CARTESIAN_POINT('',(-10.5,-3.5,0.));
#2214 = DIRECTION('',(0.,0.,1.));
#2215 = DIRECTION('',(1.,0.,-0.));
#2216 = PCURVE('',#1244,#2217);
#2217 = DEFINITIONAL_REPRESENTATION('',(#2218),#2222);
#2218 = CIRCLE('',#2219,1.5);
#2219 = AXIS2_PLACEMENT_2D('',#2220,#2221);
#2220 = CARTESIAN_POINT('',(0.,0.));
#2221 = DIRECTION('',(1.,0.));
#2222 = ( GEOMETRIC_REPRESENTATION_CONTEXT(2) 
PARAMETRIC_REPRESENTATION_CONTEXT() REPRESENTATION_CONTEXT('2D SPACE',''
  ) );
#2223 = PCURVE('',#1276,#2224);
#2224 = DEFINITIONAL_REPRESENTATION('',(#2225),#2229);
#2225 = LINE('',#2226,#2227);
#2226 = CARTESIAN_POINT('',(0.,1.));
#2227 = VECTOR('',#2228,1.);
#2228 = DIRECTION('',(1.,0.));
#2229 = ( GEOMETRIC_REPRESENTATION_CONTEXT(2) 
PARAMETRIC_REPRESENTATION_CONTEXT() REPRESENTATION_CONTEXT('2D SPACE',''
  ) );
#2230 = ORIENTED_EDGE('',*,*,#2231,.F.);
#2231 = EDGE_CURVE('',#1454,#2208,#2232,.T.);
#2232 = SURFACE_CURVE('',#2233,(#2238,#2245),.PCURVE_S1.);
#2233 = CIRCLE('',#2234,3.5);
#2234 = AXIS2_PLACEMENT_3D('',#2235,#2236,#2237);
#2235 = CARTESIAN_POINT('',(-10.404941,-7.5,0.));
#2236 = DIRECTION('',(0.,0.,1.));
#2237 = DIRECTION('',(1.,0.,-0.));
#2238 = PCURVE('',#1244,#2239);
#2239 = DEFINITIONAL_REPRESENTATION('',(#2240),#2244);
#2240 = CIRCLE('',#2241,3.5);
#2241 = AXIS2_PLACEMENT_2D('',#2242,#2243);
#2242 = CARTESIAN_POINT('',(9.5059E-02,-4.));
#2243 = DIRECTION('',(1.,0.));
#2244 = ( GEOMETRIC_REPRESENTATION_CONTEXT(2) 
PARAMETRIC_REPRESENTATION_CONTEXT() REPRESENTATION_CONTEXT('2D SPACE',''
  ) );
#2245 = PCURVE('',#2246,#2251);
#2246 = PLANE('',#2247);
#2247 = AXIS2_PLACEMENT_3D('',#2248,#2249,#2250);
#2248 = CARTESIAN_POINT('',(-10.5,-3.5,0.));
#2249 = DIRECTION('',(0.,0.,1.));
#2250 = DIRECTION('',(1.,0.,-0.));
#2251 = DEFINITIONAL_REPRESENTATION('',(#2252),#2256);
#2252 = CIRCLE('',#2253,3.5);
#2253 = AXIS2_PLACEMENT_2D('',#2254,#2255);
#2254 = CARTESIAN_POINT('',(9.5059E-02,-4.));
#2255 = DIRECTION('',(1.,0.));
#2256 = ( GEOMETRIC_REPRESENTATION_CONTEXT(2) 
PARAMETRIC_REPRESENTATION_CONTEXT() REPRESENTATION_CONTEXT('2D SPACE',''
  ) );
#2257 = ORIENTED_EDGE('',*,*,#1453,.T.);
#2258 = ADVANCED_FACE('',(#2259),#1276,.T.);
#2259 = FACE_BOUND('',#2260,.T.);
#2260 = EDGE_LOOP('',(#2261,#2262,#2263,#2292));
#2261 = ORIENTED_EDGE('',*,*,#2207,.F.);
#2262 = ORIENTED_EDGE('',*,*,#1260,.F.);
#2263 = ORIENTED_EDGE('',*,*,#2264,.T.);
#2264 = EDGE_CURVE('',#1261,#2265,#2267,.T.);
#2265 = VERTEX_POINT('',#2266);
#2266 = CARTESIAN_POINT('',(-11.78030109863,-4.281555562219,-1.));
#2267 = SURFACE_CURVE('',#2268,(#2273,#2280),.PCURVE_S1.);
#2268 = CIRCLE('',#2269,1.5);
#2269 = AXIS2_PLACEMENT_3D('',#2270,#2271,#2272);
#2270 = CARTESIAN_POINT('',(-10.5,-3.5,-1.));
#2271 = DIRECTION('',(0.,0.,1.));
#2272 = DIRECTION('',(1.,0.,-0.));
#2273 = PCURVE('',#1276,#2274);
#2274 = DEFINITIONAL_REPRESENTATION('',(#2275),#2279);
#2275 = LINE('',#2276,#2277);
#2276 = CARTESIAN_POINT('',(0.,0.));
#2277 = VECTOR('',#2278,1.);
#2278 = DIRECTION('',(1.,0.));
#2279 = ( GEOMETRIC_REPRESENTATION_CONTEXT(2) 
PARAMETRIC_REPRESENTATION_CONTEXT() REPRESENTATION_CONTEXT('2D SPACE',''
  ) );
#2280 = PCURVE('',#2281,#2286);
#2281 = PLANE('',#2282);
#2282 = AXIS2_PLACEMENT_3D('',#2283,#2284,#2285);
#2283 = CARTESIAN_POINT('',(-10.5,-3.5,-1.));
#2284 = DIRECTION('',(0.,0.,1.));
#2285 = DIRECTION('',(1.,0.,-0.));
#2286 = DEFINITIONAL_REPRESENTATION('',(#2287),#2291);
#2287 = CIRCLE('',#2288,1.5);
#2288 = AXIS2_PLACEMENT_2D('',#2289,#2290);
#2289 = CARTESIAN_POINT('',(0.,0.));
#2290 = DIRECTION('',(1.,0.));
#2291 = ( GEOMETRIC_REPRESENTATION_CONTEXT(2) 
PARAMETRIC_REPRESENTATION_CONTEXT() REPRESENTATION_CONTEXT('2D SPACE',''
  ) );
#2292 = ORIENTED_EDGE('',*,*,#2293,.T.);
#2293 = EDGE_CURVE('',#2265,#2208,#2294,.T.);
#2294 = SURFACE_CURVE('',#2295,(#2299,#2305),.PCURVE_S1.);
#2295 = LINE('',#2296,#2297);
#2296 = CARTESIAN_POINT('',(-11.78030109863,-4.281555562219,-1.));
#2297 = VECTOR('',#2298,1.);
#2298 = DIRECTION('',(0.,0.,1.));
#2299 = PCURVE('',#1276,#2300);
#2300 = DEFINITIONAL_REPRESENTATION('',(#2301),#2304);
#2301 = B_SPLINE_CURVE_WITH_KNOTS('',1,(#2302,#2303),.UNSPECIFIED.,.F.,
  .F.,(2,2),(-5.999999999062E-07,1.0000006),.PIECEWISE_BEZIER_KNOTS.);
#2302 = CARTESIAN_POINT('',(3.689658151518,-5.999999999062E-07));
#2303 = CARTESIAN_POINT('',(3.689658151518,1.0000006));
#2304 = ( GEOMETRIC_REPRESENTATION_CONTEXT(2) 
PARAMETRIC_REPRESENTATION_CONTEXT() REPRESENTATION_CONTEXT('2D SPACE',''
  ) );
#2305 = PCURVE('',#2306,#2311);
#2306 = CYLINDRICAL_SURFACE('',#2307,3.5);
#2307 = AXIS2_PLACEMENT_3D('',#2308,#2309,#2310);
#2308 = CARTESIAN_POINT('',(-10.404941,-7.5,-1.8));
#2309 = DIRECTION('',(0.,0.,1.));
#2310 = DIRECTION('',(1.,0.,-0.));
#2311 = DEFINITIONAL_REPRESENTATION('',(#2312),#2315);
#2312 = B_SPLINE_CURVE_WITH_KNOTS('',1,(#2313,#2314),.UNSPECIFIED.,.F.,
  .F.,(2,2),(-5.999999999062E-07,1.0000006),.PIECEWISE_BEZIER_KNOTS.);
#2313 = CARTESIAN_POINT('',(1.97464469109,0.7999994));
#2314 = CARTESIAN_POINT('',(1.97464469109,1.8000006));
#2315 = ( GEOMETRIC_REPRESENTATION_CONTEXT(2) 
PARAMETRIC_REPRESENTATION_CONTEXT() REPRESENTATION_CONTEXT('2D SPACE',''
  ) );
#2316 = ADVANCED_FACE('',(#2317),#1304,.F.);
#2317 = FACE_BOUND('',#2318,.F.);
#2318 = EDGE_LOOP('',(#2319,#2348,#2349,#2378));
#2319 = ORIENTED_EDGE('',*,*,#2320,.F.);
#2320 = EDGE_CURVE('',#1289,#2321,#2323,.T.);
#2321 = VERTEX_POINT('',#2322);
#2322 = CARTESIAN_POINT('',(-10.5,22.,-1.));
#2323 = SURFACE_CURVE('',#2324,(#2329,#2336),.PCURVE_S1.);
#2324 = CIRCLE('',#2325,1.5);
#2325 = AXIS2_PLACEMENT_3D('',#2326,#2327,#2328);
#2326 = CARTESIAN_POINT('',(-10.5,23.5,-1.));
#2327 = DIRECTION('',(0.,0.,1.));
#2328 = DIRECTION('',(1.,0.,-0.));
#2329 = PCURVE('',#1304,#2330);
#2330 = DEFINITIONAL_REPRESENTATION('',(#2331),#2335);
#2331 = CIRCLE('',#2332,1.5);
#2332 = AXIS2_PLACEMENT_2D('',#2333,#2334);
#2333 = CARTESIAN_POINT('',(1.5,27.));
#2334 = DIRECTION('',(1.,0.));
#2335 = ( GEOMETRIC_REPRESENTATION_CONTEXT(2) 
PARAMETRIC_REPRESENTATION_CONTEXT() REPRESENTATION_CONTEXT('2D SPACE',''
  ) );
#2336 = PCURVE('',#2337,#2342);
#2337 = PLANE('',#2338);
#2338 = AXIS2_PLACEMENT_3D('',#2339,#2340,#2341);
#2339 = CARTESIAN_POINT('',(-12.,-3.5,-1.));
#2340 = DIRECTION('',(0.,0.,1.));
#2341 = DIRECTION('',(1.,0.,-0.));
#2342 = DEFINITIONAL_REPRESENTATION('',(#2343),#2347);
#2343 = CIRCLE('',#2344,1.5);
#2344 = AXIS2_PLACEMENT_2D('',#2345,#2346);
#2345 = CARTESIAN_POINT('',(1.5,27.));
#2346 = DIRECTION('',(1.,0.));
#2347 = ( GEOMETRIC_REPRESENTATION_CONTEXT(2) 
PARAMETRIC_REPRESENTATION_CONTEXT() REPRESENTATION_CONTEXT('2D SPACE',''
  ) );
#2348 = ORIENTED_EDGE('',*,*,#1288,.F.);
#2349 = ORIENTED_EDGE('',*,*,#2350,.F.);
#2350 = EDGE_CURVE('',#2351,#1261,#2353,.T.);
#2351 = VERTEX_POINT('',#2352);
#2352 = CARTESIAN_POINT('',(-10.5,-2.,-1.));
#2353 = SURFACE_CURVE('',#2354,(#2359,#2366),.PCURVE_S1.);
#2354 = CIRCLE('',#2355,1.5);
#2355 = AXIS2_PLACEMENT_3D('',#2356,#2357,#2358);
#2356 = CARTESIAN_POINT('',(-10.5,-3.5,-1.));
#2357 = DIRECTION('',(0.,0.,1.));
#2358 = DIRECTION('',(1.,0.,-0.));
#2359 = PCURVE('',#1304,#2360);
#2360 = DEFINITIONAL_REPRESENTATION('',(#2361),#2365);
#2361 = CIRCLE('',#2362,1.5);
#2362 = AXIS2_PLACEMENT_2D('',#2363,#2364);
#2363 = CARTESIAN_POINT('',(1.5,0.));
#2364 = DIRECTION('',(1.,0.));
#2365 = ( GEOMETRIC_REPRESENTATION_CONTEXT(2) 
PARAMETRIC_REPRESENTATION_CONTEXT() REPRESENTATION_CONTEXT('2D SPACE',''
  ) );
#2366 = PCURVE('',#2367,#2372);
#2367 = PLANE('',#2368);
#2368 = AXIS2_PLACEMENT_3D('',#2369,#2370,#2371);
#2369 = CARTESIAN_POINT('',(-12.,-3.5,-1.));
#2370 = DIRECTION('',(0.,0.,1.));
#2371 = DIRECTION('',(1.,0.,-0.));
#2372 = DEFINITIONAL_REPRESENTATION('',(#2373),#2377);
#2373 = CIRCLE('',#2374,1.5);
#2374 = AXIS2_PLACEMENT_2D('',#2375,#2376);
#2375 = CARTESIAN_POINT('',(1.5,0.));
#2376 = DIRECTION('',(1.,0.));
#2377 = ( GEOMETRIC_REPRESENTATION_CONTEXT(2) 
PARAMETRIC_REPRESENTATION_CONTEXT() REPRESENTATION_CONTEXT('2D SPACE',''
  ) );
#2378 = ORIENTED_EDGE('',*,*,#2379,.T.);
#2379 = EDGE_CURVE('',#2351,#2321,#2380,.T.);
#2380 = SURFACE_CURVE('',#2381,(#2385,#2392),.PCURVE_S1.);
#2381 = LINE('',#2382,#2383);
#2382 = CARTESIAN_POINT('',(-10.5,-5.,-1.));
#2383 = VECTOR('',#2384,1.);
#2384 = DIRECTION('',(-0.,1.,0.));
#2385 = PCURVE('',#1304,#2386);
#2386 = DEFINITIONAL_REPRESENTATION('',(#2387),#2391);
#2387 = LINE('',#2388,#2389);
#2388 = CARTESIAN_POINT('',(1.5,-1.5));
#2389 = VECTOR('',#2390,1.);
#2390 = DIRECTION('',(0.,1.));
#2391 = ( GEOMETRIC_REPRESENTATION_CONTEXT(2) 
PARAMETRIC_REPRESENTATION_CONTEXT() REPRESENTATION_CONTEXT('2D SPACE',''
  ) );
#2392 = PCURVE('',#1966,#2393);
#2393 = DEFINITIONAL_REPRESENTATION('',(#2394),#2398);
#2394 = LINE('',#2395,#2396);
#2395 = CARTESIAN_POINT('',(0.,0.));
#2396 = VECTOR('',#2397,1.);
#2397 = DIRECTION('',(0.,1.));
#2398 = ( GEOMETRIC_REPRESENTATION_CONTEXT(2) 
PARAMETRIC_REPRESENTATION_CONTEXT() REPRESENTATION_CONTEXT('2D SPACE',''
  ) );
#2399 = ADVANCED_FACE('',(#2400),#1417,.T.);
#2400 = FACE_BOUND('',#2401,.T.);
#2401 = EDGE_LOOP('',(#2402,#2425,#2426,#2454));
#2402 = ORIENTED_EDGE('',*,*,#2403,.T.);
#2403 = EDGE_CURVE('',#2404,#1401,#2406,.T.);
#2404 = VERTEX_POINT('',#2405);
#2405 = CARTESIAN_POINT('',(10.5,-4.24840280035,0.));
#2406 = SURFACE_CURVE('',#2407,(#2411,#2418),.PCURVE_S1.);
#2407 = LINE('',#2408,#2409);
#2408 = CARTESIAN_POINT('',(10.5,-5.,0.));
#2409 = VECTOR('',#2410,1.);
#2410 = DIRECTION('',(-0.,1.,0.));
#2411 = PCURVE('',#1417,#2412);
#2412 = DEFINITIONAL_REPRESENTATION('',(#2413),#2417);
#2413 = LINE('',#2414,#2415);
#2414 = CARTESIAN_POINT('',(21.,0.));
#2415 = VECTOR('',#2416,1.);
#2416 = DIRECTION('',(0.,1.));
#2417 = ( GEOMETRIC_REPRESENTATION_CONTEXT(2) 
PARAMETRIC_REPRESENTATION_CONTEXT() REPRESENTATION_CONTEXT('2D SPACE',''
  ) );
#2418 = PCURVE('',#2189,#2419);
#2419 = DEFINITIONAL_REPRESENTATION('',(#2420),#2424);
#2420 = LINE('',#2421,#2422);
#2421 = CARTESIAN_POINT('',(0.,-1.5));
#2422 = VECTOR('',#2423,1.);
#2423 = DIRECTION('',(0.,1.));
#2424 = ( GEOMETRIC_REPRESENTATION_CONTEXT(2) 
PARAMETRIC_REPRESENTATION_CONTEXT() REPRESENTATION_CONTEXT('2D SPACE',''
  ) );
#2425 = ORIENTED_EDGE('',*,*,#1400,.T.);
#2426 = ORIENTED_EDGE('',*,*,#2427,.F.);
#2427 = EDGE_CURVE('',#2428,#1373,#2430,.T.);
#2428 = VERTEX_POINT('',#2429);
#2429 = CARTESIAN_POINT('',(10.404965,-4.212143555445,0.));
#2430 = SURFACE_CURVE('',#2431,(#2435,#2442),.PCURVE_S1.);
#2431 = LINE('',#2432,#2433);
#2432 = CARTESIAN_POINT('',(10.404965,-18.270142,0.));
#2433 = VECTOR('',#2434,1.);
#2434 = DIRECTION('',(-0.,1.,0.));
#2435 = PCURVE('',#1417,#2436);
#2436 = DEFINITIONAL_REPRESENTATION('',(#2437),#2441);
#2437 = LINE('',#2438,#2439);
#2438 = CARTESIAN_POINT('',(20.904965,-13.270142));
#2439 = VECTOR('',#2440,1.);
#2440 = DIRECTION('',(0.,1.));
#2441 = ( GEOMETRIC_REPRESENTATION_CONTEXT(2) 
PARAMETRIC_REPRESENTATION_CONTEXT() REPRESENTATION_CONTEXT('2D SPACE',''
  ) );
#2442 = PCURVE('',#2443,#2448);
#2443 = PLANE('',#2444);
#2444 = AXIS2_PLACEMENT_3D('',#2445,#2446,#2447);
#2445 = CARTESIAN_POINT('',(9.204965,-18.270142,0.));
#2446 = DIRECTION('',(0.,0.,1.));
#2447 = DIRECTION('',(1.,0.,-0.));
#2448 = DEFINITIONAL_REPRESENTATION('',(#2449),#2453);
#2449 = LINE('',#2450,#2451);
#2450 = CARTESIAN_POINT('',(1.2,0.));
#2451 = VECTOR('',#2452,1.);
#2452 = DIRECTION('',(0.,1.));
#2453 = ( GEOMETRIC_REPRESENTATION_CONTEXT(2) 
PARAMETRIC_REPRESENTATION_CONTEXT() REPRESENTATION_CONTEXT('2D SPACE',''
  ) );
#2454 = ORIENTED_EDGE('',*,*,#2455,.F.);
#2455 = EDGE_CURVE('',#2404,#2428,#2456,.T.);
#2456 = SURFACE_CURVE('',#2457,(#2462,#2469),.PCURVE_S1.);
#2457 = CIRCLE('',#2458,3.5);
#2458 = AXIS2_PLACEMENT_3D('',#2459,#2460,#2461);
#2459 = CARTESIAN_POINT('',(9.204965,-7.5,0.));
#2460 = DIRECTION('',(0.,0.,1.));
#2461 = DIRECTION('',(1.,0.,-0.));
#2462 = PCURVE('',#1417,#2463);
#2463 = DEFINITIONAL_REPRESENTATION('',(#2464),#2468);
#2464 = CIRCLE('',#2465,3.5);
#2465 = AXIS2_PLACEMENT_2D('',#2466,#2467);
#2466 = CARTESIAN_POINT('',(19.704965,-2.5));
#2467 = DIRECTION('',(1.,0.));
#2468 = ( GEOMETRIC_REPRESENTATION_CONTEXT(2) 
PARAMETRIC_REPRESENTATION_CONTEXT() REPRESENTATION_CONTEXT('2D SPACE',''
  ) );
#2469 = PCURVE('',#2470,#2475);
#2470 = PLANE('',#2471);
#2471 = AXIS2_PLACEMENT_3D('',#2472,#2473,#2474);
#2472 = CARTESIAN_POINT('',(-10.5,-5.,0.));
#2473 = DIRECTION('',(0.,0.,1.));
#2474 = DIRECTION('',(1.,0.,-0.));
#2475 = DEFINITIONAL_REPRESENTATION('',(#2476),#2480);
#2476 = CIRCLE('',#2477,3.5);
#2477 = AXIS2_PLACEMENT_2D('',#2478,#2479);
#2478 = CARTESIAN_POINT('',(19.704965,-2.5));
#2479 = DIRECTION('',(1.,0.));
#2480 = ( GEOMETRIC_REPRESENTATION_CONTEXT(2) 
PARAMETRIC_REPRESENTATION_CONTEXT() REPRESENTATION_CONTEXT('2D SPACE',''
  ) );
#2481 = ADVANCED_FACE('',(#2482),#1388,.T.);
#2482 = FACE_BOUND('',#2483,.T.);
#2483 = EDGE_LOOP('',(#2484,#2508,#2509));
#2484 = ORIENTED_EDGE('',*,*,#2485,.F.);
#2485 = EDGE_CURVE('',#1373,#2486,#2488,.T.);
#2486 = VERTEX_POINT('',#2487);
#2487 = CARTESIAN_POINT('',(9.804965,-4.051812070087,0.));
#2488 = SURFACE_CURVE('',#2489,(#2494,#2501),.PCURVE_S1.);
#2489 = CIRCLE('',#2490,3.5);
#2490 = AXIS2_PLACEMENT_3D('',#2491,#2492,#2493);
#2491 = CARTESIAN_POINT('',(10.404965,-7.5,0.));
#2492 = DIRECTION('',(0.,0.,1.));
#2493 = DIRECTION('',(1.,0.,-0.));
#2494 = PCURVE('',#1388,#2495);
#2495 = DEFINITIONAL_REPRESENTATION('',(#2496),#2500);
#2496 = CIRCLE('',#2497,3.5);
#2497 = AXIS2_PLACEMENT_2D('',#2498,#2499);
#2498 = CARTESIAN_POINT('',(1.2,10.770142));
#2499 = DIRECTION('',(1.,0.));
#2500 = ( GEOMETRIC_REPRESENTATION_CONTEXT(2) 
PARAMETRIC_REPRESENTATION_CONTEXT() REPRESENTATION_CONTEXT('2D SPACE',''
  ) );
#2501 = PCURVE('',#2443,#2502);
#2502 = DEFINITIONAL_REPRESENTATION('',(#2503),#2507);
#2503 = CIRCLE('',#2504,3.5);
#2504 = AXIS2_PLACEMENT_2D('',#2505,#2506);
#2505 = CARTESIAN_POINT('',(1.2,10.770142));
#2506 = DIRECTION('',(1.,0.));
#2507 = ( GEOMETRIC_REPRESENTATION_CONTEXT(2) 
PARAMETRIC_REPRESENTATION_CONTEXT() REPRESENTATION_CONTEXT('2D SPACE',''
  ) );
#2508 = ORIENTED_EDGE('',*,*,#1372,.F.);
#2509 = ORIENTED_EDGE('',*,*,#2510,.F.);
#2510 = EDGE_CURVE('',#2486,#1344,#2511,.T.);
#2511 = SURFACE_CURVE('',#2512,(#2517,#2524),.PCURVE_S1.);
#2512 = CIRCLE('',#2513,3.5);
#2513 = AXIS2_PLACEMENT_3D('',#2514,#2515,#2516);
#2514 = CARTESIAN_POINT('',(9.204965,-7.5,0.));
#2515 = DIRECTION('',(0.,0.,1.));
#2516 = DIRECTION('',(1.,0.,-0.));
#2517 = PCURVE('',#1388,#2518);
#2518 = DEFINITIONAL_REPRESENTATION('',(#2519),#2523);
#2519 = CIRCLE('',#2520,3.5);
#2520 = AXIS2_PLACEMENT_2D('',#2521,#2522);
#2521 = CARTESIAN_POINT('',(0.,10.770142));
#2522 = DIRECTION('',(1.,0.));
#2523 = ( GEOMETRIC_REPRESENTATION_CONTEXT(2) 
PARAMETRIC_REPRESENTATION_CONTEXT() REPRESENTATION_CONTEXT('2D SPACE',''
  ) );
#2524 = PCURVE('',#2525,#2530);
#2525 = PLANE('',#2526);
#2526 = AXIS2_PLACEMENT_3D('',#2527,#2528,#2529);
#2527 = CARTESIAN_POINT('',(9.204965,-18.270142,0.));
#2528 = DIRECTION('',(0.,0.,1.));
#2529 = DIRECTION('',(1.,0.,-0.));
#2530 = DEFINITIONAL_REPRESENTATION('',(#2531),#2535);
#2531 = CIRCLE('',#2532,3.5);
#2532 = AXIS2_PLACEMENT_2D('',#2533,#2534);
#2533 = CARTESIAN_POINT('',(0.,10.770142));
#2534 = DIRECTION('',(1.,0.));
#2535 = ( GEOMETRIC_REPRESENTATION_CONTEXT(2) 
PARAMETRIC_REPRESENTATION_CONTEXT() REPRESENTATION_CONTEXT('2D SPACE',''
  ) );
#2536 = ADVANCED_FACE('',(#2537),#1360,.T.);
#2537 = FACE_BOUND('',#2538,.T.);
#2538 = EDGE_LOOP('',(#2539,#2540,#2541,#2570));
#2539 = ORIENTED_EDGE('',*,*,#1343,.T.);
#2540 = ORIENTED_EDGE('',*,*,#1623,.T.);
#2541 = ORIENTED_EDGE('',*,*,#2542,.F.);
#2542 = EDGE_CURVE('',#2543,#1595,#2545,.T.);
#2543 = VERTEX_POINT('',#2544);
#2544 = CARTESIAN_POINT('',(9.204965,-4.212143555445,0.));
#2545 = SURFACE_CURVE('',#2546,(#2551,#2558),.PCURVE_S1.);
#2546 = CIRCLE('',#2547,3.5);
#2547 = AXIS2_PLACEMENT_3D('',#2548,#2549,#2550);
#2548 = CARTESIAN_POINT('',(10.404965,-7.5,0.));
#2549 = DIRECTION('',(0.,0.,1.));
#2550 = DIRECTION('',(1.,0.,-0.));
#2551 = PCURVE('',#1360,#2552);
#2552 = DEFINITIONAL_REPRESENTATION('',(#2553),#2557);
#2553 = CIRCLE('',#2554,3.5);
#2554 = AXIS2_PLACEMENT_2D('',#2555,#2556);
#2555 = CARTESIAN_POINT('',(20.904965,-2.5));
#2556 = DIRECTION('',(1.,0.));
#2557 = ( GEOMETRIC_REPRESENTATION_CONTEXT(2) 
PARAMETRIC_REPRESENTATION_CONTEXT() REPRESENTATION_CONTEXT('2D SPACE',''
  ) );
#2558 = PCURVE('',#2559,#2564);
#2559 = PLANE('',#2560);
#2560 = AXIS2_PLACEMENT_3D('',#2561,#2562,#2563);
#2561 = CARTESIAN_POINT('',(-10.5,-5.,0.));
#2562 = DIRECTION('',(0.,0.,1.));
#2563 = DIRECTION('',(1.,0.,-0.));
#2564 = DEFINITIONAL_REPRESENTATION('',(#2565),#2569);
#2565 = CIRCLE('',#2566,3.5);
#2566 = AXIS2_PLACEMENT_2D('',#2567,#2568);
#2567 = CARTESIAN_POINT('',(20.904965,-2.5));
#2568 = DIRECTION('',(1.,0.));
#2569 = ( GEOMETRIC_REPRESENTATION_CONTEXT(2) 
PARAMETRIC_REPRESENTATION_CONTEXT() REPRESENTATION_CONTEXT('2D SPACE',''
  ) );
#2570 = ORIENTED_EDGE('',*,*,#2571,.T.);
#2571 = EDGE_CURVE('',#2543,#1344,#2572,.T.);
#2572 = SURFACE_CURVE('',#2573,(#2577,#2584),.PCURVE_S1.);
#2573 = LINE('',#2574,#2575);
#2574 = CARTESIAN_POINT('',(9.204965,-18.270142,0.));
#2575 = VECTOR('',#2576,1.);
#2576 = DIRECTION('',(-0.,1.,0.));
#2577 = PCURVE('',#1360,#2578);
#2578 = DEFINITIONAL_REPRESENTATION('',(#2579),#2583);
#2579 = LINE('',#2580,#2581);
#2580 = CARTESIAN_POINT('',(19.704965,-13.270142));
#2581 = VECTOR('',#2582,1.);
#2582 = DIRECTION('',(0.,1.));
#2583 = ( GEOMETRIC_REPRESENTATION_CONTEXT(2) 
PARAMETRIC_REPRESENTATION_CONTEXT() REPRESENTATION_CONTEXT('2D SPACE',''
  ) );
#2584 = PCURVE('',#2525,#2585);
#2585 = DEFINITIONAL_REPRESENTATION('',(#2586),#2590);
#2586 = LINE('',#2587,#2588);
#2587 = CARTESIAN_POINT('',(0.,0.));
#2588 = VECTOR('',#2589,1.);
#2589 = DIRECTION('',(0.,1.));
#2590 = ( GEOMETRIC_REPRESENTATION_CONTEXT(2) 
PARAMETRIC_REPRESENTATION_CONTEXT() REPRESENTATION_CONTEXT('2D SPACE',''
  ) );
#2591 = ADVANCED_FACE('',(#2592),#1548,.T.);
#2592 = FACE_BOUND('',#2593,.T.);
#2593 = EDGE_LOOP('',(#2594,#2623,#2624,#2625));
#2594 = ORIENTED_EDGE('',*,*,#2595,.F.);
#2595 = EDGE_CURVE('',#1731,#2596,#2598,.T.);
#2596 = VERTEX_POINT('',#2597);
#2597 = CARTESIAN_POINT('',(-9.204941,-4.212143555445,0.));
#2598 = SURFACE_CURVE('',#2599,(#2604,#2611),.PCURVE_S1.);
#2599 = CIRCLE('',#2600,3.5);
#2600 = AXIS2_PLACEMENT_3D('',#2601,#2602,#2603);
#2601 = CARTESIAN_POINT('',(-10.404941,-7.5,0.));
#2602 = DIRECTION('',(0.,0.,1.));
#2603 = DIRECTION('',(1.,0.,-0.));
#2604 = PCURVE('',#1548,#2605);
#2605 = DEFINITIONAL_REPRESENTATION('',(#2606),#2610);
#2606 = CIRCLE('',#2607,3.5);
#2607 = AXIS2_PLACEMENT_2D('',#2608,#2609);
#2608 = CARTESIAN_POINT('',(9.5059E-02,-2.5));
#2609 = DIRECTION('',(1.,0.));
#2610 = ( GEOMETRIC_REPRESENTATION_CONTEXT(2) 
PARAMETRIC_REPRESENTATION_CONTEXT() REPRESENTATION_CONTEXT('2D SPACE',''
  ) );
#2611 = PCURVE('',#2612,#2617);
#2612 = PLANE('',#2613);
#2613 = AXIS2_PLACEMENT_3D('',#2614,#2615,#2616);
#2614 = CARTESIAN_POINT('',(-10.5,-5.,0.));
#2615 = DIRECTION('',(0.,0.,1.));
#2616 = DIRECTION('',(1.,0.,-0.));
#2617 = DEFINITIONAL_REPRESENTATION('',(#2618),#2622);
#2618 = CIRCLE('',#2619,3.5);
#2619 = AXIS2_PLACEMENT_2D('',#2620,#2621);
#2620 = CARTESIAN_POINT('',(9.5059E-02,-2.5));
#2621 = DIRECTION('',(1.,0.));
#2622 = ( GEOMETRIC_REPRESENTATION_CONTEXT(2) 
PARAMETRIC_REPRESENTATION_CONTEXT() REPRESENTATION_CONTEXT('2D SPACE',''
  ) );
#2623 = ORIENTED_EDGE('',*,*,#1730,.T.);
#2624 = ORIENTED_EDGE('',*,*,#1533,.T.);
#2625 = ORIENTED_EDGE('',*,*,#2626,.F.);
#2626 = EDGE_CURVE('',#2596,#1506,#2627,.T.);
#2627 = SURFACE_CURVE('',#2628,(#2632,#2639),.PCURVE_S1.);
#2628 = LINE('',#2629,#2630);
#2629 = CARTESIAN_POINT('',(-9.204941,-18.268516,0.));
#2630 = VECTOR('',#2631,1.);
#2631 = DIRECTION('',(-0.,1.,0.));
#2632 = PCURVE('',#1548,#2633);
#2633 = DEFINITIONAL_REPRESENTATION('',(#2634),#2638);
#2634 = LINE('',#2635,#2636);
#2635 = CARTESIAN_POINT('',(1.295059,-13.268516));
#2636 = VECTOR('',#2637,1.);
#2637 = DIRECTION('',(0.,1.));
#2638 = ( GEOMETRIC_REPRESENTATION_CONTEXT(2) 
PARAMETRIC_REPRESENTATION_CONTEXT() REPRESENTATION_CONTEXT('2D SPACE',''
  ) );
#2639 = PCURVE('',#2640,#2645);
#2640 = PLANE('',#2641);
#2641 = AXIS2_PLACEMENT_3D('',#2642,#2643,#2644);
#2642 = CARTESIAN_POINT('',(-10.404941,-18.268516,0.));
#2643 = DIRECTION('',(0.,0.,1.));
#2644 = DIRECTION('',(1.,0.,-0.));
#2645 = DEFINITIONAL_REPRESENTATION('',(#2646),#2650);
#2646 = LINE('',#2647,#2648);
#2647 = CARTESIAN_POINT('',(1.2,0.));
#2648 = VECTOR('',#2649,1.);
#2649 = DIRECTION('',(0.,1.));
#2650 = ( GEOMETRIC_REPRESENTATION_CONTEXT(2) 
PARAMETRIC_REPRESENTATION_CONTEXT() REPRESENTATION_CONTEXT('2D SPACE',''
  ) );
#2651 = ADVANCED_FACE('',(#2652),#1521,.T.);
#2652 = FACE_BOUND('',#2653,.T.);
#2653 = EDGE_LOOP('',(#2654,#2678,#2679));
#2654 = ORIENTED_EDGE('',*,*,#2655,.F.);
#2655 = EDGE_CURVE('',#1506,#2656,#2658,.T.);
#2656 = VERTEX_POINT('',#2657);
#2657 = CARTESIAN_POINT('',(-9.804941,-4.051812070087,0.));
#2658 = SURFACE_CURVE('',#2659,(#2664,#2671),.PCURVE_S1.);
#2659 = CIRCLE('',#2660,3.5);
#2660 = AXIS2_PLACEMENT_3D('',#2661,#2662,#2663);
#2661 = CARTESIAN_POINT('',(-9.204941,-7.5,0.));
#2662 = DIRECTION('',(0.,0.,1.));
#2663 = DIRECTION('',(1.,0.,-0.));
#2664 = PCURVE('',#1521,#2665);
#2665 = DEFINITIONAL_REPRESENTATION('',(#2666),#2670);
#2666 = CIRCLE('',#2667,3.5);
#2667 = AXIS2_PLACEMENT_2D('',#2668,#2669);
#2668 = CARTESIAN_POINT('',(1.2,10.768516));
#2669 = DIRECTION('',(1.,0.));
#2670 = ( GEOMETRIC_REPRESENTATION_CONTEXT(2) 
PARAMETRIC_REPRESENTATION_CONTEXT() REPRESENTATION_CONTEXT('2D SPACE',''
  ) );
#2671 = PCURVE('',#2640,#2672);
#2672 = DEFINITIONAL_REPRESENTATION('',(#2673),#2677);
#2673 = CIRCLE('',#2674,3.5);
#2674 = AXIS2_PLACEMENT_2D('',#2675,#2676);
#2675 = CARTESIAN_POINT('',(1.2,10.768516));
#2676 = DIRECTION('',(1.,0.));
#2677 = ( GEOMETRIC_REPRESENTATION_CONTEXT(2) 
PARAMETRIC_REPRESENTATION_CONTEXT() REPRESENTATION_CONTEXT('2D SPACE',''
  ) );
#2678 = ORIENTED_EDGE('',*,*,#1505,.F.);
#2679 = ORIENTED_EDGE('',*,*,#2680,.F.);
#2680 = EDGE_CURVE('',#2656,#1477,#2681,.T.);
#2681 = SURFACE_CURVE('',#2682,(#2687,#2694),.PCURVE_S1.);
#2682 = CIRCLE('',#2683,3.5);
#2683 = AXIS2_PLACEMENT_3D('',#2684,#2685,#2686);
#2684 = CARTESIAN_POINT('',(-10.404941,-7.5,0.));
#2685 = DIRECTION('',(0.,0.,1.));
#2686 = DIRECTION('',(1.,0.,-0.));
#2687 = PCURVE('',#1521,#2688);
#2688 = DEFINITIONAL_REPRESENTATION('',(#2689),#2693);
#2689 = CIRCLE('',#2690,3.5);
#2690 = AXIS2_PLACEMENT_2D('',#2691,#2692);
#2691 = CARTESIAN_POINT('',(0.,10.768516));
#2692 = DIRECTION('',(1.,0.));
#2693 = ( GEOMETRIC_REPRESENTATION_CONTEXT(2) 
PARAMETRIC_REPRESENTATION_CONTEXT() REPRESENTATION_CONTEXT('2D SPACE',''
  ) );
#2694 = PCURVE('',#2695,#2700);
#2695 = PLANE('',#2696);
#2696 = AXIS2_PLACEMENT_3D('',#2697,#2698,#2699);
#2697 = CARTESIAN_POINT('',(-10.404941,-18.268516,0.));
#2698 = DIRECTION('',(0.,0.,1.));
#2699 = DIRECTION('',(1.,0.,-0.));
#2700 = DEFINITIONAL_REPRESENTATION('',(#2701),#2705);
#2701 = CIRCLE('',#2702,3.5);
#2702 = AXIS2_PLACEMENT_2D('',#2703,#2704);
#2703 = CARTESIAN_POINT('',(0.,10.768516));
#2704 = DIRECTION('',(1.,0.));
#2705 = ( GEOMETRIC_REPRESENTATION_CONTEXT(2) 
PARAMETRIC_REPRESENTATION_CONTEXT() REPRESENTATION_CONTEXT('2D SPACE',''
  ) );
#2706 = ADVANCED_FACE('',(#2707),#1493,.T.);
#2707 = FACE_BOUND('',#2708,.T.);
#2708 = EDGE_LOOP('',(#2709,#2732,#2761,#2782));
#2709 = ORIENTED_EDGE('',*,*,#2710,.F.);
#2710 = EDGE_CURVE('',#2711,#1454,#2713,.T.);
#2711 = VERTEX_POINT('',#2712);
#2712 = CARTESIAN_POINT('',(-10.5,-4.24841235909,0.));
#2713 = SURFACE_CURVE('',#2714,(#2718,#2725),.PCURVE_S1.);
#2714 = LINE('',#2715,#2716);
#2715 = CARTESIAN_POINT('',(-10.5,-5.,0.));
#2716 = VECTOR('',#2717,1.);
#2717 = DIRECTION('',(-0.,1.,0.));
#2718 = PCURVE('',#1493,#2719);
#2719 = DEFINITIONAL_REPRESENTATION('',(#2720),#2724);
#2720 = LINE('',#2721,#2722);
#2721 = CARTESIAN_POINT('',(0.,0.));
#2722 = VECTOR('',#2723,1.);
#2723 = DIRECTION('',(0.,1.));
#2724 = ( GEOMETRIC_REPRESENTATION_CONTEXT(2) 
PARAMETRIC_REPRESENTATION_CONTEXT() REPRESENTATION_CONTEXT('2D SPACE',''
  ) );
#2725 = PCURVE('',#2246,#2726);
#2726 = DEFINITIONAL_REPRESENTATION('',(#2727),#2731);
#2727 = LINE('',#2728,#2729);
#2728 = CARTESIAN_POINT('',(0.,-1.5));
#2729 = VECTOR('',#2730,1.);
#2730 = DIRECTION('',(0.,1.));
#2731 = ( GEOMETRIC_REPRESENTATION_CONTEXT(2) 
PARAMETRIC_REPRESENTATION_CONTEXT() REPRESENTATION_CONTEXT('2D SPACE',''
  ) );
#2732 = ORIENTED_EDGE('',*,*,#2733,.F.);
#2733 = EDGE_CURVE('',#2734,#2711,#2736,.T.);
#2734 = VERTEX_POINT('',#2735);
#2735 = CARTESIAN_POINT('',(-10.404941,-4.212143555445,0.));
#2736 = SURFACE_CURVE('',#2737,(#2742,#2749),.PCURVE_S1.);
#2737 = CIRCLE('',#2738,3.5);
#2738 = AXIS2_PLACEMENT_3D('',#2739,#2740,#2741);
#2739 = CARTESIAN_POINT('',(-9.204941,-7.5,0.));
#2740 = DIRECTION('',(0.,0.,1.));
#2741 = DIRECTION('',(1.,0.,-0.));
#2742 = PCURVE('',#1493,#2743);
#2743 = DEFINITIONAL_REPRESENTATION('',(#2744),#2748);
#2744 = CIRCLE('',#2745,3.5);
#2745 = AXIS2_PLACEMENT_2D('',#2746,#2747);
#2746 = CARTESIAN_POINT('',(1.295059,-2.5));
#2747 = DIRECTION('',(1.,0.));
#2748 = ( GEOMETRIC_REPRESENTATION_CONTEXT(2) 
PARAMETRIC_REPRESENTATION_CONTEXT() REPRESENTATION_CONTEXT('2D SPACE',''
  ) );
#2749 = PCURVE('',#2750,#2755);
#2750 = PLANE('',#2751);
#2751 = AXIS2_PLACEMENT_3D('',#2752,#2753,#2754);
#2752 = CARTESIAN_POINT('',(-10.5,-5.,0.));
#2753 = DIRECTION('',(0.,0.,1.));
#2754 = DIRECTION('',(1.,0.,-0.));
#2755 = DEFINITIONAL_REPRESENTATION('',(#2756),#2760);
#2756 = CIRCLE('',#2757,3.5);
#2757 = AXIS2_PLACEMENT_2D('',#2758,#2759);
#2758 = CARTESIAN_POINT('',(1.295059,-2.5));
#2759 = DIRECTION('',(1.,0.));
#2760 = ( GEOMETRIC_REPRESENTATION_CONTEXT(2) 
PARAMETRIC_REPRESENTATION_CONTEXT() REPRESENTATION_CONTEXT('2D SPACE',''
  ) );
#2761 = ORIENTED_EDGE('',*,*,#2762,.T.);
#2762 = EDGE_CURVE('',#2734,#1477,#2763,.T.);
#2763 = SURFACE_CURVE('',#2764,(#2768,#2775),.PCURVE_S1.);
#2764 = LINE('',#2765,#2766);
#2765 = CARTESIAN_POINT('',(-10.404941,-18.268516,0.));
#2766 = VECTOR('',#2767,1.);
#2767 = DIRECTION('',(-0.,1.,0.));
#2768 = PCURVE('',#1493,#2769);
#2769 = DEFINITIONAL_REPRESENTATION('',(#2770),#2774);
#2770 = LINE('',#2771,#2772);
#2771 = CARTESIAN_POINT('',(9.5059E-02,-13.268516));
#2772 = VECTOR('',#2773,1.);
#2773 = DIRECTION('',(0.,1.));
#2774 = ( GEOMETRIC_REPRESENTATION_CONTEXT(2) 
PARAMETRIC_REPRESENTATION_CONTEXT() REPRESENTATION_CONTEXT('2D SPACE',''
  ) );
#2775 = PCURVE('',#2695,#2776);
#2776 = DEFINITIONAL_REPRESENTATION('',(#2777),#2781);
#2777 = LINE('',#2778,#2779);
#2778 = CARTESIAN_POINT('',(0.,0.));
#2779 = VECTOR('',#2780,1.);
#2780 = DIRECTION('',(0.,1.));
#2781 = ( GEOMETRIC_REPRESENTATION_CONTEXT(2) 
PARAMETRIC_REPRESENTATION_CONTEXT() REPRESENTATION_CONTEXT('2D SPACE',''
  ) );
#2782 = ORIENTED_EDGE('',*,*,#1476,.T.);
#2783 = ADVANCED_FACE('',(#2784),#1611,.T.);
#2784 = FACE_BOUND('',#2785,.T.);
#2785 = EDGE_LOOP('',(#2786,#2787,#2815,#2843));
#2786 = ORIENTED_EDGE('',*,*,#1594,.T.);
#2787 = ORIENTED_EDGE('',*,*,#2788,.T.);
#2788 = EDGE_CURVE('',#1567,#2789,#2791,.T.);
#2789 = VERTEX_POINT('',#2790);
#2790 = CARTESIAN_POINT('',(9.204965,-5.,0.));
#2791 = SURFACE_CURVE('',#2792,(#2796,#2803),.PCURVE_S1.);
#2792 = LINE('',#2793,#2794);
#2793 = CARTESIAN_POINT('',(-10.5,-5.,0.));
#2794 = VECTOR('',#2795,1.);
#2795 = DIRECTION('',(1.,0.,-0.));
#2796 = PCURVE('',#1611,#2797);
#2797 = DEFINITIONAL_REPRESENTATION('',(#2798),#2802);
#2798 = LINE('',#2799,#2800);
#2799 = CARTESIAN_POINT('',(0.,0.));
#2800 = VECTOR('',#2801,1.);
#2801 = DIRECTION('',(1.,0.));
#2802 = ( GEOMETRIC_REPRESENTATION_CONTEXT(2) 
PARAMETRIC_REPRESENTATION_CONTEXT() REPRESENTATION_CONTEXT('2D SPACE',''
  ) );
#2803 = PCURVE('',#2804,#2809);
#2804 = PLANE('',#2805);
#2805 = AXIS2_PLACEMENT_3D('',#2806,#2807,#2808);
#2806 = CARTESIAN_POINT('',(9.204965,-7.5,0.));
#2807 = DIRECTION('',(0.,0.,1.));
#2808 = DIRECTION('',(1.,0.,-0.));
#2809 = DEFINITIONAL_REPRESENTATION('',(#2810),#2814);
#2810 = LINE('',#2811,#2812);
#2811 = CARTESIAN_POINT('',(-19.704965,2.5));
#2812 = VECTOR('',#2813,1.);
#2813 = DIRECTION('',(1.,0.));
#2814 = ( GEOMETRIC_REPRESENTATION_CONTEXT(2) 
PARAMETRIC_REPRESENTATION_CONTEXT() REPRESENTATION_CONTEXT('2D SPACE',''
  ) );
#2815 = ORIENTED_EDGE('',*,*,#2816,.T.);
#2816 = EDGE_CURVE('',#2789,#2817,#2819,.T.);
#2817 = VERTEX_POINT('',#2818);
#2818 = CARTESIAN_POINT('',(9.204965,-4.256891239727,0.));
#2819 = SURFACE_CURVE('',#2820,(#2824,#2831),.PCURVE_S1.);
#2820 = LINE('',#2821,#2822);
#2821 = CARTESIAN_POINT('',(9.204965,-18.270142,0.));
#2822 = VECTOR('',#2823,1.);
#2823 = DIRECTION('',(-0.,1.,0.));
#2824 = PCURVE('',#1611,#2825);
#2825 = DEFINITIONAL_REPRESENTATION('',(#2826),#2830);
#2826 = LINE('',#2827,#2828);
#2827 = CARTESIAN_POINT('',(19.704965,-13.270142));
#2828 = VECTOR('',#2829,1.);
#2829 = DIRECTION('',(0.,1.));
#2830 = ( GEOMETRIC_REPRESENTATION_CONTEXT(2) 
PARAMETRIC_REPRESENTATION_CONTEXT() REPRESENTATION_CONTEXT('2D SPACE',''
  ) );
#2831 = PCURVE('',#2832,#2837);
#2832 = PLANE('',#2833);
#2833 = AXIS2_PLACEMENT_3D('',#2834,#2835,#2836);
#2834 = CARTESIAN_POINT('',(-10.5,-5.,0.));
#2835 = DIRECTION('',(0.,0.,1.));
#2836 = DIRECTION('',(1.,0.,-0.));
#2837 = DEFINITIONAL_REPRESENTATION('',(#2838),#2842);
#2838 = LINE('',#2839,#2840);
#2839 = CARTESIAN_POINT('',(19.704965,-13.270142));
#2840 = VECTOR('',#2841,1.);
#2841 = DIRECTION('',(0.,1.));
#2842 = ( GEOMETRIC_REPRESENTATION_CONTEXT(2) 
PARAMETRIC_REPRESENTATION_CONTEXT() REPRESENTATION_CONTEXT('2D SPACE',''
  ) );
#2843 = ORIENTED_EDGE('',*,*,#2844,.F.);
#2844 = EDGE_CURVE('',#1595,#2817,#2845,.T.);
#2845 = SURFACE_CURVE('',#2846,(#2851,#2858),.PCURVE_S1.);
#2846 = CIRCLE('',#2847,1.5);
#2847 = AXIS2_PLACEMENT_3D('',#2848,#2849,#2850);
#2848 = CARTESIAN_POINT('',(10.5,-3.5,0.));
#2849 = DIRECTION('',(0.,0.,1.));
#2850 = DIRECTION('',(1.,0.,-0.));
#2851 = PCURVE('',#1611,#2852);
#2852 = DEFINITIONAL_REPRESENTATION('',(#2853),#2857);
#2853 = CIRCLE('',#2854,1.5);
#2854 = AXIS2_PLACEMENT_2D('',#2855,#2856);
#2855 = CARTESIAN_POINT('',(21.,1.5));
#2856 = DIRECTION('',(1.,0.));
#2857 = ( GEOMETRIC_REPRESENTATION_CONTEXT(2) 
PARAMETRIC_REPRESENTATION_CONTEXT() REPRESENTATION_CONTEXT('2D SPACE',''
  ) );
#2858 = PCURVE('',#2559,#2859);
#2859 = DEFINITIONAL_REPRESENTATION('',(#2860),#2864);
#2860 = CIRCLE('',#2861,1.5);
#2861 = AXIS2_PLACEMENT_2D('',#2862,#2863);
#2862 = CARTESIAN_POINT('',(21.,1.5));
#2863 = DIRECTION('',(1.,0.));
#2864 = ( GEOMETRIC_REPRESENTATION_CONTEXT(2) 
PARAMETRIC_REPRESENTATION_CONTEXT() REPRESENTATION_CONTEXT('2D SPACE',''
  ) );
#2865 = ADVANCED_FACE('',(#2866),#1582,.T.);
#2866 = FACE_BOUND('',#2867,.T.);
#2867 = EDGE_LOOP('',(#2868,#2892,#2893,#2917));
#2868 = ORIENTED_EDGE('',*,*,#2869,.F.);
#2869 = EDGE_CURVE('',#1567,#2870,#2872,.T.);
#2870 = VERTEX_POINT('',#2871);
#2871 = CARTESIAN_POINT('',(6.904965,-7.5,0.));
#2872 = SURFACE_CURVE('',#2873,(#2878,#2885),.PCURVE_S1.);
#2873 = CIRCLE('',#2874,3.5);
#2874 = AXIS2_PLACEMENT_3D('',#2875,#2876,#2877);
#2875 = CARTESIAN_POINT('',(10.404965,-7.5,0.));
#2876 = DIRECTION('',(0.,0.,1.));
#2877 = DIRECTION('',(1.,0.,-0.));
#2878 = PCURVE('',#1582,#2879);
#2879 = DEFINITIONAL_REPRESENTATION('',(#2880),#2884);
#2880 = CIRCLE('',#2881,3.5);
#2881 = AXIS2_PLACEMENT_2D('',#2882,#2883);
#2882 = CARTESIAN_POINT('',(1.2,0.));
#2883 = DIRECTION('',(1.,0.));
#2884 = ( GEOMETRIC_REPRESENTATION_CONTEXT(2) 
PARAMETRIC_REPRESENTATION_CONTEXT() REPRESENTATION_CONTEXT('2D SPACE',''
  ) );
#2885 = PCURVE('',#2804,#2886);
#2886 = DEFINITIONAL_REPRESENTATION('',(#2887),#2891);
#2887 = CIRCLE('',#2888,3.5);
#2888 = AXIS2_PLACEMENT_2D('',#2889,#2890);
#2889 = CARTESIAN_POINT('',(1.2,0.));
#2890 = DIRECTION('',(1.,0.));
#2891 = ( GEOMETRIC_REPRESENTATION_CONTEXT(2) 
PARAMETRIC_REPRESENTATION_CONTEXT() REPRESENTATION_CONTEXT('2D SPACE',''
  ) );
#2892 = ORIENTED_EDGE('',*,*,#1566,.F.);
#2893 = ORIENTED_EDGE('',*,*,#2894,.T.);
#2894 = EDGE_CURVE('',#818,#2895,#2897,.T.);
#2895 = VERTEX_POINT('',#2896);
#2896 = CARTESIAN_POINT('',(5.704965,-7.5,0.));
#2897 = SURFACE_CURVE('',#2898,(#2903,#2910),.PCURVE_S1.);
#2898 = CIRCLE('',#2899,3.5);
#2899 = AXIS2_PLACEMENT_3D('',#2900,#2901,#2902);
#2900 = CARTESIAN_POINT('',(9.204965,-7.5,0.));
#2901 = DIRECTION('',(0.,0.,1.));
#2902 = DIRECTION('',(1.,0.,-0.));
#2903 = PCURVE('',#1582,#2904);
#2904 = DEFINITIONAL_REPRESENTATION('',(#2905),#2909);
#2905 = CIRCLE('',#2906,3.5);
#2906 = AXIS2_PLACEMENT_2D('',#2907,#2908);
#2907 = CARTESIAN_POINT('',(0.,0.));
#2908 = DIRECTION('',(1.,0.));
#2909 = ( GEOMETRIC_REPRESENTATION_CONTEXT(2) 
PARAMETRIC_REPRESENTATION_CONTEXT() REPRESENTATION_CONTEXT('2D SPACE',''
  ) );
#2910 = PCURVE('',#1716,#2911);
#2911 = DEFINITIONAL_REPRESENTATION('',(#2912),#2916);
#2912 = LINE('',#2913,#2914);
#2913 = CARTESIAN_POINT('',(0.,1.8));
#2914 = VECTOR('',#2915,1.);
#2915 = DIRECTION('',(1.,0.));
#2916 = ( GEOMETRIC_REPRESENTATION_CONTEXT(2) 
PARAMETRIC_REPRESENTATION_CONTEXT() REPRESENTATION_CONTEXT('2D SPACE',''
  ) );
#2917 = ORIENTED_EDGE('',*,*,#2918,.T.);
#2918 = EDGE_CURVE('',#2895,#2870,#2919,.T.);
#2919 = SURFACE_CURVE('',#2920,(#2924,#2931),.PCURVE_S1.);
#2920 = LINE('',#2921,#2922);
#2921 = CARTESIAN_POINT('',(5.704965,-7.5,0.));
#2922 = VECTOR('',#2923,1.);
#2923 = DIRECTION('',(1.,0.,-0.));
#2924 = PCURVE('',#1582,#2925);
#2925 = DEFINITIONAL_REPRESENTATION('',(#2926),#2930);
#2926 = LINE('',#2927,#2928);
#2927 = CARTESIAN_POINT('',(-3.5,0.));
#2928 = VECTOR('',#2929,1.);
#2929 = DIRECTION('',(1.,0.));
#2930 = ( GEOMETRIC_REPRESENTATION_CONTEXT(2) 
PARAMETRIC_REPRESENTATION_CONTEXT() REPRESENTATION_CONTEXT('2D SPACE',''
  ) );
#2931 = PCURVE('',#2932,#2937);
#2932 = PLANE('',#2933);
#2933 = AXIS2_PLACEMENT_3D('',#2934,#2935,#2936);
#2934 = CARTESIAN_POINT('',(5.704965,-14.770142,0.));
#2935 = DIRECTION('',(0.,0.,1.));
#2936 = DIRECTION('',(1.,0.,-0.));
#2937 = DEFINITIONAL_REPRESENTATION('',(#2938),#2942);
#2938 = LINE('',#2939,#2940);
#2939 = CARTESIAN_POINT('',(0.,7.270142));
#2940 = VECTOR('',#2941,1.);
#2941 = DIRECTION('',(1.,0.));
#2942 = ( GEOMETRIC_REPRESENTATION_CONTEXT(2) 
PARAMETRIC_REPRESENTATION_CONTEXT() REPRESENTATION_CONTEXT('2D SPACE',''
  ) );
#2943 = ADVANCED_FACE('',(#2944),#1666,.F.);
#2944 = FACE_BOUND('',#2945,.F.);
#2945 = EDGE_LOOP('',(#2946,#2977,#2999,#3000,#3024,#3053));
#2946 = ORIENTED_EDGE('',*,*,#2947,.F.);
#2947 = EDGE_CURVE('',#2948,#2950,#2952,.T.);
#2948 = VERTEX_POINT('',#2949);
#2949 = CARTESIAN_POINT('',(-9.086496812715,-4.002004720629,-1.));
#2950 = VERTEX_POINT('',#2951);
#2951 = CARTESIAN_POINT('',(-9.,-3.5,-1.));
#2952 = SURFACE_CURVE('',#2953,(#2958,#2965),.PCURVE_S1.);
#2953 = CIRCLE('',#2954,1.5);
#2954 = AXIS2_PLACEMENT_3D('',#2955,#2956,#2957);
#2955 = CARTESIAN_POINT('',(-10.5,-3.5,-1.));
#2956 = DIRECTION('',(0.,0.,1.));
#2957 = DIRECTION('',(1.,0.,-0.));
#2958 = PCURVE('',#1666,#2959);
#2959 = DEFINITIONAL_REPRESENTATION('',(#2960),#2964);
#2960 = CIRCLE('',#2961,1.5);
#2961 = AXIS2_PLACEMENT_2D('',#2962,#2963);
#2962 = CARTESIAN_POINT('',(0.,1.5));
#2963 = DIRECTION('',(1.,0.));
#2964 = ( GEOMETRIC_REPRESENTATION_CONTEXT(2) 
PARAMETRIC_REPRESENTATION_CONTEXT() REPRESENTATION_CONTEXT('2D SPACE',''
  ) );
#2965 = PCURVE('',#2966,#2971);
#2966 = PLANE('',#2967);
#2967 = AXIS2_PLACEMENT_3D('',#2968,#2969,#2970);
#2968 = CARTESIAN_POINT('',(-10.5,-5.,-1.));
#2969 = DIRECTION('',(0.,0.,1.));
#2970 = DIRECTION('',(1.,0.,-0.));
#2971 = DEFINITIONAL_REPRESENTATION('',(#2972),#2976);
#2972 = CIRCLE('',#2973,1.5);
#2973 = AXIS2_PLACEMENT_2D('',#2974,#2975);
#2974 = CARTESIAN_POINT('',(0.,1.5));
#2975 = DIRECTION('',(1.,0.));
#2976 = ( GEOMETRIC_REPRESENTATION_CONTEXT(2) 
PARAMETRIC_REPRESENTATION_CONTEXT() REPRESENTATION_CONTEXT('2D SPACE',''
  ) );
#2977 = ORIENTED_EDGE('',*,*,#2978,.F.);
#2978 = EDGE_CURVE('',#1649,#2948,#2979,.T.);
#2979 = SURFACE_CURVE('',#2980,(#2985,#2992),.PCURVE_S1.);
#2980 = CIRCLE('',#2981,3.5);
#2981 = AXIS2_PLACEMENT_3D('',#2982,#2983,#2984);
#2982 = CARTESIAN_POINT('',(-9.204941,-7.5,-1.));
#2983 = DIRECTION('',(0.,0.,1.));
#2984 = DIRECTION('',(1.,0.,-0.));
#2985 = PCURVE('',#1666,#2986);
#2986 = DEFINITIONAL_REPRESENTATION('',(#2987),#2991);
#2987 = CIRCLE('',#2988,3.5);
#2988 = AXIS2_PLACEMENT_2D('',#2989,#2990);
#2989 = CARTESIAN_POINT('',(1.295059,-2.5));
#2990 = DIRECTION('',(1.,0.));
#2991 = ( GEOMETRIC_REPRESENTATION_CONTEXT(2) 
PARAMETRIC_REPRESENTATION_CONTEXT() REPRESENTATION_CONTEXT('2D SPACE',''
  ) );
#2992 = PCURVE('',#1691,#2993);
#2993 = DEFINITIONAL_REPRESENTATION('',(#2994),#2998);
#2994 = LINE('',#2995,#2996);
#2995 = CARTESIAN_POINT('',(0.,0.8));
#2996 = VECTOR('',#2997,1.);
#2997 = DIRECTION('',(1.,0.));
#2998 = ( GEOMETRIC_REPRESENTATION_CONTEXT(2) 
PARAMETRIC_REPRESENTATION_CONTEXT() REPRESENTATION_CONTEXT('2D SPACE',''
  ) );
#2999 = ORIENTED_EDGE('',*,*,#1648,.T.);
#3000 = ORIENTED_EDGE('',*,*,#3001,.F.);
#3001 = EDGE_CURVE('',#3002,#1651,#3004,.T.);
#3002 = VERTEX_POINT('',#3003);
#3003 = CARTESIAN_POINT('',(9.086497097927,-4.002005523707,-1.));
#3004 = SURFACE_CURVE('',#3005,(#3010,#3017),.PCURVE_S1.);
#3005 = CIRCLE('',#3006,3.5);
#3006 = AXIS2_PLACEMENT_3D('',#3007,#3008,#3009);
#3007 = CARTESIAN_POINT('',(9.204965,-7.5,-1.));
#3008 = DIRECTION('',(0.,0.,1.));
#3009 = DIRECTION('',(1.,0.,-0.));
#3010 = PCURVE('',#1666,#3011);
#3011 = DEFINITIONAL_REPRESENTATION('',(#3012),#3016);
#3012 = CIRCLE('',#3013,3.5);
#3013 = AXIS2_PLACEMENT_2D('',#3014,#3015);
#3014 = CARTESIAN_POINT('',(19.704965,-2.5));
#3015 = DIRECTION('',(1.,0.));
#3016 = ( GEOMETRIC_REPRESENTATION_CONTEXT(2) 
PARAMETRIC_REPRESENTATION_CONTEXT() REPRESENTATION_CONTEXT('2D SPACE',''
  ) );
#3017 = PCURVE('',#1716,#3018);
#3018 = DEFINITIONAL_REPRESENTATION('',(#3019),#3023);
#3019 = LINE('',#3020,#3021);
#3020 = CARTESIAN_POINT('',(0.,0.8));
#3021 = VECTOR('',#3022,1.);
#3022 = DIRECTION('',(1.,0.));
#3023 = ( GEOMETRIC_REPRESENTATION_CONTEXT(2) 
PARAMETRIC_REPRESENTATION_CONTEXT() REPRESENTATION_CONTEXT('2D SPACE',''
  ) );
#3024 = ORIENTED_EDGE('',*,*,#3025,.F.);
#3025 = EDGE_CURVE('',#3026,#3002,#3028,.T.);
#3026 = VERTEX_POINT('',#3027);
#3027 = CARTESIAN_POINT('',(9.,-3.5,-1.));
#3028 = SURFACE_CURVE('',#3029,(#3034,#3041),.PCURVE_S1.);
#3029 = CIRCLE('',#3030,1.5);
#3030 = AXIS2_PLACEMENT_3D('',#3031,#3032,#3033);
#3031 = CARTESIAN_POINT('',(10.5,-3.5,-1.));
#3032 = DIRECTION('',(0.,0.,1.));
#3033 = DIRECTION('',(1.,0.,-0.));
#3034 = PCURVE('',#1666,#3035);
#3035 = DEFINITIONAL_REPRESENTATION('',(#3036),#3040);
#3036 = CIRCLE('',#3037,1.5);
#3037 = AXIS2_PLACEMENT_2D('',#3038,#3039);
#3038 = CARTESIAN_POINT('',(21.,1.5));
#3039 = DIRECTION('',(1.,0.));
#3040 = ( GEOMETRIC_REPRESENTATION_CONTEXT(2) 
PARAMETRIC_REPRESENTATION_CONTEXT() REPRESENTATION_CONTEXT('2D SPACE',''
  ) );
#3041 = PCURVE('',#3042,#3047);
#3042 = PLANE('',#3043);
#3043 = AXIS2_PLACEMENT_3D('',#3044,#3045,#3046);
#3044 = CARTESIAN_POINT('',(-10.5,-5.,-1.));
#3045 = DIRECTION('',(0.,0.,1.));
#3046 = DIRECTION('',(1.,0.,-0.));
#3047 = DEFINITIONAL_REPRESENTATION('',(#3048),#3052);
#3048 = CIRCLE('',#3049,1.5);
#3049 = AXIS2_PLACEMENT_2D('',#3050,#3051);
#3050 = CARTESIAN_POINT('',(21.,1.5));
#3051 = DIRECTION('',(1.,0.));
#3052 = ( GEOMETRIC_REPRESENTATION_CONTEXT(2) 
PARAMETRIC_REPRESENTATION_CONTEXT() REPRESENTATION_CONTEXT('2D SPACE',''
  ) );
#3053 = ORIENTED_EDGE('',*,*,#3054,.F.);
#3054 = EDGE_CURVE('',#2950,#3026,#3055,.T.);
#3055 = SURFACE_CURVE('',#3056,(#3060,#3067),.PCURVE_S1.);
#3056 = LINE('',#3057,#3058);
#3057 = CARTESIAN_POINT('',(-12.,-3.5,-1.));
#3058 = VECTOR('',#3059,1.);
#3059 = DIRECTION('',(1.,0.,-0.));
#3060 = PCURVE('',#1666,#3061);
#3061 = DEFINITIONAL_REPRESENTATION('',(#3062),#3066);
#3062 = LINE('',#3063,#3064);
#3063 = CARTESIAN_POINT('',(-1.5,1.5));
#3064 = VECTOR('',#3065,1.);
#3065 = DIRECTION('',(1.,0.));
#3066 = ( GEOMETRIC_REPRESENTATION_CONTEXT(2) 
PARAMETRIC_REPRESENTATION_CONTEXT() REPRESENTATION_CONTEXT('2D SPACE',''
  ) );
#3067 = PCURVE('',#1966,#3068);
#3068 = DEFINITIONAL_REPRESENTATION('',(#3069),#3073);
#3069 = LINE('',#3070,#3071);
#3070 = CARTESIAN_POINT('',(-1.5,1.5));
#3071 = VECTOR('',#3072,1.);
#3072 = DIRECTION('',(1.,0.));
#3073 = ( GEOMETRIC_REPRESENTATION_CONTEXT(2) 
PARAMETRIC_REPRESENTATION_CONTEXT() REPRESENTATION_CONTEXT('2D SPACE',''
  ) );
#3074 = ADVANCED_FACE('',(#3075),#1716,.T.);
#3075 = FACE_BOUND('',#3076,.T.);
#3076 = EDGE_LOOP('',(#3077,#3101,#3129,#3158,#3184,#3185,#3186));
#3077 = ORIENTED_EDGE('',*,*,#3078,.F.);
#3078 = EDGE_CURVE('',#3079,#3002,#3081,.T.);
#3079 = VERTEX_POINT('',#3080);
#3080 = CARTESIAN_POINT('',(9.204965,-4.,-1.));
#3081 = SURFACE_CURVE('',#3082,(#3087,#3094),.PCURVE_S1.);
#3082 = CIRCLE('',#3083,3.5);
#3083 = AXIS2_PLACEMENT_3D('',#3084,#3085,#3086);
#3084 = CARTESIAN_POINT('',(9.204965,-7.5,-1.));
#3085 = DIRECTION('',(0.,0.,1.));
#3086 = DIRECTION('',(1.,0.,-0.));
#3087 = PCURVE('',#1716,#3088);
#3088 = DEFINITIONAL_REPRESENTATION('',(#3089),#3093);
#3089 = LINE('',#3090,#3091);
#3090 = CARTESIAN_POINT('',(0.,0.8));
#3091 = VECTOR('',#3092,1.);
#3092 = DIRECTION('',(1.,0.));
#3093 = ( GEOMETRIC_REPRESENTATION_CONTEXT(2) 
PARAMETRIC_REPRESENTATION_CONTEXT() REPRESENTATION_CONTEXT('2D SPACE',''
  ) );
#3094 = PCURVE('',#3042,#3095);
#3095 = DEFINITIONAL_REPRESENTATION('',(#3096),#3100);
#3096 = CIRCLE('',#3097,3.5);
#3097 = AXIS2_PLACEMENT_2D('',#3098,#3099);
#3098 = CARTESIAN_POINT('',(19.704965,-2.5));
#3099 = DIRECTION('',(1.,0.));
#3100 = ( GEOMETRIC_REPRESENTATION_CONTEXT(2) 
PARAMETRIC_REPRESENTATION_CONTEXT() REPRESENTATION_CONTEXT('2D SPACE',''
  ) );
#3101 = ORIENTED_EDGE('',*,*,#3102,.F.);
#3102 = EDGE_CURVE('',#3103,#3079,#3105,.T.);
#3103 = VERTEX_POINT('',#3104);
#3104 = CARTESIAN_POINT('',(9.204965,-4.,-1.8));
#3105 = SURFACE_CURVE('',#3106,(#3110,#3117),.PCURVE_S1.);
#3106 = LINE('',#3107,#3108);
#3107 = CARTESIAN_POINT('',(9.204965,-4.,-1.8));
#3108 = VECTOR('',#3109,1.);
#3109 = DIRECTION('',(0.,0.,1.));
#3110 = PCURVE('',#1716,#3111);
#3111 = DEFINITIONAL_REPRESENTATION('',(#3112),#3116);
#3112 = LINE('',#3113,#3114);
#3113 = CARTESIAN_POINT('',(1.570796326795,0.));
#3114 = VECTOR('',#3115,1.);
#3115 = DIRECTION('',(0.,1.));
#3116 = ( GEOMETRIC_REPRESENTATION_CONTEXT(2) 
PARAMETRIC_REPRESENTATION_CONTEXT() REPRESENTATION_CONTEXT('2D SPACE',''
  ) );
#3117 = PCURVE('',#3118,#3123);
#3118 = PLANE('',#3119);
#3119 = AXIS2_PLACEMENT_3D('',#3120,#3121,#3122);
#3120 = CARTESIAN_POINT('',(9.204965,-4.,-1.8));
#3121 = DIRECTION('',(-0.,1.,0.));
#3122 = DIRECTION('',(0.,0.,1.));
#3123 = DEFINITIONAL_REPRESENTATION('',(#3124),#3128);
#3124 = LINE('',#3125,#3126);
#3125 = CARTESIAN_POINT('',(0.,0.));
#3126 = VECTOR('',#3127,1.);
#3127 = DIRECTION('',(1.,0.));
#3128 = ( GEOMETRIC_REPRESENTATION_CONTEXT(2) 
PARAMETRIC_REPRESENTATION_CONTEXT() REPRESENTATION_CONTEXT('2D SPACE',''
  ) );
#3129 = ORIENTED_EDGE('',*,*,#3130,.T.);
#3130 = EDGE_CURVE('',#3103,#3131,#3133,.T.);
#3131 = VERTEX_POINT('',#3132);
#3132 = CARTESIAN_POINT('',(5.704965,-7.5,-1.8));
#3133 = SURFACE_CURVE('',#3134,(#3139,#3146),.PCURVE_S1.);
#3134 = CIRCLE('',#3135,3.5);
#3135 = AXIS2_PLACEMENT_3D('',#3136,#3137,#3138);
#3136 = CARTESIAN_POINT('',(9.204965,-7.5,-1.8));
#3137 = DIRECTION('',(0.,0.,1.));
#3138 = DIRECTION('',(1.,0.,-0.));
#3139 = PCURVE('',#1716,#3140);
#3140 = DEFINITIONAL_REPRESENTATION('',(#3141),#3145);
#3141 = LINE('',#3142,#3143);
#3142 = CARTESIAN_POINT('',(0.,0.));
#3143 = VECTOR('',#3144,1.);
#3144 = DIRECTION('',(1.,0.));
#3145 = ( GEOMETRIC_REPRESENTATION_CONTEXT(2) 
PARAMETRIC_REPRESENTATION_CONTEXT() REPRESENTATION_CONTEXT('2D SPACE',''
  ) );
#3146 = PCURVE('',#3147,#3152);
#3147 = PLANE('',#3148);
#3148 = AXIS2_PLACEMENT_3D('',#3149,#3150,#3151);
#3149 = CARTESIAN_POINT('',(9.204965,-7.5,-1.8));
#3150 = DIRECTION('',(0.,0.,1.));
#3151 = DIRECTION('',(1.,0.,-0.));
#3152 = DEFINITIONAL_REPRESENTATION('',(#3153),#3157);
#3153 = CIRCLE('',#3154,3.5);
#3154 = AXIS2_PLACEMENT_2D('',#3155,#3156);
#3155 = CARTESIAN_POINT('',(0.,0.));
#3156 = DIRECTION('',(1.,0.));
#3157 = ( GEOMETRIC_REPRESENTATION_CONTEXT(2) 
PARAMETRIC_REPRESENTATION_CONTEXT() REPRESENTATION_CONTEXT('2D SPACE',''
  ) );
#3158 = ORIENTED_EDGE('',*,*,#3159,.T.);
#3159 = EDGE_CURVE('',#3131,#2895,#3160,.T.);
#3160 = SURFACE_CURVE('',#3161,(#3165,#3172),.PCURVE_S1.);
#3161 = LINE('',#3162,#3163);
#3162 = CARTESIAN_POINT('',(5.704965,-7.5,-1.8));
#3163 = VECTOR('',#3164,1.);
#3164 = DIRECTION('',(0.,0.,1.));
#3165 = PCURVE('',#1716,#3166);
#3166 = DEFINITIONAL_REPRESENTATION('',(#3167),#3171);
#3167 = LINE('',#3168,#3169);
#3168 = CARTESIAN_POINT('',(3.14159265359,0.));
#3169 = VECTOR('',#3170,1.);
#3170 = DIRECTION('',(0.,1.));
#3171 = ( GEOMETRIC_REPRESENTATION_CONTEXT(2) 
PARAMETRIC_REPRESENTATION_CONTEXT() REPRESENTATION_CONTEXT('2D SPACE',''
  ) );
#3172 = PCURVE('',#3173,#3178);
#3173 = PLANE('',#3174);
#3174 = AXIS2_PLACEMENT_3D('',#3175,#3176,#3177);
#3175 = CARTESIAN_POINT('',(5.704965,-14.770142,-1.8));
#3176 = DIRECTION('',(1.,0.,-0.));
#3177 = DIRECTION('',(0.,0.,1.));
#3178 = DEFINITIONAL_REPRESENTATION('',(#3179),#3183);
#3179 = LINE('',#3180,#3181);
#3180 = CARTESIAN_POINT('',(0.,-7.270142));
#3181 = VECTOR('',#3182,1.);
#3182 = DIRECTION('',(1.,0.));
#3183 = ( GEOMETRIC_REPRESENTATION_CONTEXT(2) 
PARAMETRIC_REPRESENTATION_CONTEXT() REPRESENTATION_CONTEXT('2D SPACE',''
  ) );
#3184 = ORIENTED_EDGE('',*,*,#2894,.F.);
#3185 = ORIENTED_EDGE('',*,*,#1703,.F.);
#3186 = ORIENTED_EDGE('',*,*,#3001,.F.);
#3187 = ADVANCED_FACE('',(#3188),#1691,.T.);
#3188 = FACE_BOUND('',#3189,.T.);
#3189 = EDGE_LOOP('',(#3190,#3214,#3241,#3270,#3298,#3320,#3321));
#3190 = ORIENTED_EDGE('',*,*,#3191,.F.);
#3191 = EDGE_CURVE('',#3192,#789,#3194,.T.);
#3192 = VERTEX_POINT('',#3193);
#3193 = CARTESIAN_POINT('',(-5.704941,-7.5,0.));
#3194 = SURFACE_CURVE('',#3195,(#3200,#3207),.PCURVE_S1.);
#3195 = CIRCLE('',#3196,3.5);
#3196 = AXIS2_PLACEMENT_3D('',#3197,#3198,#3199);
#3197 = CARTESIAN_POINT('',(-9.204941,-7.5,0.));
#3198 = DIRECTION('',(0.,0.,1.));
#3199 = DIRECTION('',(1.,0.,-0.));
#3200 = PCURVE('',#1691,#3201);
#3201 = DEFINITIONAL_REPRESENTATION('',(#3202),#3206);
#3202 = LINE('',#3203,#3204);
#3203 = CARTESIAN_POINT('',(0.,1.8));
#3204 = VECTOR('',#3205,1.);
#3205 = DIRECTION('',(1.,0.));
#3206 = ( GEOMETRIC_REPRESENTATION_CONTEXT(2) 
PARAMETRIC_REPRESENTATION_CONTEXT() REPRESENTATION_CONTEXT('2D SPACE',''
  ) );
#3207 = PCURVE('',#1797,#3208);
#3208 = DEFINITIONAL_REPRESENTATION('',(#3209),#3213);
#3209 = CIRCLE('',#3210,3.5);
#3210 = AXIS2_PLACEMENT_2D('',#3211,#3212);
#3211 = CARTESIAN_POINT('',(0.,0.));
#3212 = DIRECTION('',(1.,0.));
#3213 = ( GEOMETRIC_REPRESENTATION_CONTEXT(2) 
PARAMETRIC_REPRESENTATION_CONTEXT() REPRESENTATION_CONTEXT('2D SPACE',''
  ) );
#3214 = ORIENTED_EDGE('',*,*,#3215,.F.);
#3215 = EDGE_CURVE('',#3216,#3192,#3218,.T.);
#3216 = VERTEX_POINT('',#3217);
#3217 = CARTESIAN_POINT('',(-5.704941,-7.5,-1.8));
#3218 = SURFACE_CURVE('',#3219,(#3223,#3229),.PCURVE_S1.);
#3219 = LINE('',#3220,#3221);
#3220 = CARTESIAN_POINT('',(-5.704941,-7.5,-1.8));
#3221 = VECTOR('',#3222,1.);
#3222 = DIRECTION('',(0.,0.,1.));
#3223 = PCURVE('',#1691,#3224);
#3224 = DEFINITIONAL_REPRESENTATION('',(#3225),#3228);
#3225 = B_SPLINE_CURVE_WITH_KNOTS('',1,(#3226,#3227),.UNSPECIFIED.,.F.,
  .F.,(2,2),(0.,1.8),.PIECEWISE_BEZIER_KNOTS.);
#3226 = CARTESIAN_POINT('',(0.,0.));
#3227 = CARTESIAN_POINT('',(0.,1.8));
#3228 = ( GEOMETRIC_REPRESENTATION_CONTEXT(2) 
PARAMETRIC_REPRESENTATION_CONTEXT() REPRESENTATION_CONTEXT('2D SPACE',''
  ) );
#3229 = PCURVE('',#3230,#3235);
#3230 = PLANE('',#3231);
#3231 = AXIS2_PLACEMENT_3D('',#3232,#3233,#3234);
#3232 = CARTESIAN_POINT('',(-5.704941,-14.768516,-1.8));
#3233 = DIRECTION('',(1.,0.,-0.));
#3234 = DIRECTION('',(0.,0.,1.));
#3235 = DEFINITIONAL_REPRESENTATION('',(#3236),#3240);
#3236 = LINE('',#3237,#3238);
#3237 = CARTESIAN_POINT('',(0.,-7.268516));
#3238 = VECTOR('',#3239,1.);
#3239 = DIRECTION('',(1.,0.));
#3240 = ( GEOMETRIC_REPRESENTATION_CONTEXT(2) 
PARAMETRIC_REPRESENTATION_CONTEXT() REPRESENTATION_CONTEXT('2D SPACE',''
  ) );
#3241 = ORIENTED_EDGE('',*,*,#3242,.T.);
#3242 = EDGE_CURVE('',#3216,#3243,#3245,.T.);
#3243 = VERTEX_POINT('',#3244);
#3244 = CARTESIAN_POINT('',(-9.204941,-4.,-1.8));
#3245 = SURFACE_CURVE('',#3246,(#3251,#3258),.PCURVE_S1.);
#3246 = CIRCLE('',#3247,3.5);
#3247 = AXIS2_PLACEMENT_3D('',#3248,#3249,#3250);
#3248 = CARTESIAN_POINT('',(-9.204941,-7.5,-1.8));
#3249 = DIRECTION('',(0.,0.,1.));
#3250 = DIRECTION('',(1.,0.,-0.));
#3251 = PCURVE('',#1691,#3252);
#3252 = DEFINITIONAL_REPRESENTATION('',(#3253),#3257);
#3253 = LINE('',#3254,#3255);
#3254 = CARTESIAN_POINT('',(0.,0.));
#3255 = VECTOR('',#3256,1.);
#3256 = DIRECTION('',(1.,0.));
#3257 = ( GEOMETRIC_REPRESENTATION_CONTEXT(2) 
PARAMETRIC_REPRESENTATION_CONTEXT() REPRESENTATION_CONTEXT('2D SPACE',''
  ) );
#3258 = PCURVE('',#3259,#3264);
#3259 = PLANE('',#3260);
#3260 = AXIS2_PLACEMENT_3D('',#3261,#3262,#3263);
#3261 = CARTESIAN_POINT('',(-9.204941,-7.5,-1.8));
#3262 = DIRECTION('',(0.,0.,1.));
#3263 = DIRECTION('',(1.,0.,-0.));
#3264 = DEFINITIONAL_REPRESENTATION('',(#3265),#3269);
#3265 = CIRCLE('',#3266,3.5);
#3266 = AXIS2_PLACEMENT_2D('',#3267,#3268);
#3267 = CARTESIAN_POINT('',(0.,0.));
#3268 = DIRECTION('',(1.,0.));
#3269 = ( GEOMETRIC_REPRESENTATION_CONTEXT(2) 
PARAMETRIC_REPRESENTATION_CONTEXT() REPRESENTATION_CONTEXT('2D SPACE',''
  ) );
#3270 = ORIENTED_EDGE('',*,*,#3271,.T.);
#3271 = EDGE_CURVE('',#3243,#3272,#3274,.T.);
#3272 = VERTEX_POINT('',#3273);
#3273 = CARTESIAN_POINT('',(-9.204941,-4.,-1.));
#3274 = SURFACE_CURVE('',#3275,(#3279,#3286),.PCURVE_S1.);
#3275 = LINE('',#3276,#3277);
#3276 = CARTESIAN_POINT('',(-9.204941,-4.,-1.8));
#3277 = VECTOR('',#3278,1.);
#3278 = DIRECTION('',(0.,0.,1.));
#3279 = PCURVE('',#1691,#3280);
#3280 = DEFINITIONAL_REPRESENTATION('',(#3281),#3285);
#3281 = LINE('',#3282,#3283);
#3282 = CARTESIAN_POINT('',(1.570796326795,0.));
#3283 = VECTOR('',#3284,1.);
#3284 = DIRECTION('',(0.,1.));
#3285 = ( GEOMETRIC_REPRESENTATION_CONTEXT(2) 
PARAMETRIC_REPRESENTATION_CONTEXT() REPRESENTATION_CONTEXT('2D SPACE',''
  ) );
#3286 = PCURVE('',#3287,#3292);
#3287 = PLANE('',#3288);
#3288 = AXIS2_PLACEMENT_3D('',#3289,#3290,#3291);
#3289 = CARTESIAN_POINT('',(-10.404941,-4.,-1.8));
#3290 = DIRECTION('',(-0.,1.,0.));
#3291 = DIRECTION('',(0.,0.,1.));
#3292 = DEFINITIONAL_REPRESENTATION('',(#3293),#3297);
#3293 = LINE('',#3294,#3295);
#3294 = CARTESIAN_POINT('',(0.,1.2));
#3295 = VECTOR('',#3296,1.);
#3296 = DIRECTION('',(1.,0.));
#3297 = ( GEOMETRIC_REPRESENTATION_CONTEXT(2) 
PARAMETRIC_REPRESENTATION_CONTEXT() REPRESENTATION_CONTEXT('2D SPACE',''
  ) );
#3298 = ORIENTED_EDGE('',*,*,#3299,.F.);
#3299 = EDGE_CURVE('',#2948,#3272,#3300,.T.);
#3300 = SURFACE_CURVE('',#3301,(#3306,#3313),.PCURVE_S1.);
#3301 = CIRCLE('',#3302,3.5);
#3302 = AXIS2_PLACEMENT_3D('',#3303,#3304,#3305);
#3303 = CARTESIAN_POINT('',(-9.204941,-7.5,-1.));
#3304 = DIRECTION('',(0.,0.,1.));
#3305 = DIRECTION('',(1.,0.,-0.));
#3306 = PCURVE('',#1691,#3307);
#3307 = DEFINITIONAL_REPRESENTATION('',(#3308),#3312);
#3308 = LINE('',#3309,#3310);
#3309 = CARTESIAN_POINT('',(0.,0.8));
#3310 = VECTOR('',#3311,1.);
#3311 = DIRECTION('',(1.,0.));
#3312 = ( GEOMETRIC_REPRESENTATION_CONTEXT(2) 
PARAMETRIC_REPRESENTATION_CONTEXT() REPRESENTATION_CONTEXT('2D SPACE',''
  ) );
#3313 = PCURVE('',#2966,#3314);
#3314 = DEFINITIONAL_REPRESENTATION('',(#3315),#3319);
#3315 = CIRCLE('',#3316,3.5);
#3316 = AXIS2_PLACEMENT_2D('',#3317,#3318);
#3317 = CARTESIAN_POINT('',(1.295059,-2.5));
#3318 = DIRECTION('',(1.,0.));
#3319 = ( GEOMETRIC_REPRESENTATION_CONTEXT(2) 
PARAMETRIC_REPRESENTATION_CONTEXT() REPRESENTATION_CONTEXT('2D SPACE',''
  ) );
#3320 = ORIENTED_EDGE('',*,*,#2978,.F.);
#3321 = ORIENTED_EDGE('',*,*,#1678,.T.);
#3322 = ADVANCED_FACE('',(#3323),#1797,.T.);
#3323 = FACE_BOUND('',#3324,.T.);
#3324 = EDGE_LOOP('',(#3325,#3354,#3380,#3381));
#3325 = ORIENTED_EDGE('',*,*,#3326,.F.);
#3326 = EDGE_CURVE('',#3327,#1755,#3329,.T.);
#3327 = VERTEX_POINT('',#3328);
#3328 = CARTESIAN_POINT('',(-6.904941,-7.5,0.));
#3329 = SURFACE_CURVE('',#3330,(#3335,#3342),.PCURVE_S1.);
#3330 = CIRCLE('',#3331,3.5);
#3331 = AXIS2_PLACEMENT_3D('',#3332,#3333,#3334);
#3332 = CARTESIAN_POINT('',(-10.404941,-7.5,0.));
#3333 = DIRECTION('',(0.,0.,1.));
#3334 = DIRECTION('',(1.,0.,-0.));
#3335 = PCURVE('',#1797,#3336);
#3336 = DEFINITIONAL_REPRESENTATION('',(#3337),#3341);
#3337 = CIRCLE('',#3338,3.5);
#3338 = AXIS2_PLACEMENT_2D('',#3339,#3340);
#3339 = CARTESIAN_POINT('',(-1.2,0.));
#3340 = DIRECTION('',(1.,0.));
#3341 = ( GEOMETRIC_REPRESENTATION_CONTEXT(2) 
PARAMETRIC_REPRESENTATION_CONTEXT() REPRESENTATION_CONTEXT('2D SPACE',''
  ) );
#3342 = PCURVE('',#3343,#3348);
#3343 = PLANE('',#3344);
#3344 = AXIS2_PLACEMENT_3D('',#3345,#3346,#3347);
#3345 = CARTESIAN_POINT('',(-10.404941,-7.5,0.));
#3346 = DIRECTION('',(0.,0.,1.));
#3347 = DIRECTION('',(1.,0.,-0.));
#3348 = DEFINITIONAL_REPRESENTATION('',(#3349),#3353);
#3349 = CIRCLE('',#3350,3.5);
#3350 = AXIS2_PLACEMENT_2D('',#3351,#3352);
#3351 = CARTESIAN_POINT('',(0.,0.));
#3352 = DIRECTION('',(1.,0.));
#3353 = ( GEOMETRIC_REPRESENTATION_CONTEXT(2) 
PARAMETRIC_REPRESENTATION_CONTEXT() REPRESENTATION_CONTEXT('2D SPACE',''
  ) );
#3354 = ORIENTED_EDGE('',*,*,#3355,.T.);
#3355 = EDGE_CURVE('',#3327,#3192,#3356,.T.);
#3356 = SURFACE_CURVE('',#3357,(#3361,#3368),.PCURVE_S1.);
#3357 = LINE('',#3358,#3359);
#3358 = CARTESIAN_POINT('',(-13.904941,-7.5,0.));
#3359 = VECTOR('',#3360,1.);
#3360 = DIRECTION('',(1.,0.,-0.));
#3361 = PCURVE('',#1797,#3362);
#3362 = DEFINITIONAL_REPRESENTATION('',(#3363),#3367);
#3363 = LINE('',#3364,#3365);
#3364 = CARTESIAN_POINT('',(-4.7,0.));
#3365 = VECTOR('',#3366,1.);
#3366 = DIRECTION('',(1.,0.));
#3367 = ( GEOMETRIC_REPRESENTATION_CONTEXT(2) 
PARAMETRIC_REPRESENTATION_CONTEXT() REPRESENTATION_CONTEXT('2D SPACE',''
  ) );
#3368 = PCURVE('',#3369,#3374);
#3369 = PLANE('',#3370);
#3370 = AXIS2_PLACEMENT_3D('',#3371,#3372,#3373);
#3371 = CARTESIAN_POINT('',(-13.904941,-14.768516,0.));
#3372 = DIRECTION('',(0.,0.,1.));
#3373 = DIRECTION('',(1.,0.,-0.));
#3374 = DEFINITIONAL_REPRESENTATION('',(#3375),#3379);
#3375 = LINE('',#3376,#3377);
#3376 = CARTESIAN_POINT('',(0.,7.268516));
#3377 = VECTOR('',#3378,1.);
#3378 = DIRECTION('',(1.,0.));
#3379 = ( GEOMETRIC_REPRESENTATION_CONTEXT(2) 
PARAMETRIC_REPRESENTATION_CONTEXT() REPRESENTATION_CONTEXT('2D SPACE',''
  ) );
#3380 = ORIENTED_EDGE('',*,*,#3191,.T.);
#3381 = ORIENTED_EDGE('',*,*,#1783,.F.);
#3382 = ADVANCED_FACE('',(#3383),#1771,.T.);
#3383 = FACE_BOUND('',#3384,.T.);
#3384 = EDGE_LOOP('',(#3385,#3409,#3437,#3458));
#3385 = ORIENTED_EDGE('',*,*,#3386,.F.);
#3386 = EDGE_CURVE('',#3387,#1731,#3389,.T.);
#3387 = VERTEX_POINT('',#3388);
#3388 = CARTESIAN_POINT('',(-9.204941,-4.25685017442,0.));
#3389 = SURFACE_CURVE('',#3390,(#3395,#3402),.PCURVE_S1.);
#3390 = CIRCLE('',#3391,1.5);
#3391 = AXIS2_PLACEMENT_3D('',#3392,#3393,#3394);
#3392 = CARTESIAN_POINT('',(-10.5,-3.5,0.));
#3393 = DIRECTION('',(0.,0.,1.));
#3394 = DIRECTION('',(1.,0.,-0.));
#3395 = PCURVE('',#1771,#3396);
#3396 = DEFINITIONAL_REPRESENTATION('',(#3397),#3401);
#3397 = CIRCLE('',#3398,1.5);
#3398 = AXIS2_PLACEMENT_2D('',#3399,#3400);
#3399 = CARTESIAN_POINT('',(0.,1.5));
#3400 = DIRECTION('',(1.,0.));
#3401 = ( GEOMETRIC_REPRESENTATION_CONTEXT(2) 
PARAMETRIC_REPRESENTATION_CONTEXT() REPRESENTATION_CONTEXT('2D SPACE',''
  ) );
#3402 = PCURVE('',#2612,#3403);
#3403 = DEFINITIONAL_REPRESENTATION('',(#3404),#3408);
#3404 = CIRCLE('',#3405,1.5);
#3405 = AXIS2_PLACEMENT_2D('',#3406,#3407);
#3406 = CARTESIAN_POINT('',(0.,1.5));
#3407 = DIRECTION('',(1.,0.));
#3408 = ( GEOMETRIC_REPRESENTATION_CONTEXT(2) 
PARAMETRIC_REPRESENTATION_CONTEXT() REPRESENTATION_CONTEXT('2D SPACE',''
  ) );
#3409 = ORIENTED_EDGE('',*,*,#3410,.F.);
#3410 = EDGE_CURVE('',#3411,#3387,#3413,.T.);
#3411 = VERTEX_POINT('',#3412);
#3412 = CARTESIAN_POINT('',(-9.204941,-5.,0.));
#3413 = SURFACE_CURVE('',#3414,(#3418,#3425),.PCURVE_S1.);
#3414 = LINE('',#3415,#3416);
#3415 = CARTESIAN_POINT('',(-9.204941,-18.268516,0.));
#3416 = VECTOR('',#3417,1.);
#3417 = DIRECTION('',(-0.,1.,0.));
#3418 = PCURVE('',#1771,#3419);
#3419 = DEFINITIONAL_REPRESENTATION('',(#3420),#3424);
#3420 = LINE('',#3421,#3422);
#3421 = CARTESIAN_POINT('',(1.295059,-13.268516));
#3422 = VECTOR('',#3423,1.);
#3423 = DIRECTION('',(0.,1.));
#3424 = ( GEOMETRIC_REPRESENTATION_CONTEXT(2) 
PARAMETRIC_REPRESENTATION_CONTEXT() REPRESENTATION_CONTEXT('2D SPACE',''
  ) );
#3425 = PCURVE('',#3426,#3431);
#3426 = PLANE('',#3427);
#3427 = AXIS2_PLACEMENT_3D('',#3428,#3429,#3430);
#3428 = CARTESIAN_POINT('',(-10.5,-5.,0.));
#3429 = DIRECTION('',(0.,0.,1.));
#3430 = DIRECTION('',(1.,0.,-0.));
#3431 = DEFINITIONAL_REPRESENTATION('',(#3432),#3436);
#3432 = LINE('',#3433,#3434);
#3433 = CARTESIAN_POINT('',(1.295059,-13.268516));
#3434 = VECTOR('',#3435,1.);
#3435 = DIRECTION('',(0.,1.));
#3436 = ( GEOMETRIC_REPRESENTATION_CONTEXT(2) 
PARAMETRIC_REPRESENTATION_CONTEXT() REPRESENTATION_CONTEXT('2D SPACE',''
  ) );
#3437 = ORIENTED_EDGE('',*,*,#3438,.T.);
#3438 = EDGE_CURVE('',#3411,#1755,#3439,.T.);
#3439 = SURFACE_CURVE('',#3440,(#3444,#3451),.PCURVE_S1.);
#3440 = LINE('',#3441,#3442);
#3441 = CARTESIAN_POINT('',(-10.5,-5.,0.));
#3442 = VECTOR('',#3443,1.);
#3443 = DIRECTION('',(1.,0.,-0.));
#3444 = PCURVE('',#1771,#3445);
#3445 = DEFINITIONAL_REPRESENTATION('',(#3446),#3450);
#3446 = LINE('',#3447,#3448);
#3447 = CARTESIAN_POINT('',(0.,0.));
#3448 = VECTOR('',#3449,1.);
#3449 = DIRECTION('',(1.,0.));
#3450 = ( GEOMETRIC_REPRESENTATION_CONTEXT(2) 
PARAMETRIC_REPRESENTATION_CONTEXT() REPRESENTATION_CONTEXT('2D SPACE',''
  ) );
#3451 = PCURVE('',#3343,#3452);
#3452 = DEFINITIONAL_REPRESENTATION('',(#3453),#3457);
#3453 = LINE('',#3454,#3455);
#3454 = CARTESIAN_POINT('',(-9.5059E-02,2.5));
#3455 = VECTOR('',#3456,1.);
#3456 = DIRECTION('',(1.,0.));
#3457 = ( GEOMETRIC_REPRESENTATION_CONTEXT(2) 
PARAMETRIC_REPRESENTATION_CONTEXT() REPRESENTATION_CONTEXT('2D SPACE',''
  ) );
#3458 = ORIENTED_EDGE('',*,*,#1754,.T.);
#3459 = ADVANCED_FACE('',(#3460),#1829,.F.);
#3460 = FACE_BOUND('',#3461,.F.);
#3461 = EDGE_LOOP('',(#3462,#3463,#3489));
#3462 = ORIENTED_EDGE('',*,*,#1813,.F.);
#3463 = ORIENTED_EDGE('',*,*,#3464,.F.);
#3464 = EDGE_CURVE('',#2097,#1814,#3465,.T.);
#3465 = SURFACE_CURVE('',#3466,(#3470,#3477),.PCURVE_S1.);
#3466 = LINE('',#3467,#3468);
#3467 = CARTESIAN_POINT('',(10.5,-5.,-1.));
#3468 = VECTOR('',#3469,1.);
#3469 = DIRECTION('',(-0.,1.,0.));
#3470 = PCURVE('',#1829,#3471);
#3471 = DEFINITIONAL_REPRESENTATION('',(#3472),#3476);
#3472 = LINE('',#3473,#3474);
#3473 = CARTESIAN_POINT('',(22.5,-1.5));
#3474 = VECTOR('',#3475,1.);
#3475 = DIRECTION('',(0.,1.));
#3476 = ( GEOMETRIC_REPRESENTATION_CONTEXT(2) 
PARAMETRIC_REPRESENTATION_CONTEXT() REPRESENTATION_CONTEXT('2D SPACE',''
  ) );
#3477 = PCURVE('',#3478,#3483);
#3478 = PLANE('',#3479);
#3479 = AXIS2_PLACEMENT_3D('',#3480,#3481,#3482);
#3480 = CARTESIAN_POINT('',(-10.5,-5.,-1.));
#3481 = DIRECTION('',(0.,0.,1.));
#3482 = DIRECTION('',(1.,0.,-0.));
#3483 = DEFINITIONAL_REPRESENTATION('',(#3484),#3488);
#3484 = LINE('',#3485,#3486);
#3485 = CARTESIAN_POINT('',(21.,0.));
#3486 = VECTOR('',#3487,1.);
#3487 = DIRECTION('',(0.,1.));
#3488 = ( GEOMETRIC_REPRESENTATION_CONTEXT(2) 
PARAMETRIC_REPRESENTATION_CONTEXT() REPRESENTATION_CONTEXT('2D SPACE',''
  ) );
#3489 = ORIENTED_EDGE('',*,*,#2096,.T.);
#3490 = ADVANCED_FACE('',(#3491),#1856,.F.);
#3491 = FACE_BOUND('',#3492,.F.);
#3492 = EDGE_LOOP('',(#3493,#3494,#3495));
#3493 = ORIENTED_EDGE('',*,*,#1842,.T.);
#3494 = ORIENTED_EDGE('',*,*,#1898,.T.);
#3495 = ORIENTED_EDGE('',*,*,#3496,.T.);
#3496 = EDGE_CURVE('',#1899,#1814,#3497,.T.);
#3497 = SURFACE_CURVE('',#3498,(#3502,#3509),.PCURVE_S1.);
#3498 = LINE('',#3499,#3500);
#3499 = CARTESIAN_POINT('',(-12.,23.5,-1.));
#3500 = VECTOR('',#3501,1.);
#3501 = DIRECTION('',(1.,0.,-0.));
#3502 = PCURVE('',#1856,#3503);
#3503 = DEFINITIONAL_REPRESENTATION('',(#3504),#3508);
#3504 = LINE('',#3505,#3506);
#3505 = CARTESIAN_POINT('',(-1.5,28.5));
#3506 = VECTOR('',#3507,1.);
#3507 = DIRECTION('',(1.,0.));
#3508 = ( GEOMETRIC_REPRESENTATION_CONTEXT(2) 
PARAMETRIC_REPRESENTATION_CONTEXT() REPRESENTATION_CONTEXT('2D SPACE',''
  ) );
#3509 = PCURVE('',#3478,#3510);
#3510 = DEFINITIONAL_REPRESENTATION('',(#3511),#3515);
#3511 = LINE('',#3512,#3513);
#3512 = CARTESIAN_POINT('',(-1.5,28.5));
#3513 = VECTOR('',#3514,1.);
#3514 = DIRECTION('',(1.,0.));
#3515 = ( GEOMETRIC_REPRESENTATION_CONTEXT(2) 
PARAMETRIC_REPRESENTATION_CONTEXT() REPRESENTATION_CONTEXT('2D SPACE',''
  ) );
#3516 = ADVANCED_FACE('',(#3517),#1966,.F.);
#3517 = FACE_BOUND('',#3518,.F.);
#3518 = EDGE_LOOP('',(#3519,#3520,#3547,#3548,#3575,#3576,#3598,#3599));
#3519 = ORIENTED_EDGE('',*,*,#2379,.F.);
#3520 = ORIENTED_EDGE('',*,*,#3521,.F.);
#3521 = EDGE_CURVE('',#2950,#2351,#3522,.T.);
#3522 = SURFACE_CURVE('',#3523,(#3528,#3535),.PCURVE_S1.);
#3523 = CIRCLE('',#3524,1.5);
#3524 = AXIS2_PLACEMENT_3D('',#3525,#3526,#3527);
#3525 = CARTESIAN_POINT('',(-10.5,-3.5,-1.));
#3526 = DIRECTION('',(0.,0.,1.));
#3527 = DIRECTION('',(1.,0.,-0.));
#3528 = PCURVE('',#1966,#3529);
#3529 = DEFINITIONAL_REPRESENTATION('',(#3530),#3534);
#3530 = CIRCLE('',#3531,1.5);
#3531 = AXIS2_PLACEMENT_2D('',#3532,#3533);
#3532 = CARTESIAN_POINT('',(0.,1.5));
#3533 = DIRECTION('',(1.,0.));
#3534 = ( GEOMETRIC_REPRESENTATION_CONTEXT(2) 
PARAMETRIC_REPRESENTATION_CONTEXT() REPRESENTATION_CONTEXT('2D SPACE',''
  ) );
#3535 = PCURVE('',#3536,#3541);
#3536 = PLANE('',#3537);
#3537 = AXIS2_PLACEMENT_3D('',#3538,#3539,#3540);
#3538 = CARTESIAN_POINT('',(-10.5,-5.,-1.));
#3539 = DIRECTION('',(0.,0.,1.));
#3540 = DIRECTION('',(1.,0.,-0.));
#3541 = DEFINITIONAL_REPRESENTATION('',(#3542),#3546);
#3542 = CIRCLE('',#3543,1.5);
#3543 = AXIS2_PLACEMENT_2D('',#3544,#3545);
#3544 = CARTESIAN_POINT('',(0.,1.5));
#3545 = DIRECTION('',(1.,0.));
#3546 = ( GEOMETRIC_REPRESENTATION_CONTEXT(2) 
PARAMETRIC_REPRESENTATION_CONTEXT() REPRESENTATION_CONTEXT('2D SPACE',''
  ) );
#3547 = ORIENTED_EDGE('',*,*,#3054,.T.);
#3548 = ORIENTED_EDGE('',*,*,#3549,.F.);
#3549 = EDGE_CURVE('',#2121,#3026,#3550,.T.);
#3550 = SURFACE_CURVE('',#3551,(#3556,#3563),.PCURVE_S1.);
#3551 = CIRCLE('',#3552,1.5);
#3552 = AXIS2_PLACEMENT_3D('',#3553,#3554,#3555);
#3553 = CARTESIAN_POINT('',(10.5,-3.5,-1.));
#3554 = DIRECTION('',(0.,0.,1.));
#3555 = DIRECTION('',(1.,0.,-0.));
#3556 = PCURVE('',#1966,#3557);
#3557 = DEFINITIONAL_REPRESENTATION('',(#3558),#3562);
#3558 = CIRCLE('',#3559,1.5);
#3559 = AXIS2_PLACEMENT_2D('',#3560,#3561);
#3560 = CARTESIAN_POINT('',(21.,1.5));
#3561 = DIRECTION('',(1.,0.));
#3562 = ( GEOMETRIC_REPRESENTATION_CONTEXT(2) 
PARAMETRIC_REPRESENTATION_CONTEXT() REPRESENTATION_CONTEXT('2D SPACE',''
  ) );
#3563 = PCURVE('',#3564,#3569);
#3564 = PLANE('',#3565);
#3565 = AXIS2_PLACEMENT_3D('',#3566,#3567,#3568);
#3566 = CARTESIAN_POINT('',(-10.5,-5.,-1.));
#3567 = DIRECTION('',(0.,0.,1.));
#3568 = DIRECTION('',(1.,0.,-0.));
#3569 = DEFINITIONAL_REPRESENTATION('',(#3570),#3574);
#3570 = CIRCLE('',#3571,1.5);
#3571 = AXIS2_PLACEMENT_2D('',#3572,#3573);
#3572 = CARTESIAN_POINT('',(21.,1.5));
#3573 = DIRECTION('',(1.,0.));
#3574 = ( GEOMETRIC_REPRESENTATION_CONTEXT(2) 
PARAMETRIC_REPRESENTATION_CONTEXT() REPRESENTATION_CONTEXT('2D SPACE',''
  ) );
#3575 = ORIENTED_EDGE('',*,*,#2120,.T.);
#3576 = ORIENTED_EDGE('',*,*,#3577,.F.);
#3577 = EDGE_CURVE('',#1899,#2097,#3578,.T.);
#3578 = SURFACE_CURVE('',#3579,(#3584,#3591),.PCURVE_S1.);
#3579 = CIRCLE('',#3580,1.5);
#3580 = AXIS2_PLACEMENT_3D('',#3581,#3582,#3583);
#3581 = CARTESIAN_POINT('',(10.5,23.5,-1.));
#3582 = DIRECTION('',(0.,0.,1.));
#3583 = DIRECTION('',(1.,0.,-0.));
#3584 = PCURVE('',#1966,#3585);
#3585 = DEFINITIONAL_REPRESENTATION('',(#3586),#3590);
#3586 = CIRCLE('',#3587,1.5);
#3587 = AXIS2_PLACEMENT_2D('',#3588,#3589);
#3588 = CARTESIAN_POINT('',(21.,28.5));
#3589 = DIRECTION('',(1.,0.));
#3590 = ( GEOMETRIC_REPRESENTATION_CONTEXT(2) 
PARAMETRIC_REPRESENTATION_CONTEXT() REPRESENTATION_CONTEXT('2D SPACE',''
  ) );
#3591 = PCURVE('',#3478,#3592);
#3592 = DEFINITIONAL_REPRESENTATION('',(#3593),#3597);
#3593 = CIRCLE('',#3594,1.5);
#3594 = AXIS2_PLACEMENT_2D('',#3595,#3596);
#3595 = CARTESIAN_POINT('',(21.,28.5));
#3596 = DIRECTION('',(1.,0.));
#3597 = ( GEOMETRIC_REPRESENTATION_CONTEXT(2) 
PARAMETRIC_REPRESENTATION_CONTEXT() REPRESENTATION_CONTEXT('2D SPACE',''
  ) );
#3598 = ORIENTED_EDGE('',*,*,#1952,.F.);
#3599 = ORIENTED_EDGE('',*,*,#3600,.F.);
#3600 = EDGE_CURVE('',#2321,#1924,#3601,.T.);
#3601 = SURFACE_CURVE('',#3602,(#3607,#3614),.PCURVE_S1.);
#3602 = CIRCLE('',#3603,1.5);
#3603 = AXIS2_PLACEMENT_3D('',#3604,#3605,#3606);
#3604 = CARTESIAN_POINT('',(-10.5,23.5,-1.));
#3605 = DIRECTION('',(0.,0.,1.));
#3606 = DIRECTION('',(1.,0.,-0.));
#3607 = PCURVE('',#1966,#3608);
#3608 = DEFINITIONAL_REPRESENTATION('',(#3609),#3613);
#3609 = CIRCLE('',#3610,1.5);
#3610 = AXIS2_PLACEMENT_2D('',#3611,#3612);
#3611 = CARTESIAN_POINT('',(0.,28.5));
#3612 = DIRECTION('',(1.,0.));
#3613 = ( GEOMETRIC_REPRESENTATION_CONTEXT(2) 
PARAMETRIC_REPRESENTATION_CONTEXT() REPRESENTATION_CONTEXT('2D SPACE',''
  ) );
#3614 = PCURVE('',#3615,#3620);
#3615 = PLANE('',#3616);
#3616 = AXIS2_PLACEMENT_3D('',#3617,#3618,#3619);
#3617 = CARTESIAN_POINT('',(-10.5,-5.,-1.));
#3618 = DIRECTION('',(0.,0.,1.));
#3619 = DIRECTION('',(1.,0.,-0.));
#3620 = DEFINITIONAL_REPRESENTATION('',(#3621),#3625);
#3621 = CIRCLE('',#3622,1.5);
#3622 = AXIS2_PLACEMENT_2D('',#3623,#3624);
#3623 = CARTESIAN_POINT('',(0.,28.5));
#3624 = DIRECTION('',(1.,0.));
#3625 = ( GEOMETRIC_REPRESENTATION_CONTEXT(2) 
PARAMETRIC_REPRESENTATION_CONTEXT() REPRESENTATION_CONTEXT('2D SPACE',''
  ) );
#3626 = ADVANCED_FACE('',(#3627),#1940,.F.);
#3627 = FACE_BOUND('',#3628,.F.);
#3628 = EDGE_LOOP('',(#3629,#3652,#3673));
#3629 = ORIENTED_EDGE('',*,*,#3630,.F.);
#3630 = EDGE_CURVE('',#3631,#1056,#3633,.T.);
#3631 = VERTEX_POINT('',#3632);
#3632 = CARTESIAN_POINT('',(-10.5,23.5,-1.));
#3633 = SURFACE_CURVE('',#3634,(#3638,#3645),.PCURVE_S1.);
#3634 = LINE('',#3635,#3636);
#3635 = CARTESIAN_POINT('',(-10.5,-5.,-1.));
#3636 = VECTOR('',#3637,1.);
#3637 = DIRECTION('',(-0.,1.,0.));
#3638 = PCURVE('',#1940,#3639);
#3639 = DEFINITIONAL_REPRESENTATION('',(#3640),#3644);
#3640 = LINE('',#3641,#3642);
#3641 = CARTESIAN_POINT('',(0.,0.));
#3642 = VECTOR('',#3643,1.);
#3643 = DIRECTION('',(0.,1.));
#3644 = ( GEOMETRIC_REPRESENTATION_CONTEXT(2) 
PARAMETRIC_REPRESENTATION_CONTEXT() REPRESENTATION_CONTEXT('2D SPACE',''
  ) );
#3645 = PCURVE('',#1998,#3646);
#3646 = DEFINITIONAL_REPRESENTATION('',(#3647),#3651);
#3647 = LINE('',#3648,#3649);
#3648 = CARTESIAN_POINT('',(0.,-28.5));
#3649 = VECTOR('',#3650,1.);
#3650 = DIRECTION('',(0.,1.));
#3651 = ( GEOMETRIC_REPRESENTATION_CONTEXT(2) 
PARAMETRIC_REPRESENTATION_CONTEXT() REPRESENTATION_CONTEXT('2D SPACE',''
  ) );
#3652 = ORIENTED_EDGE('',*,*,#3653,.T.);
#3653 = EDGE_CURVE('',#3631,#1924,#3654,.T.);
#3654 = SURFACE_CURVE('',#3655,(#3659,#3666),.PCURVE_S1.);
#3655 = LINE('',#3656,#3657);
#3656 = CARTESIAN_POINT('',(-12.,23.5,-1.));
#3657 = VECTOR('',#3658,1.);
#3658 = DIRECTION('',(1.,0.,-0.));
#3659 = PCURVE('',#1940,#3660);
#3660 = DEFINITIONAL_REPRESENTATION('',(#3661),#3665);
#3661 = LINE('',#3662,#3663);
#3662 = CARTESIAN_POINT('',(-1.5,28.5));
#3663 = VECTOR('',#3664,1.);
#3664 = DIRECTION('',(1.,0.));
#3665 = ( GEOMETRIC_REPRESENTATION_CONTEXT(2) 
PARAMETRIC_REPRESENTATION_CONTEXT() REPRESENTATION_CONTEXT('2D SPACE',''
  ) );
#3666 = PCURVE('',#3615,#3667);
#3667 = DEFINITIONAL_REPRESENTATION('',(#3668),#3672);
#3668 = LINE('',#3669,#3670);
#3669 = CARTESIAN_POINT('',(-1.5,28.5));
#3670 = VECTOR('',#3671,1.);
#3671 = DIRECTION('',(1.,0.));
#3672 = ( GEOMETRIC_REPRESENTATION_CONTEXT(2) 
PARAMETRIC_REPRESENTATION_CONTEXT() REPRESENTATION_CONTEXT('2D SPACE',''
  ) );
#3673 = ORIENTED_EDGE('',*,*,#1923,.T.);
#3674 = ADVANCED_FACE('',(#3675),#1998,.F.);
#3675 = FACE_BOUND('',#3676,.F.);
#3676 = EDGE_LOOP('',(#3677,#3678,#3679));
#3677 = ORIENTED_EDGE('',*,*,#3630,.T.);
#3678 = ORIENTED_EDGE('',*,*,#1983,.T.);
#3679 = ORIENTED_EDGE('',*,*,#3680,.T.);
#3680 = EDGE_CURVE('',#1289,#3631,#3681,.T.);
#3681 = SURFACE_CURVE('',#3682,(#3686,#3693),.PCURVE_S1.);
#3682 = LINE('',#3683,#3684);
#3683 = CARTESIAN_POINT('',(-12.,23.5,-1.));
#3684 = VECTOR('',#3685,1.);
#3685 = DIRECTION('',(1.,0.,-0.));
#3686 = PCURVE('',#1998,#3687);
#3687 = DEFINITIONAL_REPRESENTATION('',(#3688),#3692);
#3688 = LINE('',#3689,#3690);
#3689 = CARTESIAN_POINT('',(-1.5,0.));
#3690 = VECTOR('',#3691,1.);
#3691 = DIRECTION('',(1.,0.));
#3692 = ( GEOMETRIC_REPRESENTATION_CONTEXT(2) 
PARAMETRIC_REPRESENTATION_CONTEXT() REPRESENTATION_CONTEXT('2D SPACE',''
  ) );
#3693 = PCURVE('',#2337,#3694);
#3694 = DEFINITIONAL_REPRESENTATION('',(#3695),#3699);
#3695 = LINE('',#3696,#3697);
#3696 = CARTESIAN_POINT('',(0.,27.));
#3697 = VECTOR('',#3698,1.);
#3698 = DIRECTION('',(1.,0.));
#3699 = ( GEOMETRIC_REPRESENTATION_CONTEXT(2) 
PARAMETRIC_REPRESENTATION_CONTEXT() REPRESENTATION_CONTEXT('2D SPACE',''
  ) );
#3700 = ADVANCED_FACE('',(#3701),#2079,.F.);
#3701 = FACE_BOUND('',#3702,.F.);
#3702 = EDGE_LOOP('',(#3703,#3728,#3750,#3751));
#3703 = ORIENTED_EDGE('',*,*,#3704,.F.);
#3704 = EDGE_CURVE('',#3705,#3707,#3709,.T.);
#3705 = VERTEX_POINT('',#3706);
#3706 = CARTESIAN_POINT('',(10.5,-4.001290473793,-1.));
#3707 = VERTEX_POINT('',#3708);
#3708 = CARTESIAN_POINT('',(10.5,-3.5,-1.));
#3709 = SURFACE_CURVE('',#3710,(#3714,#3721),.PCURVE_S1.);
#3710 = LINE('',#3711,#3712);
#3711 = CARTESIAN_POINT('',(10.5,-5.,-1.));
#3712 = VECTOR('',#3713,1.);
#3713 = DIRECTION('',(-0.,1.,0.));
#3714 = PCURVE('',#2079,#3715);
#3715 = DEFINITIONAL_REPRESENTATION('',(#3716),#3720);
#3716 = LINE('',#3717,#3718);
#3717 = CARTESIAN_POINT('',(0.,-1.5));
#3718 = VECTOR('',#3719,1.);
#3719 = DIRECTION('',(0.,1.));
#3720 = ( GEOMETRIC_REPRESENTATION_CONTEXT(2) 
PARAMETRIC_REPRESENTATION_CONTEXT() REPRESENTATION_CONTEXT('2D SPACE',''
  ) );
#3721 = PCURVE('',#3042,#3722);
#3722 = DEFINITIONAL_REPRESENTATION('',(#3723),#3727);
#3723 = LINE('',#3724,#3725);
#3724 = CARTESIAN_POINT('',(21.,0.));
#3725 = VECTOR('',#3726,1.);
#3726 = DIRECTION('',(0.,1.));
#3727 = ( GEOMETRIC_REPRESENTATION_CONTEXT(2) 
PARAMETRIC_REPRESENTATION_CONTEXT() REPRESENTATION_CONTEXT('2D SPACE',''
  ) );
#3728 = ORIENTED_EDGE('',*,*,#3729,.F.);
#3729 = EDGE_CURVE('',#2039,#3705,#3730,.T.);
#3730 = SURFACE_CURVE('',#3731,(#3736,#3743),.PCURVE_S1.);
#3731 = CIRCLE('',#3732,3.5);
#3732 = AXIS2_PLACEMENT_3D('',#3733,#3734,#3735);
#3733 = CARTESIAN_POINT('',(10.404965,-7.5,-1.));
#3734 = DIRECTION('',(0.,0.,1.));
#3735 = DIRECTION('',(1.,0.,-0.));
#3736 = PCURVE('',#2079,#3737);
#3737 = DEFINITIONAL_REPRESENTATION('',(#3738),#3742);
#3738 = CIRCLE('',#3739,3.5);
#3739 = AXIS2_PLACEMENT_2D('',#3740,#3741);
#3740 = CARTESIAN_POINT('',(-9.5035E-02,-4.));
#3741 = DIRECTION('',(1.,0.));
#3742 = ( GEOMETRIC_REPRESENTATION_CONTEXT(2) 
PARAMETRIC_REPRESENTATION_CONTEXT() REPRESENTATION_CONTEXT('2D SPACE',''
  ) );
#3743 = PCURVE('',#2053,#3744);
#3744 = DEFINITIONAL_REPRESENTATION('',(#3745),#3749);
#3745 = LINE('',#3746,#3747);
#3746 = CARTESIAN_POINT('',(0.,0.8));
#3747 = VECTOR('',#3748,1.);
#3748 = DIRECTION('',(1.,0.));
#3749 = ( GEOMETRIC_REPRESENTATION_CONTEXT(2) 
PARAMETRIC_REPRESENTATION_CONTEXT() REPRESENTATION_CONTEXT('2D SPACE',''
  ) );
#3750 = ORIENTED_EDGE('',*,*,#2064,.T.);
#3751 = ORIENTED_EDGE('',*,*,#3752,.F.);
#3752 = EDGE_CURVE('',#3707,#1115,#3753,.T.);
#3753 = SURFACE_CURVE('',#3754,(#3758,#3765),.PCURVE_S1.);
#3754 = LINE('',#3755,#3756);
#3755 = CARTESIAN_POINT('',(-12.,-3.5,-1.));
#3756 = VECTOR('',#3757,1.);
#3757 = DIRECTION('',(1.,0.,-0.));
#3758 = PCURVE('',#2079,#3759);
#3759 = DEFINITIONAL_REPRESENTATION('',(#3760),#3764);
#3760 = LINE('',#3761,#3762);
#3761 = CARTESIAN_POINT('',(-22.5,0.));
#3762 = VECTOR('',#3763,1.);
#3763 = DIRECTION('',(1.,0.));
#3764 = ( GEOMETRIC_REPRESENTATION_CONTEXT(2) 
PARAMETRIC_REPRESENTATION_CONTEXT() REPRESENTATION_CONTEXT('2D SPACE',''
  ) );
#3765 = PCURVE('',#2158,#3766);
#3766 = DEFINITIONAL_REPRESENTATION('',(#3767),#3771);
#3767 = LINE('',#3768,#3769);
#3768 = CARTESIAN_POINT('',(0.,0.));
#3769 = VECTOR('',#3770,1.);
#3770 = DIRECTION('',(1.,0.));
#3771 = ( GEOMETRIC_REPRESENTATION_CONTEXT(2) 
PARAMETRIC_REPRESENTATION_CONTEXT() REPRESENTATION_CONTEXT('2D SPACE',''
  ) );
#3772 = ADVANCED_FACE('',(#3773),#2053,.T.);
#3773 = FACE_BOUND('',#3774,.T.);
#3774 = EDGE_LOOP('',(#3775,#3804,#3831,#3860,#3883,#3905,#3906));
#3775 = ORIENTED_EDGE('',*,*,#3776,.F.);
#3776 = EDGE_CURVE('',#3777,#2015,#3779,.T.);
#3777 = VERTEX_POINT('',#3778);
#3778 = CARTESIAN_POINT('',(13.904965,-7.5,0.));
#3779 = SURFACE_CURVE('',#3780,(#3785,#3792),.PCURVE_S1.);
#3780 = CIRCLE('',#3781,3.5);
#3781 = AXIS2_PLACEMENT_3D('',#3782,#3783,#3784);
#3782 = CARTESIAN_POINT('',(10.404965,-7.5,0.));
#3783 = DIRECTION('',(0.,0.,1.));
#3784 = DIRECTION('',(1.,0.,-0.));
#3785 = PCURVE('',#2053,#3786);
#3786 = DEFINITIONAL_REPRESENTATION('',(#3787),#3791);
#3787 = LINE('',#3788,#3789);
#3788 = CARTESIAN_POINT('',(0.,1.8));
#3789 = VECTOR('',#3790,1.);
#3790 = DIRECTION('',(1.,0.));
#3791 = ( GEOMETRIC_REPRESENTATION_CONTEXT(2) 
PARAMETRIC_REPRESENTATION_CONTEXT() REPRESENTATION_CONTEXT('2D SPACE',''
  ) );
#3792 = PCURVE('',#3793,#3798);
#3793 = PLANE('',#3794);
#3794 = AXIS2_PLACEMENT_3D('',#3795,#3796,#3797);
#3795 = CARTESIAN_POINT('',(10.404965,-7.5,0.));
#3796 = DIRECTION('',(0.,0.,1.));
#3797 = DIRECTION('',(1.,0.,-0.));
#3798 = DEFINITIONAL_REPRESENTATION('',(#3799),#3803);
#3799 = CIRCLE('',#3800,3.5);
#3800 = AXIS2_PLACEMENT_2D('',#3801,#3802);
#3801 = CARTESIAN_POINT('',(0.,0.));
#3802 = DIRECTION('',(1.,0.));
#3803 = ( GEOMETRIC_REPRESENTATION_CONTEXT(2) 
PARAMETRIC_REPRESENTATION_CONTEXT() REPRESENTATION_CONTEXT('2D SPACE',''
  ) );
#3804 = ORIENTED_EDGE('',*,*,#3805,.F.);
#3805 = EDGE_CURVE('',#3806,#3777,#3808,.T.);
#3806 = VERTEX_POINT('',#3807);
#3807 = CARTESIAN_POINT('',(13.904965,-7.5,-1.8));
#3808 = SURFACE_CURVE('',#3809,(#3813,#3819),.PCURVE_S1.);
#3809 = LINE('',#3810,#3811);
#3810 = CARTESIAN_POINT('',(13.904965,-7.5,-1.8));
#3811 = VECTOR('',#3812,1.);
#3812 = DIRECTION('',(0.,0.,1.));
#3813 = PCURVE('',#2053,#3814);
#3814 = DEFINITIONAL_REPRESENTATION('',(#3815),#3818);
#3815 = B_SPLINE_CURVE_WITH_KNOTS('',1,(#3816,#3817),.UNSPECIFIED.,.F.,
  .F.,(2,2),(0.,1.8),.PIECEWISE_BEZIER_KNOTS.);
#3816 = CARTESIAN_POINT('',(0.,0.));
#3817 = CARTESIAN_POINT('',(0.,1.8));
#3818 = ( GEOMETRIC_REPRESENTATION_CONTEXT(2) 
PARAMETRIC_REPRESENTATION_CONTEXT() REPRESENTATION_CONTEXT('2D SPACE',''
  ) );
#3819 = PCURVE('',#3820,#3825);
#3820 = PLANE('',#3821);
#3821 = AXIS2_PLACEMENT_3D('',#3822,#3823,#3824);
#3822 = CARTESIAN_POINT('',(13.904965,-14.770142,-1.8));
#3823 = DIRECTION('',(1.,0.,-0.));
#3824 = DIRECTION('',(0.,0.,1.));
#3825 = DEFINITIONAL_REPRESENTATION('',(#3826),#3830);
#3826 = LINE('',#3827,#3828);
#3827 = CARTESIAN_POINT('',(0.,-7.270142));
#3828 = VECTOR('',#3829,1.);
#3829 = DIRECTION('',(1.,0.));
#3830 = ( GEOMETRIC_REPRESENTATION_CONTEXT(2) 
PARAMETRIC_REPRESENTATION_CONTEXT() REPRESENTATION_CONTEXT('2D SPACE',''
  ) );
#3831 = ORIENTED_EDGE('',*,*,#3832,.T.);
#3832 = EDGE_CURVE('',#3806,#3833,#3835,.T.);
#3833 = VERTEX_POINT('',#3834);
#3834 = CARTESIAN_POINT('',(10.404965,-4.,-1.8));
#3835 = SURFACE_CURVE('',#3836,(#3841,#3848),.PCURVE_S1.);
#3836 = CIRCLE('',#3837,3.5);
#3837 = AXIS2_PLACEMENT_3D('',#3838,#3839,#3840);
#3838 = CARTESIAN_POINT('',(10.404965,-7.5,-1.8));
#3839 = DIRECTION('',(0.,0.,1.));
#3840 = DIRECTION('',(1.,0.,-0.));
#3841 = PCURVE('',#2053,#3842);
#3842 = DEFINITIONAL_REPRESENTATION('',(#3843),#3847);
#3843 = LINE('',#3844,#3845);
#3844 = CARTESIAN_POINT('',(0.,0.));
#3845 = VECTOR('',#3846,1.);
#3846 = DIRECTION('',(1.,0.));
#3847 = ( GEOMETRIC_REPRESENTATION_CONTEXT(2) 
PARAMETRIC_REPRESENTATION_CONTEXT() REPRESENTATION_CONTEXT('2D SPACE',''
  ) );
#3848 = PCURVE('',#3849,#3854);
#3849 = PLANE('',#3850);
#3850 = AXIS2_PLACEMENT_3D('',#3851,#3852,#3853);
#3851 = CARTESIAN_POINT('',(10.404965,-7.5,-1.8));
#3852 = DIRECTION('',(0.,0.,1.));
#3853 = DIRECTION('',(1.,0.,-0.));
#3854 = DEFINITIONAL_REPRESENTATION('',(#3855),#3859);
#3855 = CIRCLE('',#3856,3.5);
#3856 = AXIS2_PLACEMENT_2D('',#3857,#3858);
#3857 = CARTESIAN_POINT('',(0.,0.));
#3858 = DIRECTION('',(1.,0.));
#3859 = ( GEOMETRIC_REPRESENTATION_CONTEXT(2) 
PARAMETRIC_REPRESENTATION_CONTEXT() REPRESENTATION_CONTEXT('2D SPACE',''
  ) );
#3860 = ORIENTED_EDGE('',*,*,#3861,.T.);
#3861 = EDGE_CURVE('',#3833,#3862,#3864,.T.);
#3862 = VERTEX_POINT('',#3863);
#3863 = CARTESIAN_POINT('',(10.404965,-4.,-1.));
#3864 = SURFACE_CURVE('',#3865,(#3869,#3876),.PCURVE_S1.);
#3865 = LINE('',#3866,#3867);
#3866 = CARTESIAN_POINT('',(10.404965,-4.,-1.8));
#3867 = VECTOR('',#3868,1.);
#3868 = DIRECTION('',(0.,0.,1.));
#3869 = PCURVE('',#2053,#3870);
#3870 = DEFINITIONAL_REPRESENTATION('',(#3871),#3875);
#3871 = LINE('',#3872,#3873);
#3872 = CARTESIAN_POINT('',(1.570796326795,0.));
#3873 = VECTOR('',#3874,1.);
#3874 = DIRECTION('',(0.,1.));
#3875 = ( GEOMETRIC_REPRESENTATION_CONTEXT(2) 
PARAMETRIC_REPRESENTATION_CONTEXT() REPRESENTATION_CONTEXT('2D SPACE',''
  ) );
#3876 = PCURVE('',#3118,#3877);
#3877 = DEFINITIONAL_REPRESENTATION('',(#3878),#3882);
#3878 = LINE('',#3879,#3880);
#3879 = CARTESIAN_POINT('',(0.,1.2));
#3880 = VECTOR('',#3881,1.);
#3881 = DIRECTION('',(1.,0.));
#3882 = ( GEOMETRIC_REPRESENTATION_CONTEXT(2) 
PARAMETRIC_REPRESENTATION_CONTEXT() REPRESENTATION_CONTEXT('2D SPACE',''
  ) );
#3883 = ORIENTED_EDGE('',*,*,#3884,.F.);
#3884 = EDGE_CURVE('',#3705,#3862,#3885,.T.);
#3885 = SURFACE_CURVE('',#3886,(#3891,#3898),.PCURVE_S1.);
#3886 = CIRCLE('',#3887,3.5);
#3887 = AXIS2_PLACEMENT_3D('',#3888,#3889,#3890);
#3888 = CARTESIAN_POINT('',(10.404965,-7.5,-1.));
#3889 = DIRECTION('',(0.,0.,1.));
#3890 = DIRECTION('',(1.,0.,-0.));
#3891 = PCURVE('',#2053,#3892);
#3892 = DEFINITIONAL_REPRESENTATION('',(#3893),#3897);
#3893 = LINE('',#3894,#3895);
#3894 = CARTESIAN_POINT('',(0.,0.8));
#3895 = VECTOR('',#3896,1.);
#3896 = DIRECTION('',(1.,0.));
#3897 = ( GEOMETRIC_REPRESENTATION_CONTEXT(2) 
PARAMETRIC_REPRESENTATION_CONTEXT() REPRESENTATION_CONTEXT('2D SPACE',''
  ) );
#3898 = PCURVE('',#3042,#3899);
#3899 = DEFINITIONAL_REPRESENTATION('',(#3900),#3904);
#3900 = CIRCLE('',#3901,3.5);
#3901 = AXIS2_PLACEMENT_2D('',#3902,#3903);
#3902 = CARTESIAN_POINT('',(20.904965,-2.5));
#3903 = DIRECTION('',(1.,0.));
#3904 = ( GEOMETRIC_REPRESENTATION_CONTEXT(2) 
PARAMETRIC_REPRESENTATION_CONTEXT() REPRESENTATION_CONTEXT('2D SPACE',''
  ) );
#3905 = ORIENTED_EDGE('',*,*,#3729,.F.);
#3906 = ORIENTED_EDGE('',*,*,#2038,.T.);
#3907 = ADVANCED_FACE('',(#3908),#2158,.F.);
#3908 = FACE_BOUND('',#3909,.F.);
#3909 = EDGE_LOOP('',(#3910,#3911,#3932));
#3910 = ORIENTED_EDGE('',*,*,#2143,.T.);
#3911 = ORIENTED_EDGE('',*,*,#3912,.F.);
#3912 = EDGE_CURVE('',#3707,#2121,#3913,.T.);
#3913 = SURFACE_CURVE('',#3914,(#3918,#3925),.PCURVE_S1.);
#3914 = LINE('',#3915,#3916);
#3915 = CARTESIAN_POINT('',(10.5,-5.,-1.));
#3916 = VECTOR('',#3917,1.);
#3917 = DIRECTION('',(-0.,1.,0.));
#3918 = PCURVE('',#2158,#3919);
#3919 = DEFINITIONAL_REPRESENTATION('',(#3920),#3924);
#3920 = LINE('',#3921,#3922);
#3921 = CARTESIAN_POINT('',(22.5,-1.5));
#3922 = VECTOR('',#3923,1.);
#3923 = DIRECTION('',(0.,1.));
#3924 = ( GEOMETRIC_REPRESENTATION_CONTEXT(2) 
PARAMETRIC_REPRESENTATION_CONTEXT() REPRESENTATION_CONTEXT('2D SPACE',''
  ) );
#3925 = PCURVE('',#3564,#3926);
#3926 = DEFINITIONAL_REPRESENTATION('',(#3927),#3931);
#3927 = LINE('',#3928,#3929);
#3928 = CARTESIAN_POINT('',(21.,0.));
#3929 = VECTOR('',#3930,1.);
#3930 = DIRECTION('',(0.,1.));
#3931 = ( GEOMETRIC_REPRESENTATION_CONTEXT(2) 
PARAMETRIC_REPRESENTATION_CONTEXT() REPRESENTATION_CONTEXT('2D SPACE',''
  ) );
#3932 = ORIENTED_EDGE('',*,*,#3752,.T.);
#3933 = ADVANCED_FACE('',(#3934),#2189,.T.);
#3934 = FACE_BOUND('',#3935,.T.);
#3935 = EDGE_LOOP('',(#3936,#3937,#3966,#3988));
#3936 = ORIENTED_EDGE('',*,*,#2403,.F.);
#3937 = ORIENTED_EDGE('',*,*,#3938,.F.);
#3938 = EDGE_CURVE('',#3939,#2404,#3941,.T.);
#3939 = VERTEX_POINT('',#3940);
#3940 = CARTESIAN_POINT('',(11.351073280434,-4.735181877835,0.));
#3941 = SURFACE_CURVE('',#3942,(#3947,#3954),.PCURVE_S1.);
#3942 = CIRCLE('',#3943,3.5);
#3943 = AXIS2_PLACEMENT_3D('',#3944,#3945,#3946);
#3944 = CARTESIAN_POINT('',(9.204965,-7.5,0.));
#3945 = DIRECTION('',(0.,0.,1.));
#3946 = DIRECTION('',(1.,0.,-0.));
#3947 = PCURVE('',#2189,#3948);
#3948 = DEFINITIONAL_REPRESENTATION('',(#3949),#3953);
#3949 = CIRCLE('',#3950,3.5);
#3950 = AXIS2_PLACEMENT_2D('',#3951,#3952);
#3951 = CARTESIAN_POINT('',(-1.295035,-4.));
#3952 = DIRECTION('',(1.,0.));
#3953 = ( GEOMETRIC_REPRESENTATION_CONTEXT(2) 
PARAMETRIC_REPRESENTATION_CONTEXT() REPRESENTATION_CONTEXT('2D SPACE',''
  ) );
#3954 = PCURVE('',#3955,#3960);
#3955 = PLANE('',#3956);
#3956 = AXIS2_PLACEMENT_3D('',#3957,#3958,#3959);
#3957 = CARTESIAN_POINT('',(10.5,-3.5,0.));
#3958 = DIRECTION('',(0.,0.,1.));
#3959 = DIRECTION('',(1.,0.,-0.));
#3960 = DEFINITIONAL_REPRESENTATION('',(#3961),#3965);
#3961 = CIRCLE('',#3962,3.5);
#3962 = AXIS2_PLACEMENT_2D('',#3963,#3964);
#3963 = CARTESIAN_POINT('',(-1.295035,-4.));
#3964 = DIRECTION('',(1.,0.));
#3965 = ( GEOMETRIC_REPRESENTATION_CONTEXT(2) 
PARAMETRIC_REPRESENTATION_CONTEXT() REPRESENTATION_CONTEXT('2D SPACE',''
  ) );
#3966 = ORIENTED_EDGE('',*,*,#3967,.T.);
#3967 = EDGE_CURVE('',#3939,#2015,#3968,.T.);
#3968 = SURFACE_CURVE('',#3969,(#3974,#3981),.PCURVE_S1.);
#3969 = CIRCLE('',#3970,1.5);
#3970 = AXIS2_PLACEMENT_3D('',#3971,#3972,#3973);
#3971 = CARTESIAN_POINT('',(10.5,-3.5,0.));
#3972 = DIRECTION('',(0.,0.,1.));
#3973 = DIRECTION('',(1.,0.,-0.));
#3974 = PCURVE('',#2189,#3975);
#3975 = DEFINITIONAL_REPRESENTATION('',(#3976),#3980);
#3976 = CIRCLE('',#3977,1.5);
#3977 = AXIS2_PLACEMENT_2D('',#3978,#3979);
#3978 = CARTESIAN_POINT('',(0.,0.));
#3979 = DIRECTION('',(1.,0.));
#3980 = ( GEOMETRIC_REPRESENTATION_CONTEXT(2) 
PARAMETRIC_REPRESENTATION_CONTEXT() REPRESENTATION_CONTEXT('2D SPACE',''
  ) );
#3981 = PCURVE('',#3793,#3982);
#3982 = DEFINITIONAL_REPRESENTATION('',(#3983),#3987);
#3983 = CIRCLE('',#3984,1.5);
#3984 = AXIS2_PLACEMENT_2D('',#3985,#3986);
#3985 = CARTESIAN_POINT('',(9.5035E-02,4.));
#3986 = DIRECTION('',(1.,0.));
#3987 = ( GEOMETRIC_REPRESENTATION_CONTEXT(2) 
PARAMETRIC_REPRESENTATION_CONTEXT() REPRESENTATION_CONTEXT('2D SPACE',''
  ) );
#3988 = ORIENTED_EDGE('',*,*,#2174,.T.);
#3989 = ADVANCED_FACE('',(#3990),#2246,.T.);
#3990 = FACE_BOUND('',#3991,.T.);
#3991 = EDGE_LOOP('',(#3992,#3993,#4022,#4049));
#3992 = ORIENTED_EDGE('',*,*,#2231,.T.);
#3993 = ORIENTED_EDGE('',*,*,#3994,.T.);
#3994 = EDGE_CURVE('',#2208,#3995,#3997,.T.);
#3995 = VERTEX_POINT('',#3996);
#3996 = CARTESIAN_POINT('',(-11.35106056624,-4.735190638151,0.));
#3997 = SURFACE_CURVE('',#3998,(#4003,#4010),.PCURVE_S1.);
#3998 = CIRCLE('',#3999,1.5);
#3999 = AXIS2_PLACEMENT_3D('',#4000,#4001,#4002);
#4000 = CARTESIAN_POINT('',(-10.5,-3.5,0.));
#4001 = DIRECTION('',(0.,0.,1.));
#4002 = DIRECTION('',(1.,0.,-0.));
#4003 = PCURVE('',#2246,#4004);
#4004 = DEFINITIONAL_REPRESENTATION('',(#4005),#4009);
#4005 = CIRCLE('',#4006,1.5);
#4006 = AXIS2_PLACEMENT_2D('',#4007,#4008);
#4007 = CARTESIAN_POINT('',(0.,0.));
#4008 = DIRECTION('',(1.,0.));
#4009 = ( GEOMETRIC_REPRESENTATION_CONTEXT(2) 
PARAMETRIC_REPRESENTATION_CONTEXT() REPRESENTATION_CONTEXT('2D SPACE',''
  ) );
#4010 = PCURVE('',#4011,#4016);
#4011 = PLANE('',#4012);
#4012 = AXIS2_PLACEMENT_3D('',#4013,#4014,#4015);
#4013 = CARTESIAN_POINT('',(-10.404941,-7.5,0.));
#4014 = DIRECTION('',(0.,0.,1.));
#4015 = DIRECTION('',(1.,0.,-0.));
#4016 = DEFINITIONAL_REPRESENTATION('',(#4017),#4021);
#4017 = CIRCLE('',#4018,1.5);
#4018 = AXIS2_PLACEMENT_2D('',#4019,#4020);
#4019 = CARTESIAN_POINT('',(-9.5059E-02,4.));
#4020 = DIRECTION('',(1.,0.));
#4021 = ( GEOMETRIC_REPRESENTATION_CONTEXT(2) 
PARAMETRIC_REPRESENTATION_CONTEXT() REPRESENTATION_CONTEXT('2D SPACE',''
  ) );
#4022 = ORIENTED_EDGE('',*,*,#4023,.F.);
#4023 = EDGE_CURVE('',#2711,#3995,#4024,.T.);
#4024 = SURFACE_CURVE('',#4025,(#4030,#4037),.PCURVE_S1.);
#4025 = CIRCLE('',#4026,3.5);
#4026 = AXIS2_PLACEMENT_3D('',#4027,#4028,#4029);
#4027 = CARTESIAN_POINT('',(-9.204941,-7.5,0.));
#4028 = DIRECTION('',(0.,0.,1.));
#4029 = DIRECTION('',(1.,0.,-0.));
#4030 = PCURVE('',#2246,#4031);
#4031 = DEFINITIONAL_REPRESENTATION('',(#4032),#4036);
#4032 = CIRCLE('',#4033,3.5);
#4033 = AXIS2_PLACEMENT_2D('',#4034,#4035);
#4034 = CARTESIAN_POINT('',(1.295059,-4.));
#4035 = DIRECTION('',(1.,0.));
#4036 = ( GEOMETRIC_REPRESENTATION_CONTEXT(2) 
PARAMETRIC_REPRESENTATION_CONTEXT() REPRESENTATION_CONTEXT('2D SPACE',''
  ) );
#4037 = PCURVE('',#4038,#4043);
#4038 = PLANE('',#4039);
#4039 = AXIS2_PLACEMENT_3D('',#4040,#4041,#4042);
#4040 = CARTESIAN_POINT('',(-10.5,-3.5,0.));
#4041 = DIRECTION('',(0.,0.,1.));
#4042 = DIRECTION('',(1.,0.,-0.));
#4043 = DEFINITIONAL_REPRESENTATION('',(#4044),#4048);
#4044 = CIRCLE('',#4045,3.5);
#4045 = AXIS2_PLACEMENT_2D('',#4046,#4047);
#4046 = CARTESIAN_POINT('',(1.295059,-4.));
#4047 = DIRECTION('',(1.,0.));
#4048 = ( GEOMETRIC_REPRESENTATION_CONTEXT(2) 
PARAMETRIC_REPRESENTATION_CONTEXT() REPRESENTATION_CONTEXT('2D SPACE',''
  ) );
#4049 = ORIENTED_EDGE('',*,*,#2710,.T.);
#4050 = ADVANCED_FACE('',(#4051),#2306,.T.);
#4051 = FACE_BOUND('',#4052,.T.);
#4052 = EDGE_LOOP('',(#4053,#4079,#4102,#4131,#4159,#4181,#4182));
#4053 = ORIENTED_EDGE('',*,*,#4054,.F.);
#4054 = EDGE_CURVE('',#4055,#4057,#4059,.T.);
#4055 = VERTEX_POINT('',#4056);
#4056 = CARTESIAN_POINT('',(-10.404941,-4.,-1.));
#4057 = VERTEX_POINT('',#4058);
#4058 = CARTESIAN_POINT('',(-10.5,-4.001291125784,-1.));
#4059 = SURFACE_CURVE('',#4060,(#4065,#4072),.PCURVE_S1.);
#4060 = CIRCLE('',#4061,3.5);
#4061 = AXIS2_PLACEMENT_3D('',#4062,#4063,#4064);
#4062 = CARTESIAN_POINT('',(-10.404941,-7.5,-1.));
#4063 = DIRECTION('',(0.,0.,1.));
#4064 = DIRECTION('',(1.,0.,-0.));
#4065 = PCURVE('',#2306,#4066);
#4066 = DEFINITIONAL_REPRESENTATION('',(#4067),#4071);
#4067 = LINE('',#4068,#4069);
#4068 = CARTESIAN_POINT('',(0.,0.8));
#4069 = VECTOR('',#4070,1.);
#4070 = DIRECTION('',(1.,0.));
#4071 = ( GEOMETRIC_REPRESENTATION_CONTEXT(2) 
PARAMETRIC_REPRESENTATION_CONTEXT() REPRESENTATION_CONTEXT('2D SPACE',''
  ) );
#4072 = PCURVE('',#2966,#4073);
#4073 = DEFINITIONAL_REPRESENTATION('',(#4074),#4078);
#4074 = CIRCLE('',#4075,3.5);
#4075 = AXIS2_PLACEMENT_2D('',#4076,#4077);
#4076 = CARTESIAN_POINT('',(9.5059E-02,-2.5));
#4077 = DIRECTION('',(1.,0.));
#4078 = ( GEOMETRIC_REPRESENTATION_CONTEXT(2) 
PARAMETRIC_REPRESENTATION_CONTEXT() REPRESENTATION_CONTEXT('2D SPACE',''
  ) );
#4079 = ORIENTED_EDGE('',*,*,#4080,.F.);
#4080 = EDGE_CURVE('',#4081,#4055,#4083,.T.);
#4081 = VERTEX_POINT('',#4082);
#4082 = CARTESIAN_POINT('',(-10.404941,-4.,-1.8));
#4083 = SURFACE_CURVE('',#4084,(#4088,#4095),.PCURVE_S1.);
#4084 = LINE('',#4085,#4086);
#4085 = CARTESIAN_POINT('',(-10.404941,-4.,-1.8));
#4086 = VECTOR('',#4087,1.);
#4087 = DIRECTION('',(0.,0.,1.));
#4088 = PCURVE('',#2306,#4089);
#4089 = DEFINITIONAL_REPRESENTATION('',(#4090),#4094);
#4090 = LINE('',#4091,#4092);
#4091 = CARTESIAN_POINT('',(1.570796326795,0.));
#4092 = VECTOR('',#4093,1.);
#4093 = DIRECTION('',(0.,1.));
#4094 = ( GEOMETRIC_REPRESENTATION_CONTEXT(2) 
PARAMETRIC_REPRESENTATION_CONTEXT() REPRESENTATION_CONTEXT('2D SPACE',''
  ) );
#4095 = PCURVE('',#3287,#4096);
#4096 = DEFINITIONAL_REPRESENTATION('',(#4097),#4101);
#4097 = LINE('',#4098,#4099);
#4098 = CARTESIAN_POINT('',(0.,0.));
#4099 = VECTOR('',#4100,1.);
#4100 = DIRECTION('',(1.,0.));
#4101 = ( GEOMETRIC_REPRESENTATION_CONTEXT(2) 
PARAMETRIC_REPRESENTATION_CONTEXT() REPRESENTATION_CONTEXT('2D SPACE',''
  ) );
#4102 = ORIENTED_EDGE('',*,*,#4103,.T.);
#4103 = EDGE_CURVE('',#4081,#4104,#4106,.T.);
#4104 = VERTEX_POINT('',#4105);
#4105 = CARTESIAN_POINT('',(-13.904941,-7.5,-1.8));
#4106 = SURFACE_CURVE('',#4107,(#4112,#4119),.PCURVE_S1.);
#4107 = CIRCLE('',#4108,3.5);
#4108 = AXIS2_PLACEMENT_3D('',#4109,#4110,#4111);
#4109 = CARTESIAN_POINT('',(-10.404941,-7.5,-1.8));
#4110 = DIRECTION('',(0.,0.,1.));
#4111 = DIRECTION('',(1.,0.,-0.));
#4112 = PCURVE('',#2306,#4113);
#4113 = DEFINITIONAL_REPRESENTATION('',(#4114),#4118);
#4114 = LINE('',#4115,#4116);
#4115 = CARTESIAN_POINT('',(0.,0.));
#4116 = VECTOR('',#4117,1.);
#4117 = DIRECTION('',(1.,0.));
#4118 = ( GEOMETRIC_REPRESENTATION_CONTEXT(2) 
PARAMETRIC_REPRESENTATION_CONTEXT() REPRESENTATION_CONTEXT('2D SPACE',''
  ) );
#4119 = PCURVE('',#4120,#4125);
#4120 = PLANE('',#4121);
#4121 = AXIS2_PLACEMENT_3D('',#4122,#4123,#4124);
#4122 = CARTESIAN_POINT('',(-10.404941,-7.5,-1.8));
#4123 = DIRECTION('',(0.,0.,1.));
#4124 = DIRECTION('',(1.,0.,-0.));
#4125 = DEFINITIONAL_REPRESENTATION('',(#4126),#4130);
#4126 = CIRCLE('',#4127,3.5);
#4127 = AXIS2_PLACEMENT_2D('',#4128,#4129);
#4128 = CARTESIAN_POINT('',(0.,0.));
#4129 = DIRECTION('',(1.,0.));
#4130 = ( GEOMETRIC_REPRESENTATION_CONTEXT(2) 
PARAMETRIC_REPRESENTATION_CONTEXT() REPRESENTATION_CONTEXT('2D SPACE',''
  ) );
#4131 = ORIENTED_EDGE('',*,*,#4132,.T.);
#4132 = EDGE_CURVE('',#4104,#4133,#4135,.T.);
#4133 = VERTEX_POINT('',#4134);
#4134 = CARTESIAN_POINT('',(-13.904941,-7.5,0.));
#4135 = SURFACE_CURVE('',#4136,(#4140,#4147),.PCURVE_S1.);
#4136 = LINE('',#4137,#4138);
#4137 = CARTESIAN_POINT('',(-13.904941,-7.5,-1.8));
#4138 = VECTOR('',#4139,1.);
#4139 = DIRECTION('',(0.,0.,1.));
#4140 = PCURVE('',#2306,#4141);
#4141 = DEFINITIONAL_REPRESENTATION('',(#4142),#4146);
#4142 = LINE('',#4143,#4144);
#4143 = CARTESIAN_POINT('',(3.14159265359,0.));
#4144 = VECTOR('',#4145,1.);
#4145 = DIRECTION('',(0.,1.));
#4146 = ( GEOMETRIC_REPRESENTATION_CONTEXT(2) 
PARAMETRIC_REPRESENTATION_CONTEXT() REPRESENTATION_CONTEXT('2D SPACE',''
  ) );
#4147 = PCURVE('',#4148,#4153);
#4148 = PLANE('',#4149);
#4149 = AXIS2_PLACEMENT_3D('',#4150,#4151,#4152);
#4150 = CARTESIAN_POINT('',(-13.904941,-14.768516,-1.8));
#4151 = DIRECTION('',(1.,0.,-0.));
#4152 = DIRECTION('',(0.,0.,1.));
#4153 = DEFINITIONAL_REPRESENTATION('',(#4154),#4158);
#4154 = LINE('',#4155,#4156);
#4155 = CARTESIAN_POINT('',(0.,-7.268516));
#4156 = VECTOR('',#4157,1.);
#4157 = DIRECTION('',(1.,0.));
#4158 = ( GEOMETRIC_REPRESENTATION_CONTEXT(2) 
PARAMETRIC_REPRESENTATION_CONTEXT() REPRESENTATION_CONTEXT('2D SPACE',''
  ) );
#4159 = ORIENTED_EDGE('',*,*,#4160,.F.);
#4160 = EDGE_CURVE('',#2208,#4133,#4161,.T.);
#4161 = SURFACE_CURVE('',#4162,(#4167,#4174),.PCURVE_S1.);
#4162 = CIRCLE('',#4163,3.5);
#4163 = AXIS2_PLACEMENT_3D('',#4164,#4165,#4166);
#4164 = CARTESIAN_POINT('',(-10.404941,-7.5,0.));
#4165 = DIRECTION('',(0.,0.,1.));
#4166 = DIRECTION('',(1.,0.,-0.));
#4167 = PCURVE('',#2306,#4168);
#4168 = DEFINITIONAL_REPRESENTATION('',(#4169),#4173);
#4169 = LINE('',#4170,#4171);
#4170 = CARTESIAN_POINT('',(0.,1.8));
#4171 = VECTOR('',#4172,1.);
#4172 = DIRECTION('',(1.,0.));
#4173 = ( GEOMETRIC_REPRESENTATION_CONTEXT(2) 
PARAMETRIC_REPRESENTATION_CONTEXT() REPRESENTATION_CONTEXT('2D SPACE',''
  ) );
#4174 = PCURVE('',#4011,#4175);
#4175 = DEFINITIONAL_REPRESENTATION('',(#4176),#4180);
#4176 = CIRCLE('',#4177,3.5);
#4177 = AXIS2_PLACEMENT_2D('',#4178,#4179);
#4178 = CARTESIAN_POINT('',(0.,0.));
#4179 = DIRECTION('',(1.,0.));
#4180 = ( GEOMETRIC_REPRESENTATION_CONTEXT(2) 
PARAMETRIC_REPRESENTATION_CONTEXT() REPRESENTATION_CONTEXT('2D SPACE',''
  ) );
#4181 = ORIENTED_EDGE('',*,*,#2293,.F.);
#4182 = ORIENTED_EDGE('',*,*,#4183,.F.);
#4183 = EDGE_CURVE('',#4057,#2265,#4184,.T.);
#4184 = SURFACE_CURVE('',#4185,(#4190,#4197),.PCURVE_S1.);
#4185 = CIRCLE('',#4186,3.5);
#4186 = AXIS2_PLACEMENT_3D('',#4187,#4188,#4189);
#4187 = CARTESIAN_POINT('',(-10.404941,-7.5,-1.));
#4188 = DIRECTION('',(0.,0.,1.));
#4189 = DIRECTION('',(1.,0.,-0.));
#4190 = PCURVE('',#2306,#4191);
#4191 = DEFINITIONAL_REPRESENTATION('',(#4192),#4196);
#4192 = LINE('',#4193,#4194);
#4193 = CARTESIAN_POINT('',(0.,0.8));
#4194 = VECTOR('',#4195,1.);
#4195 = DIRECTION('',(1.,0.));
#4196 = ( GEOMETRIC_REPRESENTATION_CONTEXT(2) 
PARAMETRIC_REPRESENTATION_CONTEXT() REPRESENTATION_CONTEXT('2D SPACE',''
  ) );
#4197 = PCURVE('',#2281,#4198);
#4198 = DEFINITIONAL_REPRESENTATION('',(#4199),#4203);
#4199 = CIRCLE('',#4200,3.5);
#4200 = AXIS2_PLACEMENT_2D('',#4201,#4202);
#4201 = CARTESIAN_POINT('',(9.5059E-02,-4.));
#4202 = DIRECTION('',(1.,0.));
#4203 = ( GEOMETRIC_REPRESENTATION_CONTEXT(2) 
PARAMETRIC_REPRESENTATION_CONTEXT() REPRESENTATION_CONTEXT('2D SPACE',''
  ) );
#4204 = ADVANCED_FACE('',(#4205),#2281,.F.);
#4205 = FACE_BOUND('',#4206,.F.);
#4206 = EDGE_LOOP('',(#4207,#4230,#4231,#4232));
#4207 = ORIENTED_EDGE('',*,*,#4208,.F.);
#4208 = EDGE_CURVE('',#1261,#4209,#4211,.T.);
#4209 = VERTEX_POINT('',#4210);
#4210 = CARTESIAN_POINT('',(-10.5,-3.5,-1.));
#4211 = SURFACE_CURVE('',#4212,(#4216,#4223),.PCURVE_S1.);
#4212 = LINE('',#4213,#4214);
#4213 = CARTESIAN_POINT('',(-12.,-3.5,-1.));
#4214 = VECTOR('',#4215,1.);
#4215 = DIRECTION('',(1.,0.,-0.));
#4216 = PCURVE('',#2281,#4217);
#4217 = DEFINITIONAL_REPRESENTATION('',(#4218),#4222);
#4218 = LINE('',#4219,#4220);
#4219 = CARTESIAN_POINT('',(-1.5,0.));
#4220 = VECTOR('',#4221,1.);
#4221 = DIRECTION('',(1.,0.));
#4222 = ( GEOMETRIC_REPRESENTATION_CONTEXT(2) 
PARAMETRIC_REPRESENTATION_CONTEXT() REPRESENTATION_CONTEXT('2D SPACE',''
  ) );
#4223 = PCURVE('',#2367,#4224);
#4224 = DEFINITIONAL_REPRESENTATION('',(#4225),#4229);
#4225 = LINE('',#4226,#4227);
#4226 = CARTESIAN_POINT('',(0.,0.));
#4227 = VECTOR('',#4228,1.);
#4228 = DIRECTION('',(1.,0.));
#4229 = ( GEOMETRIC_REPRESENTATION_CONTEXT(2) 
PARAMETRIC_REPRESENTATION_CONTEXT() REPRESENTATION_CONTEXT('2D SPACE',''
  ) );
#4230 = ORIENTED_EDGE('',*,*,#2264,.T.);
#4231 = ORIENTED_EDGE('',*,*,#4183,.F.);
#4232 = ORIENTED_EDGE('',*,*,#4233,.T.);
#4233 = EDGE_CURVE('',#4057,#4209,#4234,.T.);
#4234 = SURFACE_CURVE('',#4235,(#4239,#4246),.PCURVE_S1.);
#4235 = LINE('',#4236,#4237);
#4236 = CARTESIAN_POINT('',(-10.5,-5.,-1.));
#4237 = VECTOR('',#4238,1.);
#4238 = DIRECTION('',(-0.,1.,0.));
#4239 = PCURVE('',#2281,#4240);
#4240 = DEFINITIONAL_REPRESENTATION('',(#4241),#4245);
#4241 = LINE('',#4242,#4243);
#4242 = CARTESIAN_POINT('',(0.,-1.5));
#4243 = VECTOR('',#4244,1.);
#4244 = DIRECTION('',(0.,1.));
#4245 = ( GEOMETRIC_REPRESENTATION_CONTEXT(2) 
PARAMETRIC_REPRESENTATION_CONTEXT() REPRESENTATION_CONTEXT('2D SPACE',''
  ) );
#4246 = PCURVE('',#2966,#4247);
#4247 = DEFINITIONAL_REPRESENTATION('',(#4248),#4252);
#4248 = LINE('',#4249,#4250);
#4249 = CARTESIAN_POINT('',(0.,0.));
#4250 = VECTOR('',#4251,1.);
#4251 = DIRECTION('',(0.,1.));
#4252 = ( GEOMETRIC_REPRESENTATION_CONTEXT(2) 
PARAMETRIC_REPRESENTATION_CONTEXT() REPRESENTATION_CONTEXT('2D SPACE',''
  ) );
#4253 = ADVANCED_FACE('',(#4254),#2337,.F.);
#4254 = FACE_BOUND('',#4255,.F.);
#4255 = EDGE_LOOP('',(#4256,#4257,#4258));
#4256 = ORIENTED_EDGE('',*,*,#3680,.F.);
#4257 = ORIENTED_EDGE('',*,*,#2320,.T.);
#4258 = ORIENTED_EDGE('',*,*,#4259,.T.);
#4259 = EDGE_CURVE('',#2321,#3631,#4260,.T.);
#4260 = SURFACE_CURVE('',#4261,(#4265,#4272),.PCURVE_S1.);
#4261 = LINE('',#4262,#4263);
#4262 = CARTESIAN_POINT('',(-10.5,-5.,-1.));
#4263 = VECTOR('',#4264,1.);
#4264 = DIRECTION('',(-0.,1.,0.));
#4265 = PCURVE('',#2337,#4266);
#4266 = DEFINITIONAL_REPRESENTATION('',(#4267),#4271);
#4267 = LINE('',#4268,#4269);
#4268 = CARTESIAN_POINT('',(1.5,-1.5));
#4269 = VECTOR('',#4270,1.);
#4270 = DIRECTION('',(0.,1.));
#4271 = ( GEOMETRIC_REPRESENTATION_CONTEXT(2) 
PARAMETRIC_REPRESENTATION_CONTEXT() REPRESENTATION_CONTEXT('2D SPACE',''
  ) );
#4272 = PCURVE('',#3615,#4273);
#4273 = DEFINITIONAL_REPRESENTATION('',(#4274),#4278);
#4274 = LINE('',#4275,#4276);
#4275 = CARTESIAN_POINT('',(0.,0.));
#4276 = VECTOR('',#4277,1.);
#4277 = DIRECTION('',(0.,1.));
#4278 = ( GEOMETRIC_REPRESENTATION_CONTEXT(2) 
PARAMETRIC_REPRESENTATION_CONTEXT() REPRESENTATION_CONTEXT('2D SPACE',''
  ) );
#4279 = ADVANCED_FACE('',(#4280),#2367,.F.);
#4280 = FACE_BOUND('',#4281,.F.);
#4281 = EDGE_LOOP('',(#4282,#4283,#4284));
#4282 = ORIENTED_EDGE('',*,*,#2350,.T.);
#4283 = ORIENTED_EDGE('',*,*,#4208,.T.);
#4284 = ORIENTED_EDGE('',*,*,#4285,.T.);
#4285 = EDGE_CURVE('',#4209,#2351,#4286,.T.);
#4286 = SURFACE_CURVE('',#4287,(#4291,#4298),.PCURVE_S1.);
#4287 = LINE('',#4288,#4289);
#4288 = CARTESIAN_POINT('',(-10.5,-5.,-1.));
#4289 = VECTOR('',#4290,1.);
#4290 = DIRECTION('',(-0.,1.,0.));
#4291 = PCURVE('',#2367,#4292);
#4292 = DEFINITIONAL_REPRESENTATION('',(#4293),#4297);
#4293 = LINE('',#4294,#4295);
#4294 = CARTESIAN_POINT('',(1.5,-1.5));
#4295 = VECTOR('',#4296,1.);
#4296 = DIRECTION('',(0.,1.));
#4297 = ( GEOMETRIC_REPRESENTATION_CONTEXT(2) 
PARAMETRIC_REPRESENTATION_CONTEXT() REPRESENTATION_CONTEXT('2D SPACE',''
  ) );
#4298 = PCURVE('',#3536,#4299);
#4299 = DEFINITIONAL_REPRESENTATION('',(#4300),#4304);
#4300 = LINE('',#4301,#4302);
#4301 = CARTESIAN_POINT('',(0.,0.));
#4302 = VECTOR('',#4303,1.);
#4303 = DIRECTION('',(0.,1.));
#4304 = ( GEOMETRIC_REPRESENTATION_CONTEXT(2) 
PARAMETRIC_REPRESENTATION_CONTEXT() REPRESENTATION_CONTEXT('2D SPACE',''
  ) );
#4305 = ADVANCED_FACE('',(#4306),#2470,.T.);
#4306 = FACE_BOUND('',#4307,.T.);
#4307 = EDGE_LOOP('',(#4308,#4331,#4332,#4360));
#4308 = ORIENTED_EDGE('',*,*,#4309,.T.);
#4309 = EDGE_CURVE('',#4310,#2404,#4312,.T.);
#4310 = VERTEX_POINT('',#4311);
#4311 = CARTESIAN_POINT('',(10.5,-5.,0.));
#4312 = SURFACE_CURVE('',#4313,(#4317,#4324),.PCURVE_S1.);
#4313 = LINE('',#4314,#4315);
#4314 = CARTESIAN_POINT('',(10.5,-5.,0.));
#4315 = VECTOR('',#4316,1.);
#4316 = DIRECTION('',(-0.,1.,0.));
#4317 = PCURVE('',#2470,#4318);
#4318 = DEFINITIONAL_REPRESENTATION('',(#4319),#4323);
#4319 = LINE('',#4320,#4321);
#4320 = CARTESIAN_POINT('',(21.,0.));
#4321 = VECTOR('',#4322,1.);
#4322 = DIRECTION('',(0.,1.));
#4323 = ( GEOMETRIC_REPRESENTATION_CONTEXT(2) 
PARAMETRIC_REPRESENTATION_CONTEXT() REPRESENTATION_CONTEXT('2D SPACE',''
  ) );
#4324 = PCURVE('',#3955,#4325);
#4325 = DEFINITIONAL_REPRESENTATION('',(#4326),#4330);
#4326 = LINE('',#4327,#4328);
#4327 = CARTESIAN_POINT('',(0.,-1.5));
#4328 = VECTOR('',#4329,1.);
#4329 = DIRECTION('',(0.,1.));
#4330 = ( GEOMETRIC_REPRESENTATION_CONTEXT(2) 
PARAMETRIC_REPRESENTATION_CONTEXT() REPRESENTATION_CONTEXT('2D SPACE',''
  ) );
#4331 = ORIENTED_EDGE('',*,*,#2455,.T.);
#4332 = ORIENTED_EDGE('',*,*,#4333,.F.);
#4333 = EDGE_CURVE('',#4334,#2428,#4336,.T.);
#4334 = VERTEX_POINT('',#4335);
#4335 = CARTESIAN_POINT('',(10.404965,-4.996986422375,0.));
#4336 = SURFACE_CURVE('',#4337,(#4341,#4348),.PCURVE_S1.);
#4337 = LINE('',#4338,#4339);
#4338 = CARTESIAN_POINT('',(10.404965,-18.270142,0.));
#4339 = VECTOR('',#4340,1.);
#4340 = DIRECTION('',(-0.,1.,0.));
#4341 = PCURVE('',#2470,#4342);
#4342 = DEFINITIONAL_REPRESENTATION('',(#4343),#4347);
#4343 = LINE('',#4344,#4345);
#4344 = CARTESIAN_POINT('',(20.904965,-13.270142));
#4345 = VECTOR('',#4346,1.);
#4346 = DIRECTION('',(0.,1.));
#4347 = ( GEOMETRIC_REPRESENTATION_CONTEXT(2) 
PARAMETRIC_REPRESENTATION_CONTEXT() REPRESENTATION_CONTEXT('2D SPACE',''
  ) );
#4348 = PCURVE('',#4349,#4354);
#4349 = PLANE('',#4350);
#4350 = AXIS2_PLACEMENT_3D('',#4351,#4352,#4353);
#4351 = CARTESIAN_POINT('',(-10.5,-5.,0.));
#4352 = DIRECTION('',(0.,0.,1.));
#4353 = DIRECTION('',(1.,0.,-0.));
#4354 = DEFINITIONAL_REPRESENTATION('',(#4355),#4359);
#4355 = LINE('',#4356,#4357);
#4356 = CARTESIAN_POINT('',(20.904965,-13.270142));
#4357 = VECTOR('',#4358,1.);
#4358 = DIRECTION('',(0.,1.));
#4359 = ( GEOMETRIC_REPRESENTATION_CONTEXT(2) 
PARAMETRIC_REPRESENTATION_CONTEXT() REPRESENTATION_CONTEXT('2D SPACE',''
  ) );
#4360 = ORIENTED_EDGE('',*,*,#4361,.T.);
#4361 = EDGE_CURVE('',#4334,#4310,#4362,.T.);
#4362 = SURFACE_CURVE('',#4363,(#4368,#4375),.PCURVE_S1.);
#4363 = CIRCLE('',#4364,1.5);
#4364 = AXIS2_PLACEMENT_3D('',#4365,#4366,#4367);
#4365 = CARTESIAN_POINT('',(10.5,-3.5,0.));
#4366 = DIRECTION('',(0.,0.,1.));
#4367 = DIRECTION('',(1.,0.,-0.));
#4368 = PCURVE('',#2470,#4369);
#4369 = DEFINITIONAL_REPRESENTATION('',(#4370),#4374);
#4370 = CIRCLE('',#4371,1.5);
#4371 = AXIS2_PLACEMENT_2D('',#4372,#4373);
#4372 = CARTESIAN_POINT('',(21.,1.5));
#4373 = DIRECTION('',(1.,0.));
#4374 = ( GEOMETRIC_REPRESENTATION_CONTEXT(2) 
PARAMETRIC_REPRESENTATION_CONTEXT() REPRESENTATION_CONTEXT('2D SPACE',''
  ) );
#4375 = PCURVE('',#4376,#4381);
#4376 = PLANE('',#4377);
#4377 = AXIS2_PLACEMENT_3D('',#4378,#4379,#4380);
#4378 = CARTESIAN_POINT('',(-10.5,-5.,0.));
#4379 = DIRECTION('',(0.,0.,1.));
#4380 = DIRECTION('',(1.,0.,-0.));
#4381 = DEFINITIONAL_REPRESENTATION('',(#4382),#4386);
#4382 = CIRCLE('',#4383,1.5);
#4383 = AXIS2_PLACEMENT_2D('',#4384,#4385);
#4384 = CARTESIAN_POINT('',(21.,1.5));
#4385 = DIRECTION('',(1.,0.));
#4386 = ( GEOMETRIC_REPRESENTATION_CONTEXT(2) 
PARAMETRIC_REPRESENTATION_CONTEXT() REPRESENTATION_CONTEXT('2D SPACE',''
  ) );
#4387 = ADVANCED_FACE('',(#4388),#2443,.T.);
#4388 = FACE_BOUND('',#4389,.T.);
#4389 = EDGE_LOOP('',(#4390,#4391,#4392));
#4390 = ORIENTED_EDGE('',*,*,#2427,.T.);
#4391 = ORIENTED_EDGE('',*,*,#2485,.T.);
#4392 = ORIENTED_EDGE('',*,*,#4393,.F.);
#4393 = EDGE_CURVE('',#2428,#2486,#4394,.T.);
#4394 = SURFACE_CURVE('',#4395,(#4400,#4407),.PCURVE_S1.);
#4395 = CIRCLE('',#4396,3.5);
#4396 = AXIS2_PLACEMENT_3D('',#4397,#4398,#4399);
#4397 = CARTESIAN_POINT('',(9.204965,-7.5,0.));
#4398 = DIRECTION('',(0.,0.,1.));
#4399 = DIRECTION('',(1.,0.,-0.));
#4400 = PCURVE('',#2443,#4401);
#4401 = DEFINITIONAL_REPRESENTATION('',(#4402),#4406);
#4402 = CIRCLE('',#4403,3.5);
#4403 = AXIS2_PLACEMENT_2D('',#4404,#4405);
#4404 = CARTESIAN_POINT('',(0.,10.770142));
#4405 = DIRECTION('',(1.,0.));
#4406 = ( GEOMETRIC_REPRESENTATION_CONTEXT(2) 
PARAMETRIC_REPRESENTATION_CONTEXT() REPRESENTATION_CONTEXT('2D SPACE',''
  ) );
#4407 = PCURVE('',#4349,#4408);
#4408 = DEFINITIONAL_REPRESENTATION('',(#4409),#4413);
#4409 = CIRCLE('',#4410,3.5);
#4410 = AXIS2_PLACEMENT_2D('',#4411,#4412);
#4411 = CARTESIAN_POINT('',(19.704965,-2.5));
#4412 = DIRECTION('',(1.,0.));
#4413 = ( GEOMETRIC_REPRESENTATION_CONTEXT(2) 
PARAMETRIC_REPRESENTATION_CONTEXT() REPRESENTATION_CONTEXT('2D SPACE',''
  ) );
#4414 = ADVANCED_FACE('',(#4415),#2525,.T.);
#4415 = FACE_BOUND('',#4416,.T.);
#4416 = EDGE_LOOP('',(#4417,#4418,#4440));
#4417 = ORIENTED_EDGE('',*,*,#2571,.F.);
#4418 = ORIENTED_EDGE('',*,*,#4419,.F.);
#4419 = EDGE_CURVE('',#2486,#2543,#4420,.T.);
#4420 = SURFACE_CURVE('',#4421,(#4426,#4433),.PCURVE_S1.);
#4421 = CIRCLE('',#4422,3.5);
#4422 = AXIS2_PLACEMENT_3D('',#4423,#4424,#4425);
#4423 = CARTESIAN_POINT('',(10.404965,-7.5,0.));
#4424 = DIRECTION('',(0.,0.,1.));
#4425 = DIRECTION('',(1.,0.,-0.));
#4426 = PCURVE('',#2525,#4427);
#4427 = DEFINITIONAL_REPRESENTATION('',(#4428),#4432);
#4428 = CIRCLE('',#4429,3.5);
#4429 = AXIS2_PLACEMENT_2D('',#4430,#4431);
#4430 = CARTESIAN_POINT('',(1.2,10.770142));
#4431 = DIRECTION('',(1.,0.));
#4432 = ( GEOMETRIC_REPRESENTATION_CONTEXT(2) 
PARAMETRIC_REPRESENTATION_CONTEXT() REPRESENTATION_CONTEXT('2D SPACE',''
  ) );
#4433 = PCURVE('',#4349,#4434);
#4434 = DEFINITIONAL_REPRESENTATION('',(#4435),#4439);
#4435 = CIRCLE('',#4436,3.5);
#4436 = AXIS2_PLACEMENT_2D('',#4437,#4438);
#4437 = CARTESIAN_POINT('',(20.904965,-2.5));
#4438 = DIRECTION('',(1.,0.));
#4439 = ( GEOMETRIC_REPRESENTATION_CONTEXT(2) 
PARAMETRIC_REPRESENTATION_CONTEXT() REPRESENTATION_CONTEXT('2D SPACE',''
  ) );
#4440 = ORIENTED_EDGE('',*,*,#2510,.T.);
#4441 = ADVANCED_FACE('',(#4442),#2559,.T.);
#4442 = FACE_BOUND('',#4443,.T.);
#4443 = EDGE_LOOP('',(#4444,#4445,#4446));
#4444 = ORIENTED_EDGE('',*,*,#2542,.T.);
#4445 = ORIENTED_EDGE('',*,*,#2844,.T.);
#4446 = ORIENTED_EDGE('',*,*,#4447,.T.);
#4447 = EDGE_CURVE('',#2817,#2543,#4448,.T.);
#4448 = SURFACE_CURVE('',#4449,(#4453,#4460),.PCURVE_S1.);
#4449 = LINE('',#4450,#4451);
#4450 = CARTESIAN_POINT('',(9.204965,-18.270142,0.));
#4451 = VECTOR('',#4452,1.);
#4452 = DIRECTION('',(-0.,1.,0.));
#4453 = PCURVE('',#2559,#4454);
#4454 = DEFINITIONAL_REPRESENTATION('',(#4455),#4459);
#4455 = LINE('',#4456,#4457);
#4456 = CARTESIAN_POINT('',(19.704965,-13.270142));
#4457 = VECTOR('',#4458,1.);
#4458 = DIRECTION('',(0.,1.));
#4459 = ( GEOMETRIC_REPRESENTATION_CONTEXT(2) 
PARAMETRIC_REPRESENTATION_CONTEXT() REPRESENTATION_CONTEXT('2D SPACE',''
  ) );
#4460 = PCURVE('',#4349,#4461);
#4461 = DEFINITIONAL_REPRESENTATION('',(#4462),#4466);
#4462 = LINE('',#4463,#4464);
#4463 = CARTESIAN_POINT('',(19.704965,-13.270142));
#4464 = VECTOR('',#4465,1.);
#4465 = DIRECTION('',(0.,1.));
#4466 = ( GEOMETRIC_REPRESENTATION_CONTEXT(2) 
PARAMETRIC_REPRESENTATION_CONTEXT() REPRESENTATION_CONTEXT('2D SPACE',''
  ) );
#4467 = ADVANCED_FACE('',(#4468),#2612,.T.);
#4468 = FACE_BOUND('',#4469,.T.);
#4469 = EDGE_LOOP('',(#4470,#4496,#4497));
#4470 = ORIENTED_EDGE('',*,*,#4471,.F.);
#4471 = EDGE_CURVE('',#3387,#2596,#4472,.T.);
#4472 = SURFACE_CURVE('',#4473,(#4477,#4484),.PCURVE_S1.);
#4473 = LINE('',#4474,#4475);
#4474 = CARTESIAN_POINT('',(-9.204941,-18.268516,0.));
#4475 = VECTOR('',#4476,1.);
#4476 = DIRECTION('',(-0.,1.,0.));
#4477 = PCURVE('',#2612,#4478);
#4478 = DEFINITIONAL_REPRESENTATION('',(#4479),#4483);
#4479 = LINE('',#4480,#4481);
#4480 = CARTESIAN_POINT('',(1.295059,-13.268516));
#4481 = VECTOR('',#4482,1.);
#4482 = DIRECTION('',(0.,1.));
#4483 = ( GEOMETRIC_REPRESENTATION_CONTEXT(2) 
PARAMETRIC_REPRESENTATION_CONTEXT() REPRESENTATION_CONTEXT('2D SPACE',''
  ) );
#4484 = PCURVE('',#4485,#4490);
#4485 = PLANE('',#4486);
#4486 = AXIS2_PLACEMENT_3D('',#4487,#4488,#4489);
#4487 = CARTESIAN_POINT('',(-10.5,-5.,0.));
#4488 = DIRECTION('',(0.,0.,1.));
#4489 = DIRECTION('',(1.,0.,-0.));
#4490 = DEFINITIONAL_REPRESENTATION('',(#4491),#4495);
#4491 = LINE('',#4492,#4493);
#4492 = CARTESIAN_POINT('',(1.295059,-13.268516));
#4493 = VECTOR('',#4494,1.);
#4494 = DIRECTION('',(0.,1.));
#4495 = ( GEOMETRIC_REPRESENTATION_CONTEXT(2) 
PARAMETRIC_REPRESENTATION_CONTEXT() REPRESENTATION_CONTEXT('2D SPACE',''
  ) );
#4496 = ORIENTED_EDGE('',*,*,#3386,.T.);
#4497 = ORIENTED_EDGE('',*,*,#2595,.T.);
#4498 = ADVANCED_FACE('',(#4499),#2640,.T.);
#4499 = FACE_BOUND('',#4500,.T.);
#4500 = EDGE_LOOP('',(#4501,#4502,#4503));
#4501 = ORIENTED_EDGE('',*,*,#2626,.T.);
#4502 = ORIENTED_EDGE('',*,*,#2655,.T.);
#4503 = ORIENTED_EDGE('',*,*,#4504,.F.);
#4504 = EDGE_CURVE('',#2596,#2656,#4505,.T.);
#4505 = SURFACE_CURVE('',#4506,(#4511,#4518),.PCURVE_S1.);
#4506 = CIRCLE('',#4507,3.5);
#4507 = AXIS2_PLACEMENT_3D('',#4508,#4509,#4510);
#4508 = CARTESIAN_POINT('',(-10.404941,-7.5,0.));
#4509 = DIRECTION('',(0.,0.,1.));
#4510 = DIRECTION('',(1.,0.,-0.));
#4511 = PCURVE('',#2640,#4512);
#4512 = DEFINITIONAL_REPRESENTATION('',(#4513),#4517);
#4513 = CIRCLE('',#4514,3.5);
#4514 = AXIS2_PLACEMENT_2D('',#4515,#4516);
#4515 = CARTESIAN_POINT('',(0.,10.768516));
#4516 = DIRECTION('',(1.,0.));
#4517 = ( GEOMETRIC_REPRESENTATION_CONTEXT(2) 
PARAMETRIC_REPRESENTATION_CONTEXT() REPRESENTATION_CONTEXT('2D SPACE',''
  ) );
#4518 = PCURVE('',#4485,#4519);
#4519 = DEFINITIONAL_REPRESENTATION('',(#4520),#4524);
#4520 = CIRCLE('',#4521,3.5);
#4521 = AXIS2_PLACEMENT_2D('',#4522,#4523);
#4522 = CARTESIAN_POINT('',(9.5059E-02,-2.5));
#4523 = DIRECTION('',(1.,0.));
#4524 = ( GEOMETRIC_REPRESENTATION_CONTEXT(2) 
PARAMETRIC_REPRESENTATION_CONTEXT() REPRESENTATION_CONTEXT('2D SPACE',''
  ) );
#4525 = ADVANCED_FACE('',(#4526),#2695,.T.);
#4526 = FACE_BOUND('',#4527,.T.);
#4527 = EDGE_LOOP('',(#4528,#4529,#4551));
#4528 = ORIENTED_EDGE('',*,*,#2762,.F.);
#4529 = ORIENTED_EDGE('',*,*,#4530,.F.);
#4530 = EDGE_CURVE('',#2656,#2734,#4531,.T.);
#4531 = SURFACE_CURVE('',#4532,(#4537,#4544),.PCURVE_S1.);
#4532 = CIRCLE('',#4533,3.5);
#4533 = AXIS2_PLACEMENT_3D('',#4534,#4535,#4536);
#4534 = CARTESIAN_POINT('',(-9.204941,-7.5,0.));
#4535 = DIRECTION('',(0.,0.,1.));
#4536 = DIRECTION('',(1.,0.,-0.));
#4537 = PCURVE('',#2695,#4538);
#4538 = DEFINITIONAL_REPRESENTATION('',(#4539),#4543);
#4539 = CIRCLE('',#4540,3.5);
#4540 = AXIS2_PLACEMENT_2D('',#4541,#4542);
#4541 = CARTESIAN_POINT('',(1.2,10.768516));
#4542 = DIRECTION('',(1.,0.));
#4543 = ( GEOMETRIC_REPRESENTATION_CONTEXT(2) 
PARAMETRIC_REPRESENTATION_CONTEXT() REPRESENTATION_CONTEXT('2D SPACE',''
  ) );
#4544 = PCURVE('',#4485,#4545);
#4545 = DEFINITIONAL_REPRESENTATION('',(#4546),#4550);
#4546 = CIRCLE('',#4547,3.5);
#4547 = AXIS2_PLACEMENT_2D('',#4548,#4549);
#4548 = CARTESIAN_POINT('',(1.295059,-2.5));
#4549 = DIRECTION('',(1.,0.));
#4550 = ( GEOMETRIC_REPRESENTATION_CONTEXT(2) 
PARAMETRIC_REPRESENTATION_CONTEXT() REPRESENTATION_CONTEXT('2D SPACE',''
  ) );
#4551 = ORIENTED_EDGE('',*,*,#2680,.T.);
#4552 = ADVANCED_FACE('',(#4553),#2750,.T.);
#4553 = FACE_BOUND('',#4554,.T.);
#4554 = EDGE_LOOP('',(#4555,#4578,#4607,#4628));
#4555 = ORIENTED_EDGE('',*,*,#4556,.F.);
#4556 = EDGE_CURVE('',#4557,#2711,#4559,.T.);
#4557 = VERTEX_POINT('',#4558);
#4558 = CARTESIAN_POINT('',(-10.5,-5.,0.));
#4559 = SURFACE_CURVE('',#4560,(#4564,#4571),.PCURVE_S1.);
#4560 = LINE('',#4561,#4562);
#4561 = CARTESIAN_POINT('',(-10.5,-5.,0.));
#4562 = VECTOR('',#4563,1.);
#4563 = DIRECTION('',(-0.,1.,0.));
#4564 = PCURVE('',#2750,#4565);
#4565 = DEFINITIONAL_REPRESENTATION('',(#4566),#4570);
#4566 = LINE('',#4567,#4568);
#4567 = CARTESIAN_POINT('',(0.,0.));
#4568 = VECTOR('',#4569,1.);
#4569 = DIRECTION('',(0.,1.));
#4570 = ( GEOMETRIC_REPRESENTATION_CONTEXT(2) 
PARAMETRIC_REPRESENTATION_CONTEXT() REPRESENTATION_CONTEXT('2D SPACE',''
  ) );
#4571 = PCURVE('',#4038,#4572);
#4572 = DEFINITIONAL_REPRESENTATION('',(#4573),#4577);
#4573 = LINE('',#4574,#4575);
#4574 = CARTESIAN_POINT('',(0.,-1.5));
#4575 = VECTOR('',#4576,1.);
#4576 = DIRECTION('',(0.,1.));
#4577 = ( GEOMETRIC_REPRESENTATION_CONTEXT(2) 
PARAMETRIC_REPRESENTATION_CONTEXT() REPRESENTATION_CONTEXT('2D SPACE',''
  ) );
#4578 = ORIENTED_EDGE('',*,*,#4579,.T.);
#4579 = EDGE_CURVE('',#4557,#4580,#4582,.T.);
#4580 = VERTEX_POINT('',#4581);
#4581 = CARTESIAN_POINT('',(-10.404941,-4.996984898561,0.));
#4582 = SURFACE_CURVE('',#4583,(#4588,#4595),.PCURVE_S1.);
#4583 = CIRCLE('',#4584,1.5);
#4584 = AXIS2_PLACEMENT_3D('',#4585,#4586,#4587);
#4585 = CARTESIAN_POINT('',(-10.5,-3.5,0.));
#4586 = DIRECTION('',(0.,0.,1.));
#4587 = DIRECTION('',(1.,0.,-0.));
#4588 = PCURVE('',#2750,#4589);
#4589 = DEFINITIONAL_REPRESENTATION('',(#4590),#4594);
#4590 = CIRCLE('',#4591,1.5);
#4591 = AXIS2_PLACEMENT_2D('',#4592,#4593);
#4592 = CARTESIAN_POINT('',(0.,1.5));
#4593 = DIRECTION('',(1.,0.));
#4594 = ( GEOMETRIC_REPRESENTATION_CONTEXT(2) 
PARAMETRIC_REPRESENTATION_CONTEXT() REPRESENTATION_CONTEXT('2D SPACE',''
  ) );
#4595 = PCURVE('',#4596,#4601);
#4596 = PLANE('',#4597);
#4597 = AXIS2_PLACEMENT_3D('',#4598,#4599,#4600);
#4598 = CARTESIAN_POINT('',(-10.5,-5.,0.));
#4599 = DIRECTION('',(0.,0.,1.));
#4600 = DIRECTION('',(1.,0.,-0.));
#4601 = DEFINITIONAL_REPRESENTATION('',(#4602),#4606);
#4602 = CIRCLE('',#4603,1.5);
#4603 = AXIS2_PLACEMENT_2D('',#4604,#4605);
#4604 = CARTESIAN_POINT('',(0.,1.5));
#4605 = DIRECTION('',(1.,0.));
#4606 = ( GEOMETRIC_REPRESENTATION_CONTEXT(2) 
PARAMETRIC_REPRESENTATION_CONTEXT() REPRESENTATION_CONTEXT('2D SPACE',''
  ) );
#4607 = ORIENTED_EDGE('',*,*,#4608,.T.);
#4608 = EDGE_CURVE('',#4580,#2734,#4609,.T.);
#4609 = SURFACE_CURVE('',#4610,(#4614,#4621),.PCURVE_S1.);
#4610 = LINE('',#4611,#4612);
#4611 = CARTESIAN_POINT('',(-10.404941,-18.268516,0.));
#4612 = VECTOR('',#4613,1.);
#4613 = DIRECTION('',(-0.,1.,0.));
#4614 = PCURVE('',#2750,#4615);
#4615 = DEFINITIONAL_REPRESENTATION('',(#4616),#4620);
#4616 = LINE('',#4617,#4618);
#4617 = CARTESIAN_POINT('',(9.5059E-02,-13.268516));
#4618 = VECTOR('',#4619,1.);
#4619 = DIRECTION('',(0.,1.));
#4620 = ( GEOMETRIC_REPRESENTATION_CONTEXT(2) 
PARAMETRIC_REPRESENTATION_CONTEXT() REPRESENTATION_CONTEXT('2D SPACE',''
  ) );
#4621 = PCURVE('',#4485,#4622);
#4622 = DEFINITIONAL_REPRESENTATION('',(#4623),#4627);
#4623 = LINE('',#4624,#4625);
#4624 = CARTESIAN_POINT('',(9.5059E-02,-13.268516));
#4625 = VECTOR('',#4626,1.);
#4626 = DIRECTION('',(0.,1.));
#4627 = ( GEOMETRIC_REPRESENTATION_CONTEXT(2) 
PARAMETRIC_REPRESENTATION_CONTEXT() REPRESENTATION_CONTEXT('2D SPACE',''
  ) );
#4628 = ORIENTED_EDGE('',*,*,#2733,.T.);
#4629 = ADVANCED_FACE('',(#4630),#2832,.T.);
#4630 = FACE_BOUND('',#4631,.T.);
#4631 = EDGE_LOOP('',(#4632,#4633,#4661,#4682));
#4632 = ORIENTED_EDGE('',*,*,#2816,.F.);
#4633 = ORIENTED_EDGE('',*,*,#4634,.T.);
#4634 = EDGE_CURVE('',#2789,#4635,#4637,.T.);
#4635 = VERTEX_POINT('',#4636);
#4636 = CARTESIAN_POINT('',(10.404965,-5.,0.));
#4637 = SURFACE_CURVE('',#4638,(#4642,#4649),.PCURVE_S1.);
#4638 = LINE('',#4639,#4640);
#4639 = CARTESIAN_POINT('',(-10.5,-5.,0.));
#4640 = VECTOR('',#4641,1.);
#4641 = DIRECTION('',(1.,0.,-0.));
#4642 = PCURVE('',#2832,#4643);
#4643 = DEFINITIONAL_REPRESENTATION('',(#4644),#4648);
#4644 = LINE('',#4645,#4646);
#4645 = CARTESIAN_POINT('',(0.,0.));
#4646 = VECTOR('',#4647,1.);
#4647 = DIRECTION('',(1.,0.));
#4648 = ( GEOMETRIC_REPRESENTATION_CONTEXT(2) 
PARAMETRIC_REPRESENTATION_CONTEXT() REPRESENTATION_CONTEXT('2D SPACE',''
  ) );
#4649 = PCURVE('',#4650,#4655);
#4650 = PLANE('',#4651);
#4651 = AXIS2_PLACEMENT_3D('',#4652,#4653,#4654);
#4652 = CARTESIAN_POINT('',(9.204965,-18.270142,0.));
#4653 = DIRECTION('',(0.,0.,1.));
#4654 = DIRECTION('',(1.,0.,-0.));
#4655 = DEFINITIONAL_REPRESENTATION('',(#4656),#4660);
#4656 = LINE('',#4657,#4658);
#4657 = CARTESIAN_POINT('',(-19.704965,13.270142));
#4658 = VECTOR('',#4659,1.);
#4659 = DIRECTION('',(1.,0.));
#4660 = ( GEOMETRIC_REPRESENTATION_CONTEXT(2) 
PARAMETRIC_REPRESENTATION_CONTEXT() REPRESENTATION_CONTEXT('2D SPACE',''
  ) );
#4661 = ORIENTED_EDGE('',*,*,#4662,.T.);
#4662 = EDGE_CURVE('',#4635,#4334,#4663,.T.);
#4663 = SURFACE_CURVE('',#4664,(#4668,#4675),.PCURVE_S1.);
#4664 = LINE('',#4665,#4666);
#4665 = CARTESIAN_POINT('',(10.404965,-18.270142,0.));
#4666 = VECTOR('',#4667,1.);
#4667 = DIRECTION('',(-0.,1.,0.));
#4668 = PCURVE('',#2832,#4669);
#4669 = DEFINITIONAL_REPRESENTATION('',(#4670),#4674);
#4670 = LINE('',#4671,#4672);
#4671 = CARTESIAN_POINT('',(20.904965,-13.270142));
#4672 = VECTOR('',#4673,1.);
#4673 = DIRECTION('',(0.,1.));
#4674 = ( GEOMETRIC_REPRESENTATION_CONTEXT(2) 
PARAMETRIC_REPRESENTATION_CONTEXT() REPRESENTATION_CONTEXT('2D SPACE',''
  ) );
#4675 = PCURVE('',#4376,#4676);
#4676 = DEFINITIONAL_REPRESENTATION('',(#4677),#4681);
#4677 = LINE('',#4678,#4679);
#4678 = CARTESIAN_POINT('',(20.904965,-13.270142));
#4679 = VECTOR('',#4680,1.);
#4680 = DIRECTION('',(0.,1.));
#4681 = ( GEOMETRIC_REPRESENTATION_CONTEXT(2) 
PARAMETRIC_REPRESENTATION_CONTEXT() REPRESENTATION_CONTEXT('2D SPACE',''
  ) );
#4682 = ORIENTED_EDGE('',*,*,#4683,.F.);
#4683 = EDGE_CURVE('',#2817,#4334,#4684,.T.);
#4684 = SURFACE_CURVE('',#4685,(#4690,#4697),.PCURVE_S1.);
#4685 = CIRCLE('',#4686,1.5);
#4686 = AXIS2_PLACEMENT_3D('',#4687,#4688,#4689);
#4687 = CARTESIAN_POINT('',(10.5,-3.5,0.));
#4688 = DIRECTION('',(0.,0.,1.));
#4689 = DIRECTION('',(1.,0.,-0.));
#4690 = PCURVE('',#2832,#4691);
#4691 = DEFINITIONAL_REPRESENTATION('',(#4692),#4696);
#4692 = CIRCLE('',#4693,1.5);
#4693 = AXIS2_PLACEMENT_2D('',#4694,#4695);
#4694 = CARTESIAN_POINT('',(21.,1.5));
#4695 = DIRECTION('',(1.,0.));
#4696 = ( GEOMETRIC_REPRESENTATION_CONTEXT(2) 
PARAMETRIC_REPRESENTATION_CONTEXT() REPRESENTATION_CONTEXT('2D SPACE',''
  ) );
#4697 = PCURVE('',#4349,#4698);
#4698 = DEFINITIONAL_REPRESENTATION('',(#4699),#4703);
#4699 = CIRCLE('',#4700,1.5);
#4700 = AXIS2_PLACEMENT_2D('',#4701,#4702);
#4701 = CARTESIAN_POINT('',(21.,1.5));
#4702 = DIRECTION('',(1.,0.));
#4703 = ( GEOMETRIC_REPRESENTATION_CONTEXT(2) 
PARAMETRIC_REPRESENTATION_CONTEXT() REPRESENTATION_CONTEXT('2D SPACE',''
  ) );
#4704 = ADVANCED_FACE('',(#4705),#2804,.T.);
#4705 = FACE_BOUND('',#4706,.T.);
#4706 = EDGE_LOOP('',(#4707,#4708,#4736,#4757));
#4707 = ORIENTED_EDGE('',*,*,#2869,.T.);
#4708 = ORIENTED_EDGE('',*,*,#4709,.T.);
#4709 = EDGE_CURVE('',#2870,#4710,#4712,.T.);
#4710 = VERTEX_POINT('',#4711);
#4711 = CARTESIAN_POINT('',(9.204965,-7.5,0.));
#4712 = SURFACE_CURVE('',#4713,(#4717,#4724),.PCURVE_S1.);
#4713 = LINE('',#4714,#4715);
#4714 = CARTESIAN_POINT('',(5.704965,-7.5,0.));
#4715 = VECTOR('',#4716,1.);
#4716 = DIRECTION('',(1.,0.,-0.));
#4717 = PCURVE('',#2804,#4718);
#4718 = DEFINITIONAL_REPRESENTATION('',(#4719),#4723);
#4719 = LINE('',#4720,#4721);
#4720 = CARTESIAN_POINT('',(-3.5,0.));
#4721 = VECTOR('',#4722,1.);
#4722 = DIRECTION('',(1.,0.));
#4723 = ( GEOMETRIC_REPRESENTATION_CONTEXT(2) 
PARAMETRIC_REPRESENTATION_CONTEXT() REPRESENTATION_CONTEXT('2D SPACE',''
  ) );
#4724 = PCURVE('',#4725,#4730);
#4725 = PLANE('',#4726);
#4726 = AXIS2_PLACEMENT_3D('',#4727,#4728,#4729);
#4727 = CARTESIAN_POINT('',(5.704965,-14.770142,0.));
#4728 = DIRECTION('',(0.,0.,1.));
#4729 = DIRECTION('',(1.,0.,-0.));
#4730 = DEFINITIONAL_REPRESENTATION('',(#4731),#4735);
#4731 = LINE('',#4732,#4733);
#4732 = CARTESIAN_POINT('',(0.,7.270142));
#4733 = VECTOR('',#4734,1.);
#4734 = DIRECTION('',(1.,0.));
#4735 = ( GEOMETRIC_REPRESENTATION_CONTEXT(2) 
PARAMETRIC_REPRESENTATION_CONTEXT() REPRESENTATION_CONTEXT('2D SPACE',''
  ) );
#4736 = ORIENTED_EDGE('',*,*,#4737,.T.);
#4737 = EDGE_CURVE('',#4710,#2789,#4738,.T.);
#4738 = SURFACE_CURVE('',#4739,(#4743,#4750),.PCURVE_S1.);
#4739 = LINE('',#4740,#4741);
#4740 = CARTESIAN_POINT('',(9.204965,-18.270142,0.));
#4741 = VECTOR('',#4742,1.);
#4742 = DIRECTION('',(-0.,1.,0.));
#4743 = PCURVE('',#2804,#4744);
#4744 = DEFINITIONAL_REPRESENTATION('',(#4745),#4749);
#4745 = LINE('',#4746,#4747);
#4746 = CARTESIAN_POINT('',(0.,-10.770142));
#4747 = VECTOR('',#4748,1.);
#4748 = DIRECTION('',(0.,1.));
#4749 = ( GEOMETRIC_REPRESENTATION_CONTEXT(2) 
PARAMETRIC_REPRESENTATION_CONTEXT() REPRESENTATION_CONTEXT('2D SPACE',''
  ) );
#4750 = PCURVE('',#4650,#4751);
#4751 = DEFINITIONAL_REPRESENTATION('',(#4752),#4756);
#4752 = LINE('',#4753,#4754);
#4753 = CARTESIAN_POINT('',(0.,0.));
#4754 = VECTOR('',#4755,1.);
#4755 = DIRECTION('',(0.,1.));
#4756 = ( GEOMETRIC_REPRESENTATION_CONTEXT(2) 
PARAMETRIC_REPRESENTATION_CONTEXT() REPRESENTATION_CONTEXT('2D SPACE',''
  ) );
#4757 = ORIENTED_EDGE('',*,*,#2788,.F.);
#4758 = ADVANCED_FACE('',(#4759),#2932,.T.);
#4759 = FACE_BOUND('',#4760,.T.);
#4760 = EDGE_LOOP('',(#4761,#4762,#4791,#4819));
#4761 = ORIENTED_EDGE('',*,*,#2918,.F.);
#4762 = ORIENTED_EDGE('',*,*,#4763,.T.);
#4763 = EDGE_CURVE('',#2895,#4764,#4766,.T.);
#4764 = VERTEX_POINT('',#4765);
#4765 = CARTESIAN_POINT('',(9.204965,-11.,0.));
#4766 = SURFACE_CURVE('',#4767,(#4772,#4779),.PCURVE_S1.);
#4767 = CIRCLE('',#4768,3.5);
#4768 = AXIS2_PLACEMENT_3D('',#4769,#4770,#4771);
#4769 = CARTESIAN_POINT('',(9.204965,-7.5,0.));
#4770 = DIRECTION('',(0.,0.,1.));
#4771 = DIRECTION('',(1.,0.,-0.));
#4772 = PCURVE('',#2932,#4773);
#4773 = DEFINITIONAL_REPRESENTATION('',(#4774),#4778);
#4774 = CIRCLE('',#4775,3.5);
#4775 = AXIS2_PLACEMENT_2D('',#4776,#4777);
#4776 = CARTESIAN_POINT('',(3.5,7.270142));
#4777 = DIRECTION('',(1.,0.));
#4778 = ( GEOMETRIC_REPRESENTATION_CONTEXT(2) 
PARAMETRIC_REPRESENTATION_CONTEXT() REPRESENTATION_CONTEXT('2D SPACE',''
  ) );
#4779 = PCURVE('',#4780,#4785);
#4780 = PLANE('',#4781);
#4781 = AXIS2_PLACEMENT_3D('',#4782,#4783,#4784);
#4782 = CARTESIAN_POINT('',(5.704965,-14.770142,0.));
#4783 = DIRECTION('',(0.,0.,1.));
#4784 = DIRECTION('',(1.,0.,-0.));
#4785 = DEFINITIONAL_REPRESENTATION('',(#4786),#4790);
#4786 = CIRCLE('',#4787,3.5);
#4787 = AXIS2_PLACEMENT_2D('',#4788,#4789);
#4788 = CARTESIAN_POINT('',(3.5,7.270142));
#4789 = DIRECTION('',(1.,0.));
#4790 = ( GEOMETRIC_REPRESENTATION_CONTEXT(2) 
PARAMETRIC_REPRESENTATION_CONTEXT() REPRESENTATION_CONTEXT('2D SPACE',''
  ) );
#4791 = ORIENTED_EDGE('',*,*,#4792,.T.);
#4792 = EDGE_CURVE('',#4764,#4793,#4795,.T.);
#4793 = VERTEX_POINT('',#4794);
#4794 = CARTESIAN_POINT('',(9.204965,-10.78785644455,0.));
#4795 = SURFACE_CURVE('',#4796,(#4800,#4807),.PCURVE_S1.);
#4796 = LINE('',#4797,#4798);
#4797 = CARTESIAN_POINT('',(9.204965,-18.270142,0.));
#4798 = VECTOR('',#4799,1.);
#4799 = DIRECTION('',(-0.,1.,0.));
#4800 = PCURVE('',#2932,#4801);
#4801 = DEFINITIONAL_REPRESENTATION('',(#4802),#4806);
#4802 = LINE('',#4803,#4804);
#4803 = CARTESIAN_POINT('',(3.5,-3.5));
#4804 = VECTOR('',#4805,1.);
#4805 = DIRECTION('',(0.,1.));
#4806 = ( GEOMETRIC_REPRESENTATION_CONTEXT(2) 
PARAMETRIC_REPRESENTATION_CONTEXT() REPRESENTATION_CONTEXT('2D SPACE',''
  ) );
#4807 = PCURVE('',#4808,#4813);
#4808 = PLANE('',#4809);
#4809 = AXIS2_PLACEMENT_3D('',#4810,#4811,#4812);
#4810 = CARTESIAN_POINT('',(9.204965,-18.270142,0.));
#4811 = DIRECTION('',(0.,0.,1.));
#4812 = DIRECTION('',(1.,0.,-0.));
#4813 = DEFINITIONAL_REPRESENTATION('',(#4814),#4818);
#4814 = LINE('',#4815,#4816);
#4815 = CARTESIAN_POINT('',(0.,0.));
#4816 = VECTOR('',#4817,1.);
#4817 = DIRECTION('',(0.,1.));
#4818 = ( GEOMETRIC_REPRESENTATION_CONTEXT(2) 
PARAMETRIC_REPRESENTATION_CONTEXT() REPRESENTATION_CONTEXT('2D SPACE',''
  ) );
#4819 = ORIENTED_EDGE('',*,*,#4820,.F.);
#4820 = EDGE_CURVE('',#2870,#4793,#4821,.T.);
#4821 = SURFACE_CURVE('',#4822,(#4827,#4834),.PCURVE_S1.);
#4822 = CIRCLE('',#4823,3.5);
#4823 = AXIS2_PLACEMENT_3D('',#4824,#4825,#4826);
#4824 = CARTESIAN_POINT('',(10.404965,-7.5,0.));
#4825 = DIRECTION('',(0.,0.,1.));
#4826 = DIRECTION('',(1.,0.,-0.));
#4827 = PCURVE('',#2932,#4828);
#4828 = DEFINITIONAL_REPRESENTATION('',(#4829),#4833);
#4829 = CIRCLE('',#4830,3.5);
#4830 = AXIS2_PLACEMENT_2D('',#4831,#4832);
#4831 = CARTESIAN_POINT('',(4.7,7.270142));
#4832 = DIRECTION('',(1.,0.));
#4833 = ( GEOMETRIC_REPRESENTATION_CONTEXT(2) 
PARAMETRIC_REPRESENTATION_CONTEXT() REPRESENTATION_CONTEXT('2D SPACE',''
  ) );
#4834 = PCURVE('',#4725,#4835);
#4835 = DEFINITIONAL_REPRESENTATION('',(#4836),#4840);
#4836 = CIRCLE('',#4837,3.5);
#4837 = AXIS2_PLACEMENT_2D('',#4838,#4839);
#4838 = CARTESIAN_POINT('',(4.7,7.270142));
#4839 = DIRECTION('',(1.,0.));
#4840 = ( GEOMETRIC_REPRESENTATION_CONTEXT(2) 
PARAMETRIC_REPRESENTATION_CONTEXT() REPRESENTATION_CONTEXT('2D SPACE',''
  ) );
#4841 = ADVANCED_FACE('',(#4842),#2966,.F.);
#4842 = FACE_BOUND('',#4843,.F.);
#4843 = EDGE_LOOP('',(#4844,#4845,#4846,#4865,#4866,#4867));
#4844 = ORIENTED_EDGE('',*,*,#4233,.F.);
#4845 = ORIENTED_EDGE('',*,*,#4054,.F.);
#4846 = ORIENTED_EDGE('',*,*,#4847,.F.);
#4847 = EDGE_CURVE('',#3272,#4055,#4848,.T.);
#4848 = SURFACE_CURVE('',#4849,(#4853,#4859),.PCURVE_S1.);
#4849 = LINE('',#4850,#4851);
#4850 = CARTESIAN_POINT('',(-10.4524705,-4.,-1.));
#4851 = VECTOR('',#4852,1.);
#4852 = DIRECTION('',(-1.,-0.,0.));
#4853 = PCURVE('',#2966,#4854);
#4854 = DEFINITIONAL_REPRESENTATION('',(#4855),#4858);
#4855 = B_SPLINE_CURVE_WITH_KNOTS('',1,(#4856,#4857),.UNSPECIFIED.,.F.,
  .F.,(2,2),(-1.2475295,-4.75295E-02),.PIECEWISE_BEZIER_KNOTS.);
#4856 = CARTESIAN_POINT('',(1.295059,1.));
#4857 = CARTESIAN_POINT('',(9.5059E-02,1.));
#4858 = ( GEOMETRIC_REPRESENTATION_CONTEXT(2) 
PARAMETRIC_REPRESENTATION_CONTEXT() REPRESENTATION_CONTEXT('2D SPACE',''
  ) );
#4859 = PCURVE('',#3287,#4860);
#4860 = DEFINITIONAL_REPRESENTATION('',(#4861),#4864);
#4861 = B_SPLINE_CURVE_WITH_KNOTS('',1,(#4862,#4863),.UNSPECIFIED.,.F.,
  .F.,(2,2),(-1.2475295,-4.75295E-02),.PIECEWISE_BEZIER_KNOTS.);
#4862 = CARTESIAN_POINT('',(0.8,1.2));
#4863 = CARTESIAN_POINT('',(0.8,0.));
#4864 = ( GEOMETRIC_REPRESENTATION_CONTEXT(2) 
PARAMETRIC_REPRESENTATION_CONTEXT() REPRESENTATION_CONTEXT('2D SPACE',''
  ) );
#4865 = ORIENTED_EDGE('',*,*,#3299,.F.);
#4866 = ORIENTED_EDGE('',*,*,#2947,.T.);
#4867 = ORIENTED_EDGE('',*,*,#4868,.F.);
#4868 = EDGE_CURVE('',#4209,#2950,#4869,.T.);
#4869 = SURFACE_CURVE('',#4870,(#4874,#4881),.PCURVE_S1.);
#4870 = LINE('',#4871,#4872);
#4871 = CARTESIAN_POINT('',(-12.,-3.5,-1.));
#4872 = VECTOR('',#4873,1.);
#4873 = DIRECTION('',(1.,0.,-0.));
#4874 = PCURVE('',#2966,#4875);
#4875 = DEFINITIONAL_REPRESENTATION('',(#4876),#4880);
#4876 = LINE('',#4877,#4878);
#4877 = CARTESIAN_POINT('',(-1.5,1.5));
#4878 = VECTOR('',#4879,1.);
#4879 = DIRECTION('',(1.,0.));
#4880 = ( GEOMETRIC_REPRESENTATION_CONTEXT(2) 
PARAMETRIC_REPRESENTATION_CONTEXT() REPRESENTATION_CONTEXT('2D SPACE',''
  ) );
#4881 = PCURVE('',#3536,#4882);
#4882 = DEFINITIONAL_REPRESENTATION('',(#4883),#4887);
#4883 = LINE('',#4884,#4885);
#4884 = CARTESIAN_POINT('',(-1.5,1.5));
#4885 = VECTOR('',#4886,1.);
#4886 = DIRECTION('',(1.,0.));
#4887 = ( GEOMETRIC_REPRESENTATION_CONTEXT(2) 
PARAMETRIC_REPRESENTATION_CONTEXT() REPRESENTATION_CONTEXT('2D SPACE',''
  ) );
#4888 = ADVANCED_FACE('',(#4889),#3042,.F.);
#4889 = FACE_BOUND('',#4890,.F.);
#4890 = EDGE_LOOP('',(#4891,#4912,#4913,#4914,#4933,#4934));
#4891 = ORIENTED_EDGE('',*,*,#4892,.F.);
#4892 = EDGE_CURVE('',#3026,#3707,#4893,.T.);
#4893 = SURFACE_CURVE('',#4894,(#4898,#4905),.PCURVE_S1.);
#4894 = LINE('',#4895,#4896);
#4895 = CARTESIAN_POINT('',(-12.,-3.5,-1.));
#4896 = VECTOR('',#4897,1.);
#4897 = DIRECTION('',(1.,0.,-0.));
#4898 = PCURVE('',#3042,#4899);
#4899 = DEFINITIONAL_REPRESENTATION('',(#4900),#4904);
#4900 = LINE('',#4901,#4902);
#4901 = CARTESIAN_POINT('',(-1.5,1.5));
#4902 = VECTOR('',#4903,1.);
#4903 = DIRECTION('',(1.,0.));
#4904 = ( GEOMETRIC_REPRESENTATION_CONTEXT(2) 
PARAMETRIC_REPRESENTATION_CONTEXT() REPRESENTATION_CONTEXT('2D SPACE',''
  ) );
#4905 = PCURVE('',#3564,#4906);
#4906 = DEFINITIONAL_REPRESENTATION('',(#4907),#4911);
#4907 = LINE('',#4908,#4909);
#4908 = CARTESIAN_POINT('',(-1.5,1.5));
#4909 = VECTOR('',#4910,1.);
#4910 = DIRECTION('',(1.,0.));
#4911 = ( GEOMETRIC_REPRESENTATION_CONTEXT(2) 
PARAMETRIC_REPRESENTATION_CONTEXT() REPRESENTATION_CONTEXT('2D SPACE',''
  ) );
#4912 = ORIENTED_EDGE('',*,*,#3025,.T.);
#4913 = ORIENTED_EDGE('',*,*,#3078,.F.);
#4914 = ORIENTED_EDGE('',*,*,#4915,.F.);
#4915 = EDGE_CURVE('',#3862,#3079,#4916,.T.);
#4916 = SURFACE_CURVE('',#4917,(#4921,#4927),.PCURVE_S1.);
#4917 = LINE('',#4918,#4919);
#4918 = CARTESIAN_POINT('',(-0.6475175,-4.,-1.));
#4919 = VECTOR('',#4920,1.);
#4920 = DIRECTION('',(-1.,-0.,0.));
#4921 = PCURVE('',#3042,#4922);
#4922 = DEFINITIONAL_REPRESENTATION('',(#4923),#4926);
#4923 = B_SPLINE_CURVE_WITH_KNOTS('',1,(#4924,#4925),.UNSPECIFIED.,.F.,
  .F.,(2,2),(-11.0524825,-9.8524825),.PIECEWISE_BEZIER_KNOTS.);
#4924 = CARTESIAN_POINT('',(20.904965,1.));
#4925 = CARTESIAN_POINT('',(19.704965,1.));
#4926 = ( GEOMETRIC_REPRESENTATION_CONTEXT(2) 
PARAMETRIC_REPRESENTATION_CONTEXT() REPRESENTATION_CONTEXT('2D SPACE',''
  ) );
#4927 = PCURVE('',#3118,#4928);
#4928 = DEFINITIONAL_REPRESENTATION('',(#4929),#4932);
#4929 = B_SPLINE_CURVE_WITH_KNOTS('',1,(#4930,#4931),.UNSPECIFIED.,.F.,
  .F.,(2,2),(-11.0524825,-9.8524825),.PIECEWISE_BEZIER_KNOTS.);
#4930 = CARTESIAN_POINT('',(0.8,1.2));
#4931 = CARTESIAN_POINT('',(0.8,0.));
#4932 = ( GEOMETRIC_REPRESENTATION_CONTEXT(2) 
PARAMETRIC_REPRESENTATION_CONTEXT() REPRESENTATION_CONTEXT('2D SPACE',''
  ) );
#4933 = ORIENTED_EDGE('',*,*,#3884,.F.);
#4934 = ORIENTED_EDGE('',*,*,#3704,.T.);
#4935 = ADVANCED_FACE('',(#4936),#3173,.F.);
#4936 = FACE_BOUND('',#4937,.F.);
#4937 = EDGE_LOOP('',(#4938,#4968,#4994,#4995));
#4938 = ORIENTED_EDGE('',*,*,#4939,.F.);
#4939 = EDGE_CURVE('',#4940,#4942,#4944,.T.);
#4940 = VERTEX_POINT('',#4941);
#4941 = CARTESIAN_POINT('',(5.704965,-14.770142,-1.8));
#4942 = VERTEX_POINT('',#4943);
#4943 = CARTESIAN_POINT('',(5.704965,-14.770142,0.));
#4944 = SURFACE_CURVE('',#4945,(#4949,#4956),.PCURVE_S1.);
#4945 = LINE('',#4946,#4947);
#4946 = CARTESIAN_POINT('',(5.704965,-14.770142,-1.8));
#4947 = VECTOR('',#4948,1.);
#4948 = DIRECTION('',(0.,0.,1.));
#4949 = PCURVE('',#3173,#4950);
#4950 = DEFINITIONAL_REPRESENTATION('',(#4951),#4955);
#4951 = LINE('',#4952,#4953);
#4952 = CARTESIAN_POINT('',(0.,0.));
#4953 = VECTOR('',#4954,1.);
#4954 = DIRECTION('',(1.,0.));
#4955 = ( GEOMETRIC_REPRESENTATION_CONTEXT(2) 
PARAMETRIC_REPRESENTATION_CONTEXT() REPRESENTATION_CONTEXT('2D SPACE',''
  ) );
#4956 = PCURVE('',#4957,#4962);
#4957 = CYLINDRICAL_SURFACE('',#4958,3.5);
#4958 = AXIS2_PLACEMENT_3D('',#4959,#4960,#4961);
#4959 = CARTESIAN_POINT('',(9.204965,-14.770142,-1.8));
#4960 = DIRECTION('',(0.,0.,1.));
#4961 = DIRECTION('',(1.,0.,-0.));
#4962 = DEFINITIONAL_REPRESENTATION('',(#4963),#4967);
#4963 = LINE('',#4964,#4965);
#4964 = CARTESIAN_POINT('',(3.14159265359,0.));
#4965 = VECTOR('',#4966,1.);
#4966 = DIRECTION('',(0.,1.));
#4967 = ( GEOMETRIC_REPRESENTATION_CONTEXT(2) 
PARAMETRIC_REPRESENTATION_CONTEXT() REPRESENTATION_CONTEXT('2D SPACE',''
  ) );
#4968 = ORIENTED_EDGE('',*,*,#4969,.T.);
#4969 = EDGE_CURVE('',#4940,#3131,#4970,.T.);
#4970 = SURFACE_CURVE('',#4971,(#4975,#4982),.PCURVE_S1.);
#4971 = LINE('',#4972,#4973);
#4972 = CARTESIAN_POINT('',(5.704965,-14.770142,-1.8));
#4973 = VECTOR('',#4974,1.);
#4974 = DIRECTION('',(-0.,1.,0.));
#4975 = PCURVE('',#3173,#4976);
#4976 = DEFINITIONAL_REPRESENTATION('',(#4977),#4981);
#4977 = LINE('',#4978,#4979);
#4978 = CARTESIAN_POINT('',(0.,0.));
#4979 = VECTOR('',#4980,1.);
#4980 = DIRECTION('',(0.,-1.));
#4981 = ( GEOMETRIC_REPRESENTATION_CONTEXT(2) 
PARAMETRIC_REPRESENTATION_CONTEXT() REPRESENTATION_CONTEXT('2D SPACE',''
  ) );
#4982 = PCURVE('',#4983,#4988);
#4983 = PLANE('',#4984);
#4984 = AXIS2_PLACEMENT_3D('',#4985,#4986,#4987);
#4985 = CARTESIAN_POINT('',(5.704965,-14.770142,-1.8));
#4986 = DIRECTION('',(0.,0.,1.));
#4987 = DIRECTION('',(1.,0.,-0.));
#4988 = DEFINITIONAL_REPRESENTATION('',(#4989),#4993);
#4989 = LINE('',#4990,#4991);
#4990 = CARTESIAN_POINT('',(0.,0.));
#4991 = VECTOR('',#4992,1.);
#4992 = DIRECTION('',(0.,1.));
#4993 = ( GEOMETRIC_REPRESENTATION_CONTEXT(2) 
PARAMETRIC_REPRESENTATION_CONTEXT() REPRESENTATION_CONTEXT('2D SPACE',''
  ) );
#4994 = ORIENTED_EDGE('',*,*,#3159,.T.);
#4995 = ORIENTED_EDGE('',*,*,#4996,.F.);
#4996 = EDGE_CURVE('',#4942,#2895,#4997,.T.);
#4997 = SURFACE_CURVE('',#4998,(#5002,#5009),.PCURVE_S1.);
#4998 = LINE('',#4999,#5000);
#4999 = CARTESIAN_POINT('',(5.704965,-14.770142,0.));
#5000 = VECTOR('',#5001,1.);
#5001 = DIRECTION('',(-0.,1.,0.));
#5002 = PCURVE('',#3173,#5003);
#5003 = DEFINITIONAL_REPRESENTATION('',(#5004),#5008);
#5004 = LINE('',#5005,#5006);
#5005 = CARTESIAN_POINT('',(1.8,0.));
#5006 = VECTOR('',#5007,1.);
#5007 = DIRECTION('',(0.,-1.));
#5008 = ( GEOMETRIC_REPRESENTATION_CONTEXT(2) 
PARAMETRIC_REPRESENTATION_CONTEXT() REPRESENTATION_CONTEXT('2D SPACE',''
  ) );
#5009 = PCURVE('',#4780,#5010);
#5010 = DEFINITIONAL_REPRESENTATION('',(#5011),#5015);
#5011 = LINE('',#5012,#5013);
#5012 = CARTESIAN_POINT('',(0.,0.));
#5013 = VECTOR('',#5014,1.);
#5014 = DIRECTION('',(0.,1.));
#5015 = ( GEOMETRIC_REPRESENTATION_CONTEXT(2) 
PARAMETRIC_REPRESENTATION_CONTEXT() REPRESENTATION_CONTEXT('2D SPACE',''
  ) );
#5016 = ADVANCED_FACE('',(#5017),#3147,.F.);
#5017 = FACE_BOUND('',#5018,.F.);
#5018 = EDGE_LOOP('',(#5019,#5050,#5076,#5077));
#5019 = ORIENTED_EDGE('',*,*,#5020,.F.);
#5020 = EDGE_CURVE('',#5021,#5023,#5025,.T.);
#5021 = VERTEX_POINT('',#5022);
#5022 = CARTESIAN_POINT('',(9.204965,-4.212143555445,-1.8));
#5023 = VERTEX_POINT('',#5024);
#5024 = CARTESIAN_POINT('',(6.904965,-7.5,-1.8));
#5025 = SURFACE_CURVE('',#5026,(#5031,#5038),.PCURVE_S1.);
#5026 = CIRCLE('',#5027,3.5);
#5027 = AXIS2_PLACEMENT_3D('',#5028,#5029,#5030);
#5028 = CARTESIAN_POINT('',(10.404965,-7.5,-1.8));
#5029 = DIRECTION('',(0.,0.,1.));
#5030 = DIRECTION('',(1.,0.,-0.));
#5031 = PCURVE('',#3147,#5032);
#5032 = DEFINITIONAL_REPRESENTATION('',(#5033),#5037);
#5033 = CIRCLE('',#5034,3.5);
#5034 = AXIS2_PLACEMENT_2D('',#5035,#5036);
#5035 = CARTESIAN_POINT('',(1.2,0.));
#5036 = DIRECTION('',(1.,0.));
#5037 = ( GEOMETRIC_REPRESENTATION_CONTEXT(2) 
PARAMETRIC_REPRESENTATION_CONTEXT() REPRESENTATION_CONTEXT('2D SPACE',''
  ) );
#5038 = PCURVE('',#5039,#5044);
#5039 = PLANE('',#5040);
#5040 = AXIS2_PLACEMENT_3D('',#5041,#5042,#5043);
#5041 = CARTESIAN_POINT('',(9.204965,-7.5,-1.8));
#5042 = DIRECTION('',(0.,0.,1.));
#5043 = DIRECTION('',(1.,0.,-0.));
#5044 = DEFINITIONAL_REPRESENTATION('',(#5045),#5049);
#5045 = CIRCLE('',#5046,3.5);
#5046 = AXIS2_PLACEMENT_2D('',#5047,#5048);
#5047 = CARTESIAN_POINT('',(1.2,0.));
#5048 = DIRECTION('',(1.,0.));
#5049 = ( GEOMETRIC_REPRESENTATION_CONTEXT(2) 
PARAMETRIC_REPRESENTATION_CONTEXT() REPRESENTATION_CONTEXT('2D SPACE',''
  ) );
#5050 = ORIENTED_EDGE('',*,*,#5051,.T.);
#5051 = EDGE_CURVE('',#5021,#3103,#5052,.T.);
#5052 = SURFACE_CURVE('',#5053,(#5057,#5064),.PCURVE_S1.);
#5053 = LINE('',#5054,#5055);
#5054 = CARTESIAN_POINT('',(9.204965,-18.270142,-1.8));
#5055 = VECTOR('',#5056,1.);
#5056 = DIRECTION('',(-0.,1.,0.));
#5057 = PCURVE('',#3147,#5058);
#5058 = DEFINITIONAL_REPRESENTATION('',(#5059),#5063);
#5059 = LINE('',#5060,#5061);
#5060 = CARTESIAN_POINT('',(0.,-10.770142));
#5061 = VECTOR('',#5062,1.);
#5062 = DIRECTION('',(0.,1.));
#5063 = ( GEOMETRIC_REPRESENTATION_CONTEXT(2) 
PARAMETRIC_REPRESENTATION_CONTEXT() REPRESENTATION_CONTEXT('2D SPACE',''
  ) );
#5064 = PCURVE('',#5065,#5070);
#5065 = PLANE('',#5066);
#5066 = AXIS2_PLACEMENT_3D('',#5067,#5068,#5069);
#5067 = CARTESIAN_POINT('',(9.204965,-18.270142,-1.8));
#5068 = DIRECTION('',(0.,0.,1.));
#5069 = DIRECTION('',(1.,0.,-0.));
#5070 = DEFINITIONAL_REPRESENTATION('',(#5071),#5075);
#5071 = LINE('',#5072,#5073);
#5072 = CARTESIAN_POINT('',(0.,0.));
#5073 = VECTOR('',#5074,1.);
#5074 = DIRECTION('',(0.,1.));
#5075 = ( GEOMETRIC_REPRESENTATION_CONTEXT(2) 
PARAMETRIC_REPRESENTATION_CONTEXT() REPRESENTATION_CONTEXT('2D SPACE',''
  ) );
#5076 = ORIENTED_EDGE('',*,*,#3130,.T.);
#5077 = ORIENTED_EDGE('',*,*,#5078,.T.);
#5078 = EDGE_CURVE('',#3131,#5023,#5079,.T.);
#5079 = SURFACE_CURVE('',#5080,(#5084,#5091),.PCURVE_S1.);
#5080 = LINE('',#5081,#5082);
#5081 = CARTESIAN_POINT('',(5.704965,-7.5,-1.8));
#5082 = VECTOR('',#5083,1.);
#5083 = DIRECTION('',(1.,0.,-0.));
#5084 = PCURVE('',#3147,#5085);
#5085 = DEFINITIONAL_REPRESENTATION('',(#5086),#5090);
#5086 = LINE('',#5087,#5088);
#5087 = CARTESIAN_POINT('',(-3.5,0.));
#5088 = VECTOR('',#5089,1.);
#5089 = DIRECTION('',(1.,0.));
#5090 = ( GEOMETRIC_REPRESENTATION_CONTEXT(2) 
PARAMETRIC_REPRESENTATION_CONTEXT() REPRESENTATION_CONTEXT('2D SPACE',''
  ) );
#5091 = PCURVE('',#5092,#5097);
#5092 = PLANE('',#5093);
#5093 = AXIS2_PLACEMENT_3D('',#5094,#5095,#5096);
#5094 = CARTESIAN_POINT('',(5.704965,-14.770142,-1.8));
#5095 = DIRECTION('',(0.,0.,1.));
#5096 = DIRECTION('',(1.,0.,-0.));
#5097 = DEFINITIONAL_REPRESENTATION('',(#5098),#5102);
#5098 = LINE('',#5099,#5100);
#5099 = CARTESIAN_POINT('',(0.,7.270142));
#5100 = VECTOR('',#5101,1.);
#5101 = DIRECTION('',(1.,0.));
#5102 = ( GEOMETRIC_REPRESENTATION_CONTEXT(2) 
PARAMETRIC_REPRESENTATION_CONTEXT() REPRESENTATION_CONTEXT('2D SPACE',''
  ) );
#5103 = ADVANCED_FACE('',(#5104),#3118,.T.);
#5104 = FACE_BOUND('',#5105,.T.);
#5105 = EDGE_LOOP('',(#5106,#5107,#5133,#5134));
#5106 = ORIENTED_EDGE('',*,*,#3861,.F.);
#5107 = ORIENTED_EDGE('',*,*,#5108,.F.);
#5108 = EDGE_CURVE('',#3103,#3833,#5109,.T.);
#5109 = SURFACE_CURVE('',#5110,(#5114,#5121),.PCURVE_S1.);
#5110 = LINE('',#5111,#5112);
#5111 = CARTESIAN_POINT('',(9.204965,-4.,-1.8));
#5112 = VECTOR('',#5113,1.);
#5113 = DIRECTION('',(1.,0.,-0.));
#5114 = PCURVE('',#3118,#5115);
#5115 = DEFINITIONAL_REPRESENTATION('',(#5116),#5120);
#5116 = LINE('',#5117,#5118);
#5117 = CARTESIAN_POINT('',(0.,0.));
#5118 = VECTOR('',#5119,1.);
#5119 = DIRECTION('',(0.,1.));
#5120 = ( GEOMETRIC_REPRESENTATION_CONTEXT(2) 
PARAMETRIC_REPRESENTATION_CONTEXT() REPRESENTATION_CONTEXT('2D SPACE',''
  ) );
#5121 = PCURVE('',#5122,#5127);
#5122 = PLANE('',#5123);
#5123 = AXIS2_PLACEMENT_3D('',#5124,#5125,#5126);
#5124 = CARTESIAN_POINT('',(9.204965,-18.270142,-1.8));
#5125 = DIRECTION('',(0.,0.,1.));
#5126 = DIRECTION('',(1.,0.,-0.));
#5127 = DEFINITIONAL_REPRESENTATION('',(#5128),#5132);
#5128 = LINE('',#5129,#5130);
#5129 = CARTESIAN_POINT('',(0.,14.270142));
#5130 = VECTOR('',#5131,1.);
#5131 = DIRECTION('',(1.,0.));
#5132 = ( GEOMETRIC_REPRESENTATION_CONTEXT(2) 
PARAMETRIC_REPRESENTATION_CONTEXT() REPRESENTATION_CONTEXT('2D SPACE',''
  ) );
#5133 = ORIENTED_EDGE('',*,*,#3102,.T.);
#5134 = ORIENTED_EDGE('',*,*,#4915,.F.);
#5135 = ADVANCED_FACE('',(#5136),#3287,.T.);
#5136 = FACE_BOUND('',#5137,.T.);
#5137 = EDGE_LOOP('',(#5138,#5139,#5165,#5166));
#5138 = ORIENTED_EDGE('',*,*,#3271,.F.);
#5139 = ORIENTED_EDGE('',*,*,#5140,.F.);
#5140 = EDGE_CURVE('',#4081,#3243,#5141,.T.);
#5141 = SURFACE_CURVE('',#5142,(#5146,#5153),.PCURVE_S1.);
#5142 = LINE('',#5143,#5144);
#5143 = CARTESIAN_POINT('',(-10.404941,-4.,-1.8));
#5144 = VECTOR('',#5145,1.);
#5145 = DIRECTION('',(1.,0.,-0.));
#5146 = PCURVE('',#3287,#5147);
#5147 = DEFINITIONAL_REPRESENTATION('',(#5148),#5152);
#5148 = LINE('',#5149,#5150);
#5149 = CARTESIAN_POINT('',(0.,0.));
#5150 = VECTOR('',#5151,1.);
#5151 = DIRECTION('',(0.,1.));
#5152 = ( GEOMETRIC_REPRESENTATION_CONTEXT(2) 
PARAMETRIC_REPRESENTATION_CONTEXT() REPRESENTATION_CONTEXT('2D SPACE',''
  ) );
#5153 = PCURVE('',#5154,#5159);
#5154 = PLANE('',#5155);
#5155 = AXIS2_PLACEMENT_3D('',#5156,#5157,#5158);
#5156 = CARTESIAN_POINT('',(-10.404941,-18.268516,-1.8));
#5157 = DIRECTION('',(0.,0.,1.));
#5158 = DIRECTION('',(1.,0.,-0.));
#5159 = DEFINITIONAL_REPRESENTATION('',(#5160),#5164);
#5160 = LINE('',#5161,#5162);
#5161 = CARTESIAN_POINT('',(0.,14.268516));
#5162 = VECTOR('',#5163,1.);
#5163 = DIRECTION('',(1.,0.));
#5164 = ( GEOMETRIC_REPRESENTATION_CONTEXT(2) 
PARAMETRIC_REPRESENTATION_CONTEXT() REPRESENTATION_CONTEXT('2D SPACE',''
  ) );
#5165 = ORIENTED_EDGE('',*,*,#4080,.T.);
#5166 = ORIENTED_EDGE('',*,*,#4847,.F.);
#5167 = ADVANCED_FACE('',(#5168),#3259,.F.);
#5168 = FACE_BOUND('',#5169,.F.);
#5169 = EDGE_LOOP('',(#5170,#5198,#5199,#5227));
#5170 = ORIENTED_EDGE('',*,*,#5171,.T.);
#5171 = EDGE_CURVE('',#5172,#3216,#5174,.T.);
#5172 = VERTEX_POINT('',#5173);
#5173 = CARTESIAN_POINT('',(-6.904941,-7.5,-1.8));
#5174 = SURFACE_CURVE('',#5175,(#5179,#5186),.PCURVE_S1.);
#5175 = LINE('',#5176,#5177);
#5176 = CARTESIAN_POINT('',(-13.904941,-7.5,-1.8));
#5177 = VECTOR('',#5178,1.);
#5178 = DIRECTION('',(1.,0.,-0.));
#5179 = PCURVE('',#3259,#5180);
#5180 = DEFINITIONAL_REPRESENTATION('',(#5181),#5185);
#5181 = LINE('',#5182,#5183);
#5182 = CARTESIAN_POINT('',(-4.7,0.));
#5183 = VECTOR('',#5184,1.);
#5184 = DIRECTION('',(1.,0.));
#5185 = ( GEOMETRIC_REPRESENTATION_CONTEXT(2) 
PARAMETRIC_REPRESENTATION_CONTEXT() REPRESENTATION_CONTEXT('2D SPACE',''
  ) );
#5186 = PCURVE('',#5187,#5192);
#5187 = PLANE('',#5188);
#5188 = AXIS2_PLACEMENT_3D('',#5189,#5190,#5191);
#5189 = CARTESIAN_POINT('',(-13.904941,-14.768516,-1.8));
#5190 = DIRECTION('',(0.,0.,1.));
#5191 = DIRECTION('',(1.,0.,-0.));
#5192 = DEFINITIONAL_REPRESENTATION('',(#5193),#5197);
#5193 = LINE('',#5194,#5195);
#5194 = CARTESIAN_POINT('',(0.,7.268516));
#5195 = VECTOR('',#5196,1.);
#5196 = DIRECTION('',(1.,0.));
#5197 = ( GEOMETRIC_REPRESENTATION_CONTEXT(2) 
PARAMETRIC_REPRESENTATION_CONTEXT() REPRESENTATION_CONTEXT('2D SPACE',''
  ) );
#5198 = ORIENTED_EDGE('',*,*,#3242,.T.);
#5199 = ORIENTED_EDGE('',*,*,#5200,.F.);
#5200 = EDGE_CURVE('',#5201,#3243,#5203,.T.);
#5201 = VERTEX_POINT('',#5202);
#5202 = CARTESIAN_POINT('',(-9.204941,-4.212143555445,-1.8));
#5203 = SURFACE_CURVE('',#5204,(#5208,#5215),.PCURVE_S1.);
#5204 = LINE('',#5205,#5206);
#5205 = CARTESIAN_POINT('',(-9.204941,-18.268516,-1.8));
#5206 = VECTOR('',#5207,1.);
#5207 = DIRECTION('',(-0.,1.,0.));
#5208 = PCURVE('',#3259,#5209);
#5209 = DEFINITIONAL_REPRESENTATION('',(#5210),#5214);
#5210 = LINE('',#5211,#5212);
#5211 = CARTESIAN_POINT('',(0.,-10.768516));
#5212 = VECTOR('',#5213,1.);
#5213 = DIRECTION('',(0.,1.));
#5214 = ( GEOMETRIC_REPRESENTATION_CONTEXT(2) 
PARAMETRIC_REPRESENTATION_CONTEXT() REPRESENTATION_CONTEXT('2D SPACE',''
  ) );
#5215 = PCURVE('',#5216,#5221);
#5216 = PLANE('',#5217);
#5217 = AXIS2_PLACEMENT_3D('',#5218,#5219,#5220);
#5218 = CARTESIAN_POINT('',(-10.404941,-18.268516,-1.8));
#5219 = DIRECTION('',(0.,0.,1.));
#5220 = DIRECTION('',(1.,0.,-0.));
#5221 = DEFINITIONAL_REPRESENTATION('',(#5222),#5226);
#5222 = LINE('',#5223,#5224);
#5223 = CARTESIAN_POINT('',(1.2,0.));
#5224 = VECTOR('',#5225,1.);
#5225 = DIRECTION('',(0.,1.));
#5226 = ( GEOMETRIC_REPRESENTATION_CONTEXT(2) 
PARAMETRIC_REPRESENTATION_CONTEXT() REPRESENTATION_CONTEXT('2D SPACE',''
  ) );
#5227 = ORIENTED_EDGE('',*,*,#5228,.F.);
#5228 = EDGE_CURVE('',#5172,#5201,#5229,.T.);
#5229 = SURFACE_CURVE('',#5230,(#5235,#5242),.PCURVE_S1.);
#5230 = CIRCLE('',#5231,3.5);
#5231 = AXIS2_PLACEMENT_3D('',#5232,#5233,#5234);
#5232 = CARTESIAN_POINT('',(-10.404941,-7.5,-1.8));
#5233 = DIRECTION('',(0.,0.,1.));
#5234 = DIRECTION('',(1.,0.,-0.));
#5235 = PCURVE('',#3259,#5236);
#5236 = DEFINITIONAL_REPRESENTATION('',(#5237),#5241);
#5237 = CIRCLE('',#5238,3.5);
#5238 = AXIS2_PLACEMENT_2D('',#5239,#5240);
#5239 = CARTESIAN_POINT('',(-1.2,0.));
#5240 = DIRECTION('',(1.,0.));
#5241 = ( GEOMETRIC_REPRESENTATION_CONTEXT(2) 
PARAMETRIC_REPRESENTATION_CONTEXT() REPRESENTATION_CONTEXT('2D SPACE',''
  ) );
#5242 = PCURVE('',#5243,#5248);
#5243 = PLANE('',#5244);
#5244 = AXIS2_PLACEMENT_3D('',#5245,#5246,#5247);
#5245 = CARTESIAN_POINT('',(-10.404941,-7.5,-1.8));
#5246 = DIRECTION('',(0.,0.,1.));
#5247 = DIRECTION('',(1.,0.,-0.));
#5248 = DEFINITIONAL_REPRESENTATION('',(#5249),#5253);
#5249 = CIRCLE('',#5250,3.5);
#5250 = AXIS2_PLACEMENT_2D('',#5251,#5252);
#5251 = CARTESIAN_POINT('',(0.,0.));
#5252 = DIRECTION('',(1.,0.));
#5253 = ( GEOMETRIC_REPRESENTATION_CONTEXT(2) 
PARAMETRIC_REPRESENTATION_CONTEXT() REPRESENTATION_CONTEXT('2D SPACE',''
  ) );
#5254 = ADVANCED_FACE('',(#5255),#3230,.T.);
#5255 = FACE_BOUND('',#5256,.T.);
#5256 = EDGE_LOOP('',(#5257,#5286,#5312,#5313));
#5257 = ORIENTED_EDGE('',*,*,#5258,.F.);
#5258 = EDGE_CURVE('',#5259,#5261,#5263,.T.);
#5259 = VERTEX_POINT('',#5260);
#5260 = CARTESIAN_POINT('',(-5.704941,-14.768516,-1.8));
#5261 = VERTEX_POINT('',#5262);
#5262 = CARTESIAN_POINT('',(-5.704941,-14.768516,0.));
#5263 = SURFACE_CURVE('',#5264,(#5268,#5275),.PCURVE_S1.);
#5264 = LINE('',#5265,#5266);
#5265 = CARTESIAN_POINT('',(-5.704941,-14.768516,-1.8));
#5266 = VECTOR('',#5267,1.);
#5267 = DIRECTION('',(0.,0.,1.));
#5268 = PCURVE('',#3230,#5269);
#5269 = DEFINITIONAL_REPRESENTATION('',(#5270),#5274);
#5270 = LINE('',#5271,#5272);
#5271 = CARTESIAN_POINT('',(0.,0.));
#5272 = VECTOR('',#5273,1.);
#5273 = DIRECTION('',(1.,0.));
#5274 = ( GEOMETRIC_REPRESENTATION_CONTEXT(2) 
PARAMETRIC_REPRESENTATION_CONTEXT() REPRESENTATION_CONTEXT('2D SPACE',''
  ) );
#5275 = PCURVE('',#5276,#5281);
#5276 = CYLINDRICAL_SURFACE('',#5277,3.5);
#5277 = AXIS2_PLACEMENT_3D('',#5278,#5279,#5280);
#5278 = CARTESIAN_POINT('',(-9.204941,-14.768516,-1.8));
#5279 = DIRECTION('',(0.,0.,1.));
#5280 = DIRECTION('',(1.,0.,-0.));
#5281 = DEFINITIONAL_REPRESENTATION('',(#5282),#5285);
#5282 = B_SPLINE_CURVE_WITH_KNOTS('',1,(#5283,#5284),.UNSPECIFIED.,.F.,
  .F.,(2,2),(0.,1.8),.PIECEWISE_BEZIER_KNOTS.);
#5283 = CARTESIAN_POINT('',(6.28318530718,0.));
#5284 = CARTESIAN_POINT('',(6.28318530718,1.8));
#5285 = ( GEOMETRIC_REPRESENTATION_CONTEXT(2) 
PARAMETRIC_REPRESENTATION_CONTEXT() REPRESENTATION_CONTEXT('2D SPACE',''
  ) );
#5286 = ORIENTED_EDGE('',*,*,#5287,.T.);
#5287 = EDGE_CURVE('',#5259,#3216,#5288,.T.);
#5288 = SURFACE_CURVE('',#5289,(#5293,#5300),.PCURVE_S1.);
#5289 = LINE('',#5290,#5291);
#5290 = CARTESIAN_POINT('',(-5.704941,-14.768516,-1.8));
#5291 = VECTOR('',#5292,1.);
#5292 = DIRECTION('',(-0.,1.,0.));
#5293 = PCURVE('',#3230,#5294);
#5294 = DEFINITIONAL_REPRESENTATION('',(#5295),#5299);
#5295 = LINE('',#5296,#5297);
#5296 = CARTESIAN_POINT('',(0.,0.));
#5297 = VECTOR('',#5298,1.);
#5298 = DIRECTION('',(0.,-1.));
#5299 = ( GEOMETRIC_REPRESENTATION_CONTEXT(2) 
PARAMETRIC_REPRESENTATION_CONTEXT() REPRESENTATION_CONTEXT('2D SPACE',''
  ) );
#5300 = PCURVE('',#5301,#5306);
#5301 = PLANE('',#5302);
#5302 = AXIS2_PLACEMENT_3D('',#5303,#5304,#5305);
#5303 = CARTESIAN_POINT('',(-13.904941,-14.768516,-1.8));
#5304 = DIRECTION('',(0.,0.,1.));
#5305 = DIRECTION('',(1.,0.,-0.));
#5306 = DEFINITIONAL_REPRESENTATION('',(#5307),#5311);
#5307 = LINE('',#5308,#5309);
#5308 = CARTESIAN_POINT('',(8.2,0.));
#5309 = VECTOR('',#5310,1.);
#5310 = DIRECTION('',(0.,1.));
#5311 = ( GEOMETRIC_REPRESENTATION_CONTEXT(2) 
PARAMETRIC_REPRESENTATION_CONTEXT() REPRESENTATION_CONTEXT('2D SPACE',''
  ) );
#5312 = ORIENTED_EDGE('',*,*,#3215,.T.);
#5313 = ORIENTED_EDGE('',*,*,#5314,.F.);
#5314 = EDGE_CURVE('',#5261,#3192,#5315,.T.);
#5315 = SURFACE_CURVE('',#5316,(#5320,#5327),.PCURVE_S1.);
#5316 = LINE('',#5317,#5318);
#5317 = CARTESIAN_POINT('',(-5.704941,-14.768516,0.));
#5318 = VECTOR('',#5319,1.);
#5319 = DIRECTION('',(-0.,1.,0.));
#5320 = PCURVE('',#3230,#5321);
#5321 = DEFINITIONAL_REPRESENTATION('',(#5322),#5326);
#5322 = LINE('',#5323,#5324);
#5323 = CARTESIAN_POINT('',(1.8,0.));
#5324 = VECTOR('',#5325,1.);
#5325 = DIRECTION('',(0.,-1.));
#5326 = ( GEOMETRIC_REPRESENTATION_CONTEXT(2) 
PARAMETRIC_REPRESENTATION_CONTEXT() REPRESENTATION_CONTEXT('2D SPACE',''
  ) );
#5327 = PCURVE('',#5328,#5333);
#5328 = PLANE('',#5329);
#5329 = AXIS2_PLACEMENT_3D('',#5330,#5331,#5332);
#5330 = CARTESIAN_POINT('',(-13.904941,-14.768516,0.));
#5331 = DIRECTION('',(0.,0.,1.));
#5332 = DIRECTION('',(1.,0.,-0.));
#5333 = DEFINITIONAL_REPRESENTATION('',(#5334),#5338);
#5334 = LINE('',#5335,#5336);
#5335 = CARTESIAN_POINT('',(8.2,0.));
#5336 = VECTOR('',#5337,1.);
#5337 = DIRECTION('',(0.,1.));
#5338 = ( GEOMETRIC_REPRESENTATION_CONTEXT(2) 
PARAMETRIC_REPRESENTATION_CONTEXT() REPRESENTATION_CONTEXT('2D SPACE',''
  ) );
#5339 = ADVANCED_FACE('',(#5340),#3343,.T.);
#5340 = FACE_BOUND('',#5341,.T.);
#5341 = EDGE_LOOP('',(#5342,#5370,#5371,#5372));
#5342 = ORIENTED_EDGE('',*,*,#5343,.T.);
#5343 = EDGE_CURVE('',#5344,#3327,#5346,.T.);
#5344 = VERTEX_POINT('',#5345);
#5345 = CARTESIAN_POINT('',(-9.204941,-7.5,0.));
#5346 = SURFACE_CURVE('',#5347,(#5351,#5358),.PCURVE_S1.);
#5347 = LINE('',#5348,#5349);
#5348 = CARTESIAN_POINT('',(-13.904941,-7.5,0.));
#5349 = VECTOR('',#5350,1.);
#5350 = DIRECTION('',(1.,0.,-0.));
#5351 = PCURVE('',#3343,#5352);
#5352 = DEFINITIONAL_REPRESENTATION('',(#5353),#5357);
#5353 = LINE('',#5354,#5355);
#5354 = CARTESIAN_POINT('',(-3.5,0.));
#5355 = VECTOR('',#5356,1.);
#5356 = DIRECTION('',(1.,0.));
#5357 = ( GEOMETRIC_REPRESENTATION_CONTEXT(2) 
PARAMETRIC_REPRESENTATION_CONTEXT() REPRESENTATION_CONTEXT('2D SPACE',''
  ) );
#5358 = PCURVE('',#5359,#5364);
#5359 = PLANE('',#5360);
#5360 = AXIS2_PLACEMENT_3D('',#5361,#5362,#5363);
#5361 = CARTESIAN_POINT('',(-13.904941,-14.768516,0.));
#5362 = DIRECTION('',(0.,0.,1.));
#5363 = DIRECTION('',(1.,0.,-0.));
#5364 = DEFINITIONAL_REPRESENTATION('',(#5365),#5369);
#5365 = LINE('',#5366,#5367);
#5366 = CARTESIAN_POINT('',(0.,7.268516));
#5367 = VECTOR('',#5368,1.);
#5368 = DIRECTION('',(1.,0.));
#5369 = ( GEOMETRIC_REPRESENTATION_CONTEXT(2) 
PARAMETRIC_REPRESENTATION_CONTEXT() REPRESENTATION_CONTEXT('2D SPACE',''
  ) );
#5370 = ORIENTED_EDGE('',*,*,#3326,.T.);
#5371 = ORIENTED_EDGE('',*,*,#3438,.F.);
#5372 = ORIENTED_EDGE('',*,*,#5373,.F.);
#5373 = EDGE_CURVE('',#5344,#3411,#5374,.T.);
#5374 = SURFACE_CURVE('',#5375,(#5379,#5386),.PCURVE_S1.);
#5375 = LINE('',#5376,#5377);
#5376 = CARTESIAN_POINT('',(-9.204941,-18.268516,0.));
#5377 = VECTOR('',#5378,1.);
#5378 = DIRECTION('',(-0.,1.,0.));
#5379 = PCURVE('',#3343,#5380);
#5380 = DEFINITIONAL_REPRESENTATION('',(#5381),#5385);
#5381 = LINE('',#5382,#5383);
#5382 = CARTESIAN_POINT('',(1.2,-10.768516));
#5383 = VECTOR('',#5384,1.);
#5384 = DIRECTION('',(0.,1.));
#5385 = ( GEOMETRIC_REPRESENTATION_CONTEXT(2) 
PARAMETRIC_REPRESENTATION_CONTEXT() REPRESENTATION_CONTEXT('2D SPACE',''
  ) );
#5386 = PCURVE('',#5387,#5392);
#5387 = PLANE('',#5388);
#5388 = AXIS2_PLACEMENT_3D('',#5389,#5390,#5391);
#5389 = CARTESIAN_POINT('',(-10.404941,-18.268516,0.));
#5390 = DIRECTION('',(0.,0.,1.));
#5391 = DIRECTION('',(1.,0.,-0.));
#5392 = DEFINITIONAL_REPRESENTATION('',(#5393),#5397);
#5393 = LINE('',#5394,#5395);
#5394 = CARTESIAN_POINT('',(1.2,0.));
#5395 = VECTOR('',#5396,1.);
#5396 = DIRECTION('',(0.,1.));
#5397 = ( GEOMETRIC_REPRESENTATION_CONTEXT(2) 
PARAMETRIC_REPRESENTATION_CONTEXT() REPRESENTATION_CONTEXT('2D SPACE',''
  ) );
#5398 = ADVANCED_FACE('',(#5399),#3369,.T.);
#5399 = FACE_BOUND('',#5400,.T.);
#5400 = EDGE_LOOP('',(#5401,#5402,#5426,#5454));
#5401 = ORIENTED_EDGE('',*,*,#3355,.F.);
#5402 = ORIENTED_EDGE('',*,*,#5403,.F.);
#5403 = EDGE_CURVE('',#5404,#3327,#5406,.T.);
#5404 = VERTEX_POINT('',#5405);
#5405 = CARTESIAN_POINT('',(-9.204941,-10.78785644455,0.));
#5406 = SURFACE_CURVE('',#5407,(#5412,#5419),.PCURVE_S1.);
#5407 = CIRCLE('',#5408,3.5);
#5408 = AXIS2_PLACEMENT_3D('',#5409,#5410,#5411);
#5409 = CARTESIAN_POINT('',(-10.404941,-7.5,0.));
#5410 = DIRECTION('',(0.,0.,1.));
#5411 = DIRECTION('',(1.,0.,-0.));
#5412 = PCURVE('',#3369,#5413);
#5413 = DEFINITIONAL_REPRESENTATION('',(#5414),#5418);
#5414 = CIRCLE('',#5415,3.5);
#5415 = AXIS2_PLACEMENT_2D('',#5416,#5417);
#5416 = CARTESIAN_POINT('',(3.5,7.268516));
#5417 = DIRECTION('',(1.,0.));
#5418 = ( GEOMETRIC_REPRESENTATION_CONTEXT(2) 
PARAMETRIC_REPRESENTATION_CONTEXT() REPRESENTATION_CONTEXT('2D SPACE',''
  ) );
#5419 = PCURVE('',#5359,#5420);
#5420 = DEFINITIONAL_REPRESENTATION('',(#5421),#5425);
#5421 = CIRCLE('',#5422,3.5);
#5422 = AXIS2_PLACEMENT_2D('',#5423,#5424);
#5423 = CARTESIAN_POINT('',(3.5,7.268516));
#5424 = DIRECTION('',(1.,0.));
#5425 = ( GEOMETRIC_REPRESENTATION_CONTEXT(2) 
PARAMETRIC_REPRESENTATION_CONTEXT() REPRESENTATION_CONTEXT('2D SPACE',''
  ) );
#5426 = ORIENTED_EDGE('',*,*,#5427,.F.);
#5427 = EDGE_CURVE('',#5428,#5404,#5430,.T.);
#5428 = VERTEX_POINT('',#5429);
#5429 = CARTESIAN_POINT('',(-9.204941,-11.,0.));
#5430 = SURFACE_CURVE('',#5431,(#5435,#5442),.PCURVE_S1.);
#5431 = LINE('',#5432,#5433);
#5432 = CARTESIAN_POINT('',(-9.204941,-18.268516,0.));
#5433 = VECTOR('',#5434,1.);
#5434 = DIRECTION('',(-0.,1.,0.));
#5435 = PCURVE('',#3369,#5436);
#5436 = DEFINITIONAL_REPRESENTATION('',(#5437),#5441);
#5437 = LINE('',#5438,#5439);
#5438 = CARTESIAN_POINT('',(4.7,-3.5));
#5439 = VECTOR('',#5440,1.);
#5440 = DIRECTION('',(0.,1.));
#5441 = ( GEOMETRIC_REPRESENTATION_CONTEXT(2) 
PARAMETRIC_REPRESENTATION_CONTEXT() REPRESENTATION_CONTEXT('2D SPACE',''
  ) );
#5442 = PCURVE('',#5443,#5448);
#5443 = PLANE('',#5444);
#5444 = AXIS2_PLACEMENT_3D('',#5445,#5446,#5447);
#5445 = CARTESIAN_POINT('',(-10.404941,-18.268516,0.));
#5446 = DIRECTION('',(0.,0.,1.));
#5447 = DIRECTION('',(1.,0.,-0.));
#5448 = DEFINITIONAL_REPRESENTATION('',(#5449),#5453);
#5449 = LINE('',#5450,#5451);
#5450 = CARTESIAN_POINT('',(1.2,0.));
#5451 = VECTOR('',#5452,1.);
#5452 = DIRECTION('',(0.,1.));
#5453 = ( GEOMETRIC_REPRESENTATION_CONTEXT(2) 
PARAMETRIC_REPRESENTATION_CONTEXT() REPRESENTATION_CONTEXT('2D SPACE',''
  ) );
#5454 = ORIENTED_EDGE('',*,*,#5455,.T.);
#5455 = EDGE_CURVE('',#5428,#3192,#5456,.T.);
#5456 = SURFACE_CURVE('',#5457,(#5462,#5469),.PCURVE_S1.);
#5457 = CIRCLE('',#5458,3.5);
#5458 = AXIS2_PLACEMENT_3D('',#5459,#5460,#5461);
#5459 = CARTESIAN_POINT('',(-9.204941,-7.5,0.));
#5460 = DIRECTION('',(0.,0.,1.));
#5461 = DIRECTION('',(1.,0.,-0.));
#5462 = PCURVE('',#3369,#5463);
#5463 = DEFINITIONAL_REPRESENTATION('',(#5464),#5468);
#5464 = CIRCLE('',#5465,3.5);
#5465 = AXIS2_PLACEMENT_2D('',#5466,#5467);
#5466 = CARTESIAN_POINT('',(4.7,7.268516));
#5467 = DIRECTION('',(1.,0.));
#5468 = ( GEOMETRIC_REPRESENTATION_CONTEXT(2) 
PARAMETRIC_REPRESENTATION_CONTEXT() REPRESENTATION_CONTEXT('2D SPACE',''
  ) );
#5469 = PCURVE('',#5328,#5470);
#5470 = DEFINITIONAL_REPRESENTATION('',(#5471),#5475);
#5471 = CIRCLE('',#5472,3.5);
#5472 = AXIS2_PLACEMENT_2D('',#5473,#5474);
#5473 = CARTESIAN_POINT('',(4.7,7.268516));
#5474 = DIRECTION('',(1.,0.));
#5475 = ( GEOMETRIC_REPRESENTATION_CONTEXT(2) 
PARAMETRIC_REPRESENTATION_CONTEXT() REPRESENTATION_CONTEXT('2D SPACE',''
  ) );
#5476 = ADVANCED_FACE('',(#5477),#3426,.T.);
#5477 = FACE_BOUND('',#5478,.T.);
#5478 = EDGE_LOOP('',(#5479,#5501,#5524,#5545));
#5479 = ORIENTED_EDGE('',*,*,#5480,.F.);
#5480 = EDGE_CURVE('',#4580,#3387,#5481,.T.);
#5481 = SURFACE_CURVE('',#5482,(#5487,#5494),.PCURVE_S1.);
#5482 = CIRCLE('',#5483,1.5);
#5483 = AXIS2_PLACEMENT_3D('',#5484,#5485,#5486);
#5484 = CARTESIAN_POINT('',(-10.5,-3.5,0.));
#5485 = DIRECTION('',(0.,0.,1.));
#5486 = DIRECTION('',(1.,0.,-0.));
#5487 = PCURVE('',#3426,#5488);
#5488 = DEFINITIONAL_REPRESENTATION('',(#5489),#5493);
#5489 = CIRCLE('',#5490,1.5);
#5490 = AXIS2_PLACEMENT_2D('',#5491,#5492);
#5491 = CARTESIAN_POINT('',(0.,1.5));
#5492 = DIRECTION('',(1.,0.));
#5493 = ( GEOMETRIC_REPRESENTATION_CONTEXT(2) 
PARAMETRIC_REPRESENTATION_CONTEXT() REPRESENTATION_CONTEXT('2D SPACE',''
  ) );
#5494 = PCURVE('',#4485,#5495);
#5495 = DEFINITIONAL_REPRESENTATION('',(#5496),#5500);
#5496 = CIRCLE('',#5497,1.5);
#5497 = AXIS2_PLACEMENT_2D('',#5498,#5499);
#5498 = CARTESIAN_POINT('',(0.,1.5));
#5499 = DIRECTION('',(1.,0.));
#5500 = ( GEOMETRIC_REPRESENTATION_CONTEXT(2) 
PARAMETRIC_REPRESENTATION_CONTEXT() REPRESENTATION_CONTEXT('2D SPACE',''
  ) );
#5501 = ORIENTED_EDGE('',*,*,#5502,.F.);
#5502 = EDGE_CURVE('',#5503,#4580,#5505,.T.);
#5503 = VERTEX_POINT('',#5504);
#5504 = CARTESIAN_POINT('',(-10.404941,-5.,0.));
#5505 = SURFACE_CURVE('',#5506,(#5510,#5517),.PCURVE_S1.);
#5506 = LINE('',#5507,#5508);
#5507 = CARTESIAN_POINT('',(-10.404941,-18.268516,0.));
#5508 = VECTOR('',#5509,1.);
#5509 = DIRECTION('',(-0.,1.,0.));
#5510 = PCURVE('',#3426,#5511);
#5511 = DEFINITIONAL_REPRESENTATION('',(#5512),#5516);
#5512 = LINE('',#5513,#5514);
#5513 = CARTESIAN_POINT('',(9.5059E-02,-13.268516));
#5514 = VECTOR('',#5515,1.);
#5515 = DIRECTION('',(0.,1.));
#5516 = ( GEOMETRIC_REPRESENTATION_CONTEXT(2) 
PARAMETRIC_REPRESENTATION_CONTEXT() REPRESENTATION_CONTEXT('2D SPACE',''
  ) );
#5517 = PCURVE('',#4596,#5518);
#5518 = DEFINITIONAL_REPRESENTATION('',(#5519),#5523);
#5519 = LINE('',#5520,#5521);
#5520 = CARTESIAN_POINT('',(9.5059E-02,-13.268516));
#5521 = VECTOR('',#5522,1.);
#5522 = DIRECTION('',(0.,1.));
#5523 = ( GEOMETRIC_REPRESENTATION_CONTEXT(2) 
PARAMETRIC_REPRESENTATION_CONTEXT() REPRESENTATION_CONTEXT('2D SPACE',''
  ) );
#5524 = ORIENTED_EDGE('',*,*,#5525,.T.);
#5525 = EDGE_CURVE('',#5503,#3411,#5526,.T.);
#5526 = SURFACE_CURVE('',#5527,(#5531,#5538),.PCURVE_S1.);
#5527 = LINE('',#5528,#5529);
#5528 = CARTESIAN_POINT('',(-10.5,-5.,0.));
#5529 = VECTOR('',#5530,1.);
#5530 = DIRECTION('',(1.,0.,-0.));
#5531 = PCURVE('',#3426,#5532);
#5532 = DEFINITIONAL_REPRESENTATION('',(#5533),#5537);
#5533 = LINE('',#5534,#5535);
#5534 = CARTESIAN_POINT('',(0.,0.));
#5535 = VECTOR('',#5536,1.);
#5536 = DIRECTION('',(1.,0.));
#5537 = ( GEOMETRIC_REPRESENTATION_CONTEXT(2) 
PARAMETRIC_REPRESENTATION_CONTEXT() REPRESENTATION_CONTEXT('2D SPACE',''
  ) );
#5538 = PCURVE('',#5387,#5539);
#5539 = DEFINITIONAL_REPRESENTATION('',(#5540),#5544);
#5540 = LINE('',#5541,#5542);
#5541 = CARTESIAN_POINT('',(-9.5059E-02,13.268516));
#5542 = VECTOR('',#5543,1.);
#5543 = DIRECTION('',(1.,0.));
#5544 = ( GEOMETRIC_REPRESENTATION_CONTEXT(2) 
PARAMETRIC_REPRESENTATION_CONTEXT() REPRESENTATION_CONTEXT('2D SPACE',''
  ) );
#5545 = ORIENTED_EDGE('',*,*,#3410,.T.);
#5546 = ADVANCED_FACE('',(#5547),#3478,.F.);
#5547 = FACE_BOUND('',#5548,.F.);
#5548 = EDGE_LOOP('',(#5549,#5550,#5551));
#5549 = ORIENTED_EDGE('',*,*,#3496,.F.);
#5550 = ORIENTED_EDGE('',*,*,#3577,.T.);
#5551 = ORIENTED_EDGE('',*,*,#3464,.T.);
#5552 = ADVANCED_FACE('',(#5553),#3615,.F.);
#5553 = FACE_BOUND('',#5554,.F.);
#5554 = EDGE_LOOP('',(#5555,#5556,#5557));
#5555 = ORIENTED_EDGE('',*,*,#4259,.F.);
#5556 = ORIENTED_EDGE('',*,*,#3600,.T.);
#5557 = ORIENTED_EDGE('',*,*,#3653,.F.);
#5558 = ADVANCED_FACE('',(#5559),#3564,.F.);
#5559 = FACE_BOUND('',#5560,.F.);
#5560 = EDGE_LOOP('',(#5561,#5562,#5563));
#5561 = ORIENTED_EDGE('',*,*,#3549,.T.);
#5562 = ORIENTED_EDGE('',*,*,#4892,.T.);
#5563 = ORIENTED_EDGE('',*,*,#3912,.T.);
#5564 = ADVANCED_FACE('',(#5565),#3536,.F.);
#5565 = FACE_BOUND('',#5566,.F.);
#5566 = EDGE_LOOP('',(#5567,#5568,#5569));
#5567 = ORIENTED_EDGE('',*,*,#4285,.F.);
#5568 = ORIENTED_EDGE('',*,*,#4868,.T.);
#5569 = ORIENTED_EDGE('',*,*,#3521,.T.);
#5570 = ADVANCED_FACE('',(#5571),#3793,.T.);
#5571 = FACE_BOUND('',#5572,.T.);
#5572 = EDGE_LOOP('',(#5573,#5602,#5628,#5629));
#5573 = ORIENTED_EDGE('',*,*,#5574,.F.);
#5574 = EDGE_CURVE('',#5575,#3939,#5577,.T.);
#5575 = VERTEX_POINT('',#5576);
#5576 = CARTESIAN_POINT('',(12.704965,-7.5,0.));
#5577 = SURFACE_CURVE('',#5578,(#5583,#5590),.PCURVE_S1.);
#5578 = CIRCLE('',#5579,3.5);
#5579 = AXIS2_PLACEMENT_3D('',#5580,#5581,#5582);
#5580 = CARTESIAN_POINT('',(9.204965,-7.5,0.));
#5581 = DIRECTION('',(0.,0.,1.));
#5582 = DIRECTION('',(1.,0.,-0.));
#5583 = PCURVE('',#3793,#5584);
#5584 = DEFINITIONAL_REPRESENTATION('',(#5585),#5589);
#5585 = CIRCLE('',#5586,3.5);
#5586 = AXIS2_PLACEMENT_2D('',#5587,#5588);
#5587 = CARTESIAN_POINT('',(-1.2,0.));
#5588 = DIRECTION('',(1.,0.));
#5589 = ( GEOMETRIC_REPRESENTATION_CONTEXT(2) 
PARAMETRIC_REPRESENTATION_CONTEXT() REPRESENTATION_CONTEXT('2D SPACE',''
  ) );
#5590 = PCURVE('',#5591,#5596);
#5591 = PLANE('',#5592);
#5592 = AXIS2_PLACEMENT_3D('',#5593,#5594,#5595);
#5593 = CARTESIAN_POINT('',(9.204965,-7.5,0.));
#5594 = DIRECTION('',(0.,0.,1.));
#5595 = DIRECTION('',(1.,0.,-0.));
#5596 = DEFINITIONAL_REPRESENTATION('',(#5597),#5601);
#5597 = CIRCLE('',#5598,3.5);
#5598 = AXIS2_PLACEMENT_2D('',#5599,#5600);
#5599 = CARTESIAN_POINT('',(0.,0.));
#5600 = DIRECTION('',(1.,0.));
#5601 = ( GEOMETRIC_REPRESENTATION_CONTEXT(2) 
PARAMETRIC_REPRESENTATION_CONTEXT() REPRESENTATION_CONTEXT('2D SPACE',''
  ) );
#5602 = ORIENTED_EDGE('',*,*,#5603,.T.);
#5603 = EDGE_CURVE('',#5575,#3777,#5604,.T.);
#5604 = SURFACE_CURVE('',#5605,(#5609,#5616),.PCURVE_S1.);
#5605 = LINE('',#5606,#5607);
#5606 = CARTESIAN_POINT('',(5.704965,-7.5,0.));
#5607 = VECTOR('',#5608,1.);
#5608 = DIRECTION('',(1.,0.,-0.));
#5609 = PCURVE('',#3793,#5610);
#5610 = DEFINITIONAL_REPRESENTATION('',(#5611),#5615);
#5611 = LINE('',#5612,#5613);
#5612 = CARTESIAN_POINT('',(-4.7,0.));
#5613 = VECTOR('',#5614,1.);
#5614 = DIRECTION('',(1.,0.));
#5615 = ( GEOMETRIC_REPRESENTATION_CONTEXT(2) 
PARAMETRIC_REPRESENTATION_CONTEXT() REPRESENTATION_CONTEXT('2D SPACE',''
  ) );
#5616 = PCURVE('',#5617,#5622);
#5617 = PLANE('',#5618);
#5618 = AXIS2_PLACEMENT_3D('',#5619,#5620,#5621);
#5619 = CARTESIAN_POINT('',(5.704965,-14.770142,0.));
#5620 = DIRECTION('',(0.,0.,1.));
#5621 = DIRECTION('',(1.,0.,-0.));
#5622 = DEFINITIONAL_REPRESENTATION('',(#5623),#5627);
#5623 = LINE('',#5624,#5625);
#5624 = CARTESIAN_POINT('',(0.,7.270142));
#5625 = VECTOR('',#5626,1.);
#5626 = DIRECTION('',(1.,0.));
#5627 = ( GEOMETRIC_REPRESENTATION_CONTEXT(2) 
PARAMETRIC_REPRESENTATION_CONTEXT() REPRESENTATION_CONTEXT('2D SPACE',''
  ) );
#5628 = ORIENTED_EDGE('',*,*,#3776,.T.);
#5629 = ORIENTED_EDGE('',*,*,#3967,.F.);
#5630 = ADVANCED_FACE('',(#5631),#3849,.F.);
#5631 = FACE_BOUND('',#5632,.F.);
#5632 = EDGE_LOOP('',(#5633,#5661,#5662,#5690));
#5633 = ORIENTED_EDGE('',*,*,#5634,.T.);
#5634 = EDGE_CURVE('',#5635,#3806,#5637,.T.);
#5635 = VERTEX_POINT('',#5636);
#5636 = CARTESIAN_POINT('',(12.704965,-7.5,-1.8));
#5637 = SURFACE_CURVE('',#5638,(#5642,#5649),.PCURVE_S1.);
#5638 = LINE('',#5639,#5640);
#5639 = CARTESIAN_POINT('',(5.704965,-7.5,-1.8));
#5640 = VECTOR('',#5641,1.);
#5641 = DIRECTION('',(1.,0.,-0.));
#5642 = PCURVE('',#3849,#5643);
#5643 = DEFINITIONAL_REPRESENTATION('',(#5644),#5648);
#5644 = LINE('',#5645,#5646);
#5645 = CARTESIAN_POINT('',(-4.7,0.));
#5646 = VECTOR('',#5647,1.);
#5647 = DIRECTION('',(1.,0.));
#5648 = ( GEOMETRIC_REPRESENTATION_CONTEXT(2) 
PARAMETRIC_REPRESENTATION_CONTEXT() REPRESENTATION_CONTEXT('2D SPACE',''
  ) );
#5649 = PCURVE('',#5650,#5655);
#5650 = PLANE('',#5651);
#5651 = AXIS2_PLACEMENT_3D('',#5652,#5653,#5654);
#5652 = CARTESIAN_POINT('',(5.704965,-14.770142,-1.8));
#5653 = DIRECTION('',(0.,0.,1.));
#5654 = DIRECTION('',(1.,0.,-0.));
#5655 = DEFINITIONAL_REPRESENTATION('',(#5656),#5660);
#5656 = LINE('',#5657,#5658);
#5657 = CARTESIAN_POINT('',(0.,7.270142));
#5658 = VECTOR('',#5659,1.);
#5659 = DIRECTION('',(1.,0.));
#5660 = ( GEOMETRIC_REPRESENTATION_CONTEXT(2) 
PARAMETRIC_REPRESENTATION_CONTEXT() REPRESENTATION_CONTEXT('2D SPACE',''
  ) );
#5661 = ORIENTED_EDGE('',*,*,#3832,.T.);
#5662 = ORIENTED_EDGE('',*,*,#5663,.F.);
#5663 = EDGE_CURVE('',#5664,#3833,#5666,.T.);
#5664 = VERTEX_POINT('',#5665);
#5665 = CARTESIAN_POINT('',(10.404965,-4.212143555445,-1.8));
#5666 = SURFACE_CURVE('',#5667,(#5671,#5678),.PCURVE_S1.);
#5667 = LINE('',#5668,#5669);
#5668 = CARTESIAN_POINT('',(10.404965,-18.270142,-1.8));
#5669 = VECTOR('',#5670,1.);
#5670 = DIRECTION('',(-0.,1.,0.));
#5671 = PCURVE('',#3849,#5672);
#5672 = DEFINITIONAL_REPRESENTATION('',(#5673),#5677);
#5673 = LINE('',#5674,#5675);
#5674 = CARTESIAN_POINT('',(0.,-10.770142));
#5675 = VECTOR('',#5676,1.);
#5676 = DIRECTION('',(0.,1.));
#5677 = ( GEOMETRIC_REPRESENTATION_CONTEXT(2) 
PARAMETRIC_REPRESENTATION_CONTEXT() REPRESENTATION_CONTEXT('2D SPACE',''
  ) );
#5678 = PCURVE('',#5679,#5684);
#5679 = PLANE('',#5680);
#5680 = AXIS2_PLACEMENT_3D('',#5681,#5682,#5683);
#5681 = CARTESIAN_POINT('',(9.204965,-18.270142,-1.8));
#5682 = DIRECTION('',(0.,0.,1.));
#5683 = DIRECTION('',(1.,0.,-0.));
#5684 = DEFINITIONAL_REPRESENTATION('',(#5685),#5689);
#5685 = LINE('',#5686,#5687);
#5686 = CARTESIAN_POINT('',(1.2,0.));
#5687 = VECTOR('',#5688,1.);
#5688 = DIRECTION('',(0.,1.));
#5689 = ( GEOMETRIC_REPRESENTATION_CONTEXT(2) 
PARAMETRIC_REPRESENTATION_CONTEXT() REPRESENTATION_CONTEXT('2D SPACE',''
  ) );
#5690 = ORIENTED_EDGE('',*,*,#5691,.F.);
#5691 = EDGE_CURVE('',#5635,#5664,#5692,.T.);
#5692 = SURFACE_CURVE('',#5693,(#5698,#5705),.PCURVE_S1.);
#5693 = CIRCLE('',#5694,3.5);
#5694 = AXIS2_PLACEMENT_3D('',#5695,#5696,#5697);
#5695 = CARTESIAN_POINT('',(9.204965,-7.5,-1.8));
#5696 = DIRECTION('',(0.,0.,1.));
#5697 = DIRECTION('',(1.,0.,-0.));
#5698 = PCURVE('',#3849,#5699);
#5699 = DEFINITIONAL_REPRESENTATION('',(#5700),#5704);
#5700 = CIRCLE('',#5701,3.5);
#5701 = AXIS2_PLACEMENT_2D('',#5702,#5703);
#5702 = CARTESIAN_POINT('',(-1.2,0.));
#5703 = DIRECTION('',(1.,0.));
#5704 = ( GEOMETRIC_REPRESENTATION_CONTEXT(2) 
PARAMETRIC_REPRESENTATION_CONTEXT() REPRESENTATION_CONTEXT('2D SPACE',''
  ) );
#5705 = PCURVE('',#5706,#5711);
#5706 = PLANE('',#5707);
#5707 = AXIS2_PLACEMENT_3D('',#5708,#5709,#5710);
#5708 = CARTESIAN_POINT('',(9.204965,-7.5,-1.8));
#5709 = DIRECTION('',(0.,0.,1.));
#5710 = DIRECTION('',(1.,0.,-0.));
#5711 = DEFINITIONAL_REPRESENTATION('',(#5712),#5716);
#5712 = CIRCLE('',#5713,3.5);
#5713 = AXIS2_PLACEMENT_2D('',#5714,#5715);
#5714 = CARTESIAN_POINT('',(0.,0.));
#5715 = DIRECTION('',(1.,0.));
#5716 = ( GEOMETRIC_REPRESENTATION_CONTEXT(2) 
PARAMETRIC_REPRESENTATION_CONTEXT() REPRESENTATION_CONTEXT('2D SPACE',''
  ) );
#5717 = ADVANCED_FACE('',(#5718),#3820,.T.);
#5718 = FACE_BOUND('',#5719,.T.);
#5719 = EDGE_LOOP('',(#5720,#5749,#5775,#5776));
#5720 = ORIENTED_EDGE('',*,*,#5721,.F.);
#5721 = EDGE_CURVE('',#5722,#5724,#5726,.T.);
#5722 = VERTEX_POINT('',#5723);
#5723 = CARTESIAN_POINT('',(13.904965,-14.770142,-1.8));
#5724 = VERTEX_POINT('',#5725);
#5725 = CARTESIAN_POINT('',(13.904965,-14.770142,0.));
#5726 = SURFACE_CURVE('',#5727,(#5731,#5738),.PCURVE_S1.);
#5727 = LINE('',#5728,#5729);
#5728 = CARTESIAN_POINT('',(13.904965,-14.770142,-1.8));
#5729 = VECTOR('',#5730,1.);
#5730 = DIRECTION('',(0.,0.,1.));
#5731 = PCURVE('',#3820,#5732);
#5732 = DEFINITIONAL_REPRESENTATION('',(#5733),#5737);
#5733 = LINE('',#5734,#5735);
#5734 = CARTESIAN_POINT('',(0.,0.));
#5735 = VECTOR('',#5736,1.);
#5736 = DIRECTION('',(1.,0.));
#5737 = ( GEOMETRIC_REPRESENTATION_CONTEXT(2) 
PARAMETRIC_REPRESENTATION_CONTEXT() REPRESENTATION_CONTEXT('2D SPACE',''
  ) );
#5738 = PCURVE('',#5739,#5744);
#5739 = CYLINDRICAL_SURFACE('',#5740,3.5);
#5740 = AXIS2_PLACEMENT_3D('',#5741,#5742,#5743);
#5741 = CARTESIAN_POINT('',(10.404965,-14.770142,-1.8));
#5742 = DIRECTION('',(0.,0.,1.));
#5743 = DIRECTION('',(1.,0.,-0.));
#5744 = DEFINITIONAL_REPRESENTATION('',(#5745),#5748);
#5745 = B_SPLINE_CURVE_WITH_KNOTS('',1,(#5746,#5747),.UNSPECIFIED.,.F.,
  .F.,(2,2),(0.,1.8),.PIECEWISE_BEZIER_KNOTS.);
#5746 = CARTESIAN_POINT('',(6.28318530718,0.));
#5747 = CARTESIAN_POINT('',(6.28318530718,1.8));
#5748 = ( GEOMETRIC_REPRESENTATION_CONTEXT(2) 
PARAMETRIC_REPRESENTATION_CONTEXT() REPRESENTATION_CONTEXT('2D SPACE',''
  ) );
#5749 = ORIENTED_EDGE('',*,*,#5750,.T.);
#5750 = EDGE_CURVE('',#5722,#3806,#5751,.T.);
#5751 = SURFACE_CURVE('',#5752,(#5756,#5763),.PCURVE_S1.);
#5752 = LINE('',#5753,#5754);
#5753 = CARTESIAN_POINT('',(13.904965,-14.770142,-1.8));
#5754 = VECTOR('',#5755,1.);
#5755 = DIRECTION('',(-0.,1.,0.));
#5756 = PCURVE('',#3820,#5757);
#5757 = DEFINITIONAL_REPRESENTATION('',(#5758),#5762);
#5758 = LINE('',#5759,#5760);
#5759 = CARTESIAN_POINT('',(0.,0.));
#5760 = VECTOR('',#5761,1.);
#5761 = DIRECTION('',(0.,-1.));
#5762 = ( GEOMETRIC_REPRESENTATION_CONTEXT(2) 
PARAMETRIC_REPRESENTATION_CONTEXT() REPRESENTATION_CONTEXT('2D SPACE',''
  ) );
#5763 = PCURVE('',#5764,#5769);
#5764 = PLANE('',#5765);
#5765 = AXIS2_PLACEMENT_3D('',#5766,#5767,#5768);
#5766 = CARTESIAN_POINT('',(5.704965,-14.770142,-1.8));
#5767 = DIRECTION('',(0.,0.,1.));
#5768 = DIRECTION('',(1.,0.,-0.));
#5769 = DEFINITIONAL_REPRESENTATION('',(#5770),#5774);
#5770 = LINE('',#5771,#5772);
#5771 = CARTESIAN_POINT('',(8.2,0.));
#5772 = VECTOR('',#5773,1.);
#5773 = DIRECTION('',(0.,1.));
#5774 = ( GEOMETRIC_REPRESENTATION_CONTEXT(2) 
PARAMETRIC_REPRESENTATION_CONTEXT() REPRESENTATION_CONTEXT('2D SPACE',''
  ) );
#5775 = ORIENTED_EDGE('',*,*,#3805,.T.);
#5776 = ORIENTED_EDGE('',*,*,#5777,.F.);
#5777 = EDGE_CURVE('',#5724,#3777,#5778,.T.);
#5778 = SURFACE_CURVE('',#5779,(#5783,#5790),.PCURVE_S1.);
#5779 = LINE('',#5780,#5781);
#5780 = CARTESIAN_POINT('',(13.904965,-14.770142,0.));
#5781 = VECTOR('',#5782,1.);
#5782 = DIRECTION('',(-0.,1.,0.));
#5783 = PCURVE('',#3820,#5784);
#5784 = DEFINITIONAL_REPRESENTATION('',(#5785),#5789);
#5785 = LINE('',#5786,#5787);
#5786 = CARTESIAN_POINT('',(1.8,0.));
#5787 = VECTOR('',#5788,1.);
#5788 = DIRECTION('',(0.,-1.));
#5789 = ( GEOMETRIC_REPRESENTATION_CONTEXT(2) 
PARAMETRIC_REPRESENTATION_CONTEXT() REPRESENTATION_CONTEXT('2D SPACE',''
  ) );
#5790 = PCURVE('',#5791,#5796);
#5791 = PLANE('',#5792);
#5792 = AXIS2_PLACEMENT_3D('',#5793,#5794,#5795);
#5793 = CARTESIAN_POINT('',(5.704965,-14.770142,0.));
#5794 = DIRECTION('',(0.,0.,1.));
#5795 = DIRECTION('',(1.,0.,-0.));
#5796 = DEFINITIONAL_REPRESENTATION('',(#5797),#5801);
#5797 = LINE('',#5798,#5799);
#5798 = CARTESIAN_POINT('',(8.2,0.));
#5799 = VECTOR('',#5800,1.);
#5800 = DIRECTION('',(0.,1.));
#5801 = ( GEOMETRIC_REPRESENTATION_CONTEXT(2) 
PARAMETRIC_REPRESENTATION_CONTEXT() REPRESENTATION_CONTEXT('2D SPACE',''
  ) );
#5802 = ADVANCED_FACE('',(#5803),#3955,.T.);
#5803 = FACE_BOUND('',#5804,.T.);
#5804 = EDGE_LOOP('',(#5805,#5806,#5828));
#5805 = ORIENTED_EDGE('',*,*,#4309,.F.);
#5806 = ORIENTED_EDGE('',*,*,#5807,.T.);
#5807 = EDGE_CURVE('',#4310,#3939,#5808,.T.);
#5808 = SURFACE_CURVE('',#5809,(#5814,#5821),.PCURVE_S1.);
#5809 = CIRCLE('',#5810,1.5);
#5810 = AXIS2_PLACEMENT_3D('',#5811,#5812,#5813);
#5811 = CARTESIAN_POINT('',(10.5,-3.5,0.));
#5812 = DIRECTION('',(0.,0.,1.));
#5813 = DIRECTION('',(1.,0.,-0.));
#5814 = PCURVE('',#3955,#5815);
#5815 = DEFINITIONAL_REPRESENTATION('',(#5816),#5820);
#5816 = CIRCLE('',#5817,1.5);
#5817 = AXIS2_PLACEMENT_2D('',#5818,#5819);
#5818 = CARTESIAN_POINT('',(0.,0.));
#5819 = DIRECTION('',(1.,0.));
#5820 = ( GEOMETRIC_REPRESENTATION_CONTEXT(2) 
PARAMETRIC_REPRESENTATION_CONTEXT() REPRESENTATION_CONTEXT('2D SPACE',''
  ) );
#5821 = PCURVE('',#5591,#5822);
#5822 = DEFINITIONAL_REPRESENTATION('',(#5823),#5827);
#5823 = CIRCLE('',#5824,1.5);
#5824 = AXIS2_PLACEMENT_2D('',#5825,#5826);
#5825 = CARTESIAN_POINT('',(1.295035,4.));
#5826 = DIRECTION('',(1.,0.));
#5827 = ( GEOMETRIC_REPRESENTATION_CONTEXT(2) 
PARAMETRIC_REPRESENTATION_CONTEXT() REPRESENTATION_CONTEXT('2D SPACE',''
  ) );
#5828 = ORIENTED_EDGE('',*,*,#3938,.T.);
#5829 = ADVANCED_FACE('',(#5830),#4038,.T.);
#5830 = FACE_BOUND('',#5831,.T.);
#5831 = EDGE_LOOP('',(#5832,#5833,#5860));
#5832 = ORIENTED_EDGE('',*,*,#4023,.T.);
#5833 = ORIENTED_EDGE('',*,*,#5834,.T.);
#5834 = EDGE_CURVE('',#3995,#4557,#5835,.T.);
#5835 = SURFACE_CURVE('',#5836,(#5841,#5848),.PCURVE_S1.);
#5836 = CIRCLE('',#5837,1.5);
#5837 = AXIS2_PLACEMENT_3D('',#5838,#5839,#5840);
#5838 = CARTESIAN_POINT('',(-10.5,-3.5,0.));
#5839 = DIRECTION('',(0.,0.,1.));
#5840 = DIRECTION('',(1.,0.,-0.));
#5841 = PCURVE('',#4038,#5842);
#5842 = DEFINITIONAL_REPRESENTATION('',(#5843),#5847);
#5843 = CIRCLE('',#5844,1.5);
#5844 = AXIS2_PLACEMENT_2D('',#5845,#5846);
#5845 = CARTESIAN_POINT('',(0.,0.));
#5846 = DIRECTION('',(1.,0.));
#5847 = ( GEOMETRIC_REPRESENTATION_CONTEXT(2) 
PARAMETRIC_REPRESENTATION_CONTEXT() REPRESENTATION_CONTEXT('2D SPACE',''
  ) );
#5848 = PCURVE('',#5849,#5854);
#5849 = PLANE('',#5850);
#5850 = AXIS2_PLACEMENT_3D('',#5851,#5852,#5853);
#5851 = CARTESIAN_POINT('',(-10.404941,-7.5,0.));
#5852 = DIRECTION('',(0.,0.,1.));
#5853 = DIRECTION('',(1.,0.,-0.));
#5854 = DEFINITIONAL_REPRESENTATION('',(#5855),#5859);
#5855 = CIRCLE('',#5856,1.5);
#5856 = AXIS2_PLACEMENT_2D('',#5857,#5858);
#5857 = CARTESIAN_POINT('',(-9.5059E-02,4.));
#5858 = DIRECTION('',(1.,0.));
#5859 = ( GEOMETRIC_REPRESENTATION_CONTEXT(2) 
PARAMETRIC_REPRESENTATION_CONTEXT() REPRESENTATION_CONTEXT('2D SPACE',''
  ) );
#5860 = ORIENTED_EDGE('',*,*,#4556,.T.);
#5861 = ADVANCED_FACE('',(#5862),#4011,.T.);
#5862 = FACE_BOUND('',#5863,.T.);
#5863 = EDGE_LOOP('',(#5864,#5888,#5889,#5890));
#5864 = ORIENTED_EDGE('',*,*,#5865,.F.);
#5865 = EDGE_CURVE('',#3995,#5866,#5868,.T.);
#5866 = VERTEX_POINT('',#5867);
#5867 = CARTESIAN_POINT('',(-12.704941,-7.5,0.));
#5868 = SURFACE_CURVE('',#5869,(#5874,#5881),.PCURVE_S1.);
#5869 = CIRCLE('',#5870,3.5);
#5870 = AXIS2_PLACEMENT_3D('',#5871,#5872,#5873);
#5871 = CARTESIAN_POINT('',(-9.204941,-7.5,0.));
#5872 = DIRECTION('',(0.,0.,1.));
#5873 = DIRECTION('',(1.,0.,-0.));
#5874 = PCURVE('',#4011,#5875);
#5875 = DEFINITIONAL_REPRESENTATION('',(#5876),#5880);
#5876 = CIRCLE('',#5877,3.5);
#5877 = AXIS2_PLACEMENT_2D('',#5878,#5879);
#5878 = CARTESIAN_POINT('',(1.2,0.));
#5879 = DIRECTION('',(1.,0.));
#5880 = ( GEOMETRIC_REPRESENTATION_CONTEXT(2) 
PARAMETRIC_REPRESENTATION_CONTEXT() REPRESENTATION_CONTEXT('2D SPACE',''
  ) );
#5881 = PCURVE('',#5849,#5882);
#5882 = DEFINITIONAL_REPRESENTATION('',(#5883),#5887);
#5883 = CIRCLE('',#5884,3.5);
#5884 = AXIS2_PLACEMENT_2D('',#5885,#5886);
#5885 = CARTESIAN_POINT('',(1.2,0.));
#5886 = DIRECTION('',(1.,0.));
#5887 = ( GEOMETRIC_REPRESENTATION_CONTEXT(2) 
PARAMETRIC_REPRESENTATION_CONTEXT() REPRESENTATION_CONTEXT('2D SPACE',''
  ) );
#5888 = ORIENTED_EDGE('',*,*,#3994,.F.);
#5889 = ORIENTED_EDGE('',*,*,#4160,.T.);
#5890 = ORIENTED_EDGE('',*,*,#5891,.T.);
#5891 = EDGE_CURVE('',#4133,#5866,#5892,.T.);
#5892 = SURFACE_CURVE('',#5893,(#5897,#5904),.PCURVE_S1.);
#5893 = LINE('',#5894,#5895);
#5894 = CARTESIAN_POINT('',(-13.904941,-7.5,0.));
#5895 = VECTOR('',#5896,1.);
#5896 = DIRECTION('',(1.,0.,-0.));
#5897 = PCURVE('',#4011,#5898);
#5898 = DEFINITIONAL_REPRESENTATION('',(#5899),#5903);
#5899 = LINE('',#5900,#5901);
#5900 = CARTESIAN_POINT('',(-3.5,0.));
#5901 = VECTOR('',#5902,1.);
#5902 = DIRECTION('',(1.,0.));
#5903 = ( GEOMETRIC_REPRESENTATION_CONTEXT(2) 
PARAMETRIC_REPRESENTATION_CONTEXT() REPRESENTATION_CONTEXT('2D SPACE',''
  ) );
#5904 = PCURVE('',#5905,#5910);
#5905 = PLANE('',#5906);
#5906 = AXIS2_PLACEMENT_3D('',#5907,#5908,#5909);
#5907 = CARTESIAN_POINT('',(-13.904941,-14.768516,0.));
#5908 = DIRECTION('',(0.,0.,1.));
#5909 = DIRECTION('',(1.,0.,-0.));
#5910 = DEFINITIONAL_REPRESENTATION('',(#5911),#5915);
#5911 = LINE('',#5912,#5913);
#5912 = CARTESIAN_POINT('',(0.,7.268516));
#5913 = VECTOR('',#5914,1.);
#5914 = DIRECTION('',(1.,0.));
#5915 = ( GEOMETRIC_REPRESENTATION_CONTEXT(2) 
PARAMETRIC_REPRESENTATION_CONTEXT() REPRESENTATION_CONTEXT('2D SPACE',''
  ) );
#5916 = ADVANCED_FACE('',(#5917),#4148,.F.);
#5917 = FACE_BOUND('',#5918,.F.);
#5918 = EDGE_LOOP('',(#5919,#5949,#5975,#5976));
#5919 = ORIENTED_EDGE('',*,*,#5920,.F.);
#5920 = EDGE_CURVE('',#5921,#5923,#5925,.T.);
#5921 = VERTEX_POINT('',#5922);
#5922 = CARTESIAN_POINT('',(-13.904941,-14.768516,-1.8));
#5923 = VERTEX_POINT('',#5924);
#5924 = CARTESIAN_POINT('',(-13.904941,-14.768516,0.));
#5925 = SURFACE_CURVE('',#5926,(#5930,#5937),.PCURVE_S1.);
#5926 = LINE('',#5927,#5928);
#5927 = CARTESIAN_POINT('',(-13.904941,-14.768516,-1.8));
#5928 = VECTOR('',#5929,1.);
#5929 = DIRECTION('',(0.,0.,1.));
#5930 = PCURVE('',#4148,#5931);
#5931 = DEFINITIONAL_REPRESENTATION('',(#5932),#5936);
#5932 = LINE('',#5933,#5934);
#5933 = CARTESIAN_POINT('',(0.,0.));
#5934 = VECTOR('',#5935,1.);
#5935 = DIRECTION('',(1.,0.));
#5936 = ( GEOMETRIC_REPRESENTATION_CONTEXT(2) 
PARAMETRIC_REPRESENTATION_CONTEXT() REPRESENTATION_CONTEXT('2D SPACE',''
  ) );
#5937 = PCURVE('',#5938,#5943);
#5938 = CYLINDRICAL_SURFACE('',#5939,3.5);
#5939 = AXIS2_PLACEMENT_3D('',#5940,#5941,#5942);
#5940 = CARTESIAN_POINT('',(-10.404941,-14.768516,-1.8));
#5941 = DIRECTION('',(0.,0.,1.));
#5942 = DIRECTION('',(1.,0.,-0.));
#5943 = DEFINITIONAL_REPRESENTATION('',(#5944),#5948);
#5944 = LINE('',#5945,#5946);
#5945 = CARTESIAN_POINT('',(3.14159265359,0.));
#5946 = VECTOR('',#5947,1.);
#5947 = DIRECTION('',(0.,1.));
#5948 = ( GEOMETRIC_REPRESENTATION_CONTEXT(2) 
PARAMETRIC_REPRESENTATION_CONTEXT() REPRESENTATION_CONTEXT('2D SPACE',''
  ) );
#5949 = ORIENTED_EDGE('',*,*,#5950,.T.);
#5950 = EDGE_CURVE('',#5921,#4104,#5951,.T.);
#5951 = SURFACE_CURVE('',#5952,(#5956,#5963),.PCURVE_S1.);
#5952 = LINE('',#5953,#5954);
#5953 = CARTESIAN_POINT('',(-13.904941,-14.768516,-1.8));
#5954 = VECTOR('',#5955,1.);
#5955 = DIRECTION('',(-0.,1.,0.));
#5956 = PCURVE('',#4148,#5957);
#5957 = DEFINITIONAL_REPRESENTATION('',(#5958),#5962);
#5958 = LINE('',#5959,#5960);
#5959 = CARTESIAN_POINT('',(0.,0.));
#5960 = VECTOR('',#5961,1.);
#5961 = DIRECTION('',(0.,-1.));
#5962 = ( GEOMETRIC_REPRESENTATION_CONTEXT(2) 
PARAMETRIC_REPRESENTATION_CONTEXT() REPRESENTATION_CONTEXT('2D SPACE',''
  ) );
#5963 = PCURVE('',#5964,#5969);
#5964 = PLANE('',#5965);
#5965 = AXIS2_PLACEMENT_3D('',#5966,#5967,#5968);
#5966 = CARTESIAN_POINT('',(-13.904941,-14.768516,-1.8));
#5967 = DIRECTION('',(0.,0.,1.));
#5968 = DIRECTION('',(1.,0.,-0.));
#5969 = DEFINITIONAL_REPRESENTATION('',(#5970),#5974);
#5970 = LINE('',#5971,#5972);
#5971 = CARTESIAN_POINT('',(0.,0.));
#5972 = VECTOR('',#5973,1.);
#5973 = DIRECTION('',(0.,1.));
#5974 = ( GEOMETRIC_REPRESENTATION_CONTEXT(2) 
PARAMETRIC_REPRESENTATION_CONTEXT() REPRESENTATION_CONTEXT('2D SPACE',''
  ) );
#5975 = ORIENTED_EDGE('',*,*,#4132,.T.);
#5976 = ORIENTED_EDGE('',*,*,#5977,.F.);
#5977 = EDGE_CURVE('',#5923,#4133,#5978,.T.);
#5978 = SURFACE_CURVE('',#5979,(#5983,#5990),.PCURVE_S1.);
#5979 = LINE('',#5980,#5981);
#5980 = CARTESIAN_POINT('',(-13.904941,-14.768516,0.));
#5981 = VECTOR('',#5982,1.);
#5982 = DIRECTION('',(-0.,1.,0.));
#5983 = PCURVE('',#4148,#5984);
#5984 = DEFINITIONAL_REPRESENTATION('',(#5985),#5989);
#5985 = LINE('',#5986,#5987);
#5986 = CARTESIAN_POINT('',(1.8,0.));
#5987 = VECTOR('',#5988,1.);
#5988 = DIRECTION('',(0.,-1.));
#5989 = ( GEOMETRIC_REPRESENTATION_CONTEXT(2) 
PARAMETRIC_REPRESENTATION_CONTEXT() REPRESENTATION_CONTEXT('2D SPACE',''
  ) );
#5990 = PCURVE('',#5991,#5996);
#5991 = PLANE('',#5992);
#5992 = AXIS2_PLACEMENT_3D('',#5993,#5994,#5995);
#5993 = CARTESIAN_POINT('',(-13.904941,-14.768516,0.));
#5994 = DIRECTION('',(0.,0.,1.));
#5995 = DIRECTION('',(1.,0.,-0.));
#5996 = DEFINITIONAL_REPRESENTATION('',(#5997),#6001);
#5997 = LINE('',#5998,#5999);
#5998 = CARTESIAN_POINT('',(0.,0.));
#5999 = VECTOR('',#6000,1.);
#6000 = DIRECTION('',(0.,1.));
#6001 = ( GEOMETRIC_REPRESENTATION_CONTEXT(2) 
PARAMETRIC_REPRESENTATION_CONTEXT() REPRESENTATION_CONTEXT('2D SPACE',''
  ) );
#6002 = ADVANCED_FACE('',(#6003),#4120,.F.);
#6003 = FACE_BOUND('',#6004,.F.);
#6004 = EDGE_LOOP('',(#6005,#6036,#6062,#6063));
#6005 = ORIENTED_EDGE('',*,*,#6006,.F.);
#6006 = EDGE_CURVE('',#6007,#6009,#6011,.T.);
#6007 = VERTEX_POINT('',#6008);
#6008 = CARTESIAN_POINT('',(-10.404941,-4.212143555445,-1.8));
#6009 = VERTEX_POINT('',#6010);
#6010 = CARTESIAN_POINT('',(-12.704941,-7.5,-1.8));
#6011 = SURFACE_CURVE('',#6012,(#6017,#6024),.PCURVE_S1.);
#6012 = CIRCLE('',#6013,3.5);
#6013 = AXIS2_PLACEMENT_3D('',#6014,#6015,#6016);
#6014 = CARTESIAN_POINT('',(-9.204941,-7.5,-1.8));
#6015 = DIRECTION('',(0.,0.,1.));
#6016 = DIRECTION('',(1.,0.,-0.));
#6017 = PCURVE('',#4120,#6018);
#6018 = DEFINITIONAL_REPRESENTATION('',(#6019),#6023);
#6019 = CIRCLE('',#6020,3.5);
#6020 = AXIS2_PLACEMENT_2D('',#6021,#6022);
#6021 = CARTESIAN_POINT('',(1.2,0.));
#6022 = DIRECTION('',(1.,0.));
#6023 = ( GEOMETRIC_REPRESENTATION_CONTEXT(2) 
PARAMETRIC_REPRESENTATION_CONTEXT() REPRESENTATION_CONTEXT('2D SPACE',''
  ) );
#6024 = PCURVE('',#6025,#6030);
#6025 = PLANE('',#6026);
#6026 = AXIS2_PLACEMENT_3D('',#6027,#6028,#6029);
#6027 = CARTESIAN_POINT('',(-10.404941,-7.5,-1.8));
#6028 = DIRECTION('',(0.,0.,1.));
#6029 = DIRECTION('',(1.,0.,-0.));
#6030 = DEFINITIONAL_REPRESENTATION('',(#6031),#6035);
#6031 = CIRCLE('',#6032,3.5);
#6032 = AXIS2_PLACEMENT_2D('',#6033,#6034);
#6033 = CARTESIAN_POINT('',(1.2,0.));
#6034 = DIRECTION('',(1.,0.));
#6035 = ( GEOMETRIC_REPRESENTATION_CONTEXT(2) 
PARAMETRIC_REPRESENTATION_CONTEXT() REPRESENTATION_CONTEXT('2D SPACE',''
  ) );
#6036 = ORIENTED_EDGE('',*,*,#6037,.T.);
#6037 = EDGE_CURVE('',#6007,#4081,#6038,.T.);
#6038 = SURFACE_CURVE('',#6039,(#6043,#6050),.PCURVE_S1.);
#6039 = LINE('',#6040,#6041);
#6040 = CARTESIAN_POINT('',(-10.404941,-18.268516,-1.8));
#6041 = VECTOR('',#6042,1.);
#6042 = DIRECTION('',(-0.,1.,0.));
#6043 = PCURVE('',#4120,#6044);
#6044 = DEFINITIONAL_REPRESENTATION('',(#6045),#6049);
#6045 = LINE('',#6046,#6047);
#6046 = CARTESIAN_POINT('',(0.,-10.768516));
#6047 = VECTOR('',#6048,1.);
#6048 = DIRECTION('',(0.,1.));
#6049 = ( GEOMETRIC_REPRESENTATION_CONTEXT(2) 
PARAMETRIC_REPRESENTATION_CONTEXT() REPRESENTATION_CONTEXT('2D SPACE',''
  ) );
#6050 = PCURVE('',#6051,#6056);
#6051 = PLANE('',#6052);
#6052 = AXIS2_PLACEMENT_3D('',#6053,#6054,#6055);
#6053 = CARTESIAN_POINT('',(-10.404941,-18.268516,-1.8));
#6054 = DIRECTION('',(0.,0.,1.));
#6055 = DIRECTION('',(1.,0.,-0.));
#6056 = DEFINITIONAL_REPRESENTATION('',(#6057),#6061);
#6057 = LINE('',#6058,#6059);
#6058 = CARTESIAN_POINT('',(0.,0.));
#6059 = VECTOR('',#6060,1.);
#6060 = DIRECTION('',(0.,1.));
#6061 = ( GEOMETRIC_REPRESENTATION_CONTEXT(2) 
PARAMETRIC_REPRESENTATION_CONTEXT() REPRESENTATION_CONTEXT('2D SPACE',''
  ) );
#6062 = ORIENTED_EDGE('',*,*,#4103,.T.);
#6063 = ORIENTED_EDGE('',*,*,#6064,.T.);
#6064 = EDGE_CURVE('',#4104,#6009,#6065,.T.);
#6065 = SURFACE_CURVE('',#6066,(#6070,#6077),.PCURVE_S1.);
#6066 = LINE('',#6067,#6068);
#6067 = CARTESIAN_POINT('',(-13.904941,-7.5,-1.8));
#6068 = VECTOR('',#6069,1.);
#6069 = DIRECTION('',(1.,0.,-0.));
#6070 = PCURVE('',#4120,#6071);
#6071 = DEFINITIONAL_REPRESENTATION('',(#6072),#6076);
#6072 = LINE('',#6073,#6074);
#6073 = CARTESIAN_POINT('',(-3.5,0.));
#6074 = VECTOR('',#6075,1.);
#6075 = DIRECTION('',(1.,0.));
#6076 = ( GEOMETRIC_REPRESENTATION_CONTEXT(2) 
PARAMETRIC_REPRESENTATION_CONTEXT() REPRESENTATION_CONTEXT('2D SPACE',''
  ) );
#6077 = PCURVE('',#6078,#6083);
#6078 = PLANE('',#6079);
#6079 = AXIS2_PLACEMENT_3D('',#6080,#6081,#6082);
#6080 = CARTESIAN_POINT('',(-13.904941,-14.768516,-1.8));
#6081 = DIRECTION('',(0.,0.,1.));
#6082 = DIRECTION('',(1.,0.,-0.));
#6083 = DEFINITIONAL_REPRESENTATION('',(#6084),#6088);
#6084 = LINE('',#6085,#6086);
#6085 = CARTESIAN_POINT('',(0.,7.268516));
#6086 = VECTOR('',#6087,1.);
#6087 = DIRECTION('',(1.,0.));
#6088 = ( GEOMETRIC_REPRESENTATION_CONTEXT(2) 
PARAMETRIC_REPRESENTATION_CONTEXT() REPRESENTATION_CONTEXT('2D SPACE',''
  ) );
#6089 = ADVANCED_FACE('',(#6090),#4376,.T.);
#6090 = FACE_BOUND('',#6091,.T.);
#6091 = EDGE_LOOP('',(#6092,#6093,#6114));
#6092 = ORIENTED_EDGE('',*,*,#4662,.F.);
#6093 = ORIENTED_EDGE('',*,*,#6094,.T.);
#6094 = EDGE_CURVE('',#4635,#4310,#6095,.T.);
#6095 = SURFACE_CURVE('',#6096,(#6100,#6107),.PCURVE_S1.);
#6096 = LINE('',#6097,#6098);
#6097 = CARTESIAN_POINT('',(-10.5,-5.,0.));
#6098 = VECTOR('',#6099,1.);
#6099 = DIRECTION('',(1.,0.,-0.));
#6100 = PCURVE('',#4376,#6101);
#6101 = DEFINITIONAL_REPRESENTATION('',(#6102),#6106);
#6102 = LINE('',#6103,#6104);
#6103 = CARTESIAN_POINT('',(0.,0.));
#6104 = VECTOR('',#6105,1.);
#6105 = DIRECTION('',(1.,0.));
#6106 = ( GEOMETRIC_REPRESENTATION_CONTEXT(2) 
PARAMETRIC_REPRESENTATION_CONTEXT() REPRESENTATION_CONTEXT('2D SPACE',''
  ) );
#6107 = PCURVE('',#5591,#6108);
#6108 = DEFINITIONAL_REPRESENTATION('',(#6109),#6113);
#6109 = LINE('',#6110,#6111);
#6110 = CARTESIAN_POINT('',(-19.704965,2.5));
#6111 = VECTOR('',#6112,1.);
#6112 = DIRECTION('',(1.,0.));
#6113 = ( GEOMETRIC_REPRESENTATION_CONTEXT(2) 
PARAMETRIC_REPRESENTATION_CONTEXT() REPRESENTATION_CONTEXT('2D SPACE',''
  ) );
#6114 = ORIENTED_EDGE('',*,*,#4361,.F.);
#6115 = ADVANCED_FACE('',(#6116),#4349,.T.);
#6116 = FACE_BOUND('',#6117,.T.);
#6117 = EDGE_LOOP('',(#6118,#6119,#6120,#6121,#6122));
#6118 = ORIENTED_EDGE('',*,*,#4447,.F.);
#6119 = ORIENTED_EDGE('',*,*,#4683,.T.);
#6120 = ORIENTED_EDGE('',*,*,#4333,.T.);
#6121 = ORIENTED_EDGE('',*,*,#4393,.T.);
#6122 = ORIENTED_EDGE('',*,*,#4419,.T.);
#6123 = ADVANCED_FACE('',(#6124),#4485,.T.);
#6124 = FACE_BOUND('',#6125,.T.);
#6125 = EDGE_LOOP('',(#6126,#6127,#6128,#6129,#6130));
#6126 = ORIENTED_EDGE('',*,*,#4608,.F.);
#6127 = ORIENTED_EDGE('',*,*,#5480,.T.);
#6128 = ORIENTED_EDGE('',*,*,#4471,.T.);
#6129 = ORIENTED_EDGE('',*,*,#4504,.T.);
#6130 = ORIENTED_EDGE('',*,*,#4530,.T.);
#6131 = ADVANCED_FACE('',(#6132),#4596,.T.);
#6132 = FACE_BOUND('',#6133,.T.);
#6133 = EDGE_LOOP('',(#6134,#6135,#6156));
#6134 = ORIENTED_EDGE('',*,*,#4579,.F.);
#6135 = ORIENTED_EDGE('',*,*,#6136,.T.);
#6136 = EDGE_CURVE('',#4557,#5503,#6137,.T.);
#6137 = SURFACE_CURVE('',#6138,(#6142,#6149),.PCURVE_S1.);
#6138 = LINE('',#6139,#6140);
#6139 = CARTESIAN_POINT('',(-10.5,-5.,0.));
#6140 = VECTOR('',#6141,1.);
#6141 = DIRECTION('',(1.,0.,-0.));
#6142 = PCURVE('',#4596,#6143);
#6143 = DEFINITIONAL_REPRESENTATION('',(#6144),#6148);
#6144 = LINE('',#6145,#6146);
#6145 = CARTESIAN_POINT('',(0.,0.));
#6146 = VECTOR('',#6147,1.);
#6147 = DIRECTION('',(1.,0.));
#6148 = ( GEOMETRIC_REPRESENTATION_CONTEXT(2) 
PARAMETRIC_REPRESENTATION_CONTEXT() REPRESENTATION_CONTEXT('2D SPACE',''
  ) );
#6149 = PCURVE('',#5849,#6150);
#6150 = DEFINITIONAL_REPRESENTATION('',(#6151),#6155);
#6151 = LINE('',#6152,#6153);
#6152 = CARTESIAN_POINT('',(-9.5059E-02,2.5));
#6153 = VECTOR('',#6154,1.);
#6154 = DIRECTION('',(1.,0.));
#6155 = ( GEOMETRIC_REPRESENTATION_CONTEXT(2) 
PARAMETRIC_REPRESENTATION_CONTEXT() REPRESENTATION_CONTEXT('2D SPACE',''
  ) );
#6156 = ORIENTED_EDGE('',*,*,#5502,.T.);
#6157 = ADVANCED_FACE('',(#6158),#4650,.T.);
#6158 = FACE_BOUND('',#6159,.T.);
#6159 = EDGE_LOOP('',(#6160,#6161,#6189,#6210));
#6160 = ORIENTED_EDGE('',*,*,#4737,.F.);
#6161 = ORIENTED_EDGE('',*,*,#6162,.T.);
#6162 = EDGE_CURVE('',#4710,#6163,#6165,.T.);
#6163 = VERTEX_POINT('',#6164);
#6164 = CARTESIAN_POINT('',(10.404965,-7.5,0.));
#6165 = SURFACE_CURVE('',#6166,(#6170,#6177),.PCURVE_S1.);
#6166 = LINE('',#6167,#6168);
#6167 = CARTESIAN_POINT('',(5.704965,-7.5,0.));
#6168 = VECTOR('',#6169,1.);
#6169 = DIRECTION('',(1.,0.,-0.));
#6170 = PCURVE('',#4650,#6171);
#6171 = DEFINITIONAL_REPRESENTATION('',(#6172),#6176);
#6172 = LINE('',#6173,#6174);
#6173 = CARTESIAN_POINT('',(-3.5,10.770142));
#6174 = VECTOR('',#6175,1.);
#6175 = DIRECTION('',(1.,0.));
#6176 = ( GEOMETRIC_REPRESENTATION_CONTEXT(2) 
PARAMETRIC_REPRESENTATION_CONTEXT() REPRESENTATION_CONTEXT('2D SPACE',''
  ) );
#6177 = PCURVE('',#6178,#6183);
#6178 = PLANE('',#6179);
#6179 = AXIS2_PLACEMENT_3D('',#6180,#6181,#6182);
#6180 = CARTESIAN_POINT('',(9.204965,-18.270142,0.));
#6181 = DIRECTION('',(0.,0.,1.));
#6182 = DIRECTION('',(1.,0.,-0.));
#6183 = DEFINITIONAL_REPRESENTATION('',(#6184),#6188);
#6184 = LINE('',#6185,#6186);
#6185 = CARTESIAN_POINT('',(-3.5,10.770142));
#6186 = VECTOR('',#6187,1.);
#6187 = DIRECTION('',(1.,0.));
#6188 = ( GEOMETRIC_REPRESENTATION_CONTEXT(2) 
PARAMETRIC_REPRESENTATION_CONTEXT() REPRESENTATION_CONTEXT('2D SPACE',''
  ) );
#6189 = ORIENTED_EDGE('',*,*,#6190,.T.);
#6190 = EDGE_CURVE('',#6163,#4635,#6191,.T.);
#6191 = SURFACE_CURVE('',#6192,(#6196,#6203),.PCURVE_S1.);
#6192 = LINE('',#6193,#6194);
#6193 = CARTESIAN_POINT('',(10.404965,-18.270142,0.));
#6194 = VECTOR('',#6195,1.);
#6195 = DIRECTION('',(-0.,1.,0.));
#6196 = PCURVE('',#4650,#6197);
#6197 = DEFINITIONAL_REPRESENTATION('',(#6198),#6202);
#6198 = LINE('',#6199,#6200);
#6199 = CARTESIAN_POINT('',(1.2,0.));
#6200 = VECTOR('',#6201,1.);
#6201 = DIRECTION('',(0.,1.));
#6202 = ( GEOMETRIC_REPRESENTATION_CONTEXT(2) 
PARAMETRIC_REPRESENTATION_CONTEXT() REPRESENTATION_CONTEXT('2D SPACE',''
  ) );
#6203 = PCURVE('',#5591,#6204);
#6204 = DEFINITIONAL_REPRESENTATION('',(#6205),#6209);
#6205 = LINE('',#6206,#6207);
#6206 = CARTESIAN_POINT('',(1.2,-10.770142));
#6207 = VECTOR('',#6208,1.);
#6208 = DIRECTION('',(0.,1.));
#6209 = ( GEOMETRIC_REPRESENTATION_CONTEXT(2) 
PARAMETRIC_REPRESENTATION_CONTEXT() REPRESENTATION_CONTEXT('2D SPACE',''
  ) );
#6210 = ORIENTED_EDGE('',*,*,#4634,.F.);
#6211 = ADVANCED_FACE('',(#6212),#4725,.T.);
#6212 = FACE_BOUND('',#6213,.T.);
#6213 = EDGE_LOOP('',(#6214,#6215,#6216));
#6214 = ORIENTED_EDGE('',*,*,#4709,.F.);
#6215 = ORIENTED_EDGE('',*,*,#4820,.T.);
#6216 = ORIENTED_EDGE('',*,*,#6217,.T.);
#6217 = EDGE_CURVE('',#4793,#4710,#6218,.T.);
#6218 = SURFACE_CURVE('',#6219,(#6223,#6230),.PCURVE_S1.);
#6219 = LINE('',#6220,#6221);
#6220 = CARTESIAN_POINT('',(9.204965,-18.270142,0.));
#6221 = VECTOR('',#6222,1.);
#6222 = DIRECTION('',(-0.,1.,0.));
#6223 = PCURVE('',#4725,#6224);
#6224 = DEFINITIONAL_REPRESENTATION('',(#6225),#6229);
#6225 = LINE('',#6226,#6227);
#6226 = CARTESIAN_POINT('',(3.5,-3.5));
#6227 = VECTOR('',#6228,1.);
#6228 = DIRECTION('',(0.,1.));
#6229 = ( GEOMETRIC_REPRESENTATION_CONTEXT(2) 
PARAMETRIC_REPRESENTATION_CONTEXT() REPRESENTATION_CONTEXT('2D SPACE',''
  ) );
#6230 = PCURVE('',#6178,#6231);
#6231 = DEFINITIONAL_REPRESENTATION('',(#6232),#6236);
#6232 = LINE('',#6233,#6234);
#6233 = CARTESIAN_POINT('',(0.,0.));
#6234 = VECTOR('',#6235,1.);
#6235 = DIRECTION('',(0.,1.));
#6236 = ( GEOMETRIC_REPRESENTATION_CONTEXT(2) 
PARAMETRIC_REPRESENTATION_CONTEXT() REPRESENTATION_CONTEXT('2D SPACE',''
  ) );
#6237 = ADVANCED_FACE('',(#6238),#4808,.T.);
#6238 = FACE_BOUND('',#6239,.T.);
#6239 = EDGE_LOOP('',(#6240,#6241,#6270));
#6240 = ORIENTED_EDGE('',*,*,#4792,.F.);
#6241 = ORIENTED_EDGE('',*,*,#6242,.T.);
#6242 = EDGE_CURVE('',#4764,#6243,#6245,.T.);
#6243 = VERTEX_POINT('',#6244);
#6244 = CARTESIAN_POINT('',(9.804965,-10.94818792991,0.));
#6245 = SURFACE_CURVE('',#6246,(#6251,#6258),.PCURVE_S1.);
#6246 = CIRCLE('',#6247,3.5);
#6247 = AXIS2_PLACEMENT_3D('',#6248,#6249,#6250);
#6248 = CARTESIAN_POINT('',(9.204965,-7.5,0.));
#6249 = DIRECTION('',(0.,0.,1.));
#6250 = DIRECTION('',(1.,0.,-0.));
#6251 = PCURVE('',#4808,#6252);
#6252 = DEFINITIONAL_REPRESENTATION('',(#6253),#6257);
#6253 = CIRCLE('',#6254,3.5);
#6254 = AXIS2_PLACEMENT_2D('',#6255,#6256);
#6255 = CARTESIAN_POINT('',(0.,10.770142));
#6256 = DIRECTION('',(1.,0.));
#6257 = ( GEOMETRIC_REPRESENTATION_CONTEXT(2) 
PARAMETRIC_REPRESENTATION_CONTEXT() REPRESENTATION_CONTEXT('2D SPACE',''
  ) );
#6258 = PCURVE('',#6259,#6264);
#6259 = PLANE('',#6260);
#6260 = AXIS2_PLACEMENT_3D('',#6261,#6262,#6263);
#6261 = CARTESIAN_POINT('',(9.204965,-18.270142,0.));
#6262 = DIRECTION('',(0.,0.,1.));
#6263 = DIRECTION('',(1.,0.,-0.));
#6264 = DEFINITIONAL_REPRESENTATION('',(#6265),#6269);
#6265 = CIRCLE('',#6266,3.5);
#6266 = AXIS2_PLACEMENT_2D('',#6267,#6268);
#6267 = CARTESIAN_POINT('',(0.,10.770142));
#6268 = DIRECTION('',(1.,0.));
#6269 = ( GEOMETRIC_REPRESENTATION_CONTEXT(2) 
PARAMETRIC_REPRESENTATION_CONTEXT() REPRESENTATION_CONTEXT('2D SPACE',''
  ) );
#6270 = ORIENTED_EDGE('',*,*,#6271,.F.);
#6271 = EDGE_CURVE('',#4793,#6243,#6272,.T.);
#6272 = SURFACE_CURVE('',#6273,(#6278,#6285),.PCURVE_S1.);
#6273 = CIRCLE('',#6274,3.5);
#6274 = AXIS2_PLACEMENT_3D('',#6275,#6276,#6277);
#6275 = CARTESIAN_POINT('',(10.404965,-7.5,0.));
#6276 = DIRECTION('',(0.,0.,1.));
#6277 = DIRECTION('',(1.,0.,-0.));
#6278 = PCURVE('',#4808,#6279);
#6279 = DEFINITIONAL_REPRESENTATION('',(#6280),#6284);
#6280 = CIRCLE('',#6281,3.5);
#6281 = AXIS2_PLACEMENT_2D('',#6282,#6283);
#6282 = CARTESIAN_POINT('',(1.2,10.770142));
#6283 = DIRECTION('',(1.,0.));
#6284 = ( GEOMETRIC_REPRESENTATION_CONTEXT(2) 
PARAMETRIC_REPRESENTATION_CONTEXT() REPRESENTATION_CONTEXT('2D SPACE',''
  ) );
#6285 = PCURVE('',#6178,#6286);
#6286 = DEFINITIONAL_REPRESENTATION('',(#6287),#6291);
#6287 = CIRCLE('',#6288,3.5);
#6288 = AXIS2_PLACEMENT_2D('',#6289,#6290);
#6289 = CARTESIAN_POINT('',(1.2,10.770142));
#6290 = DIRECTION('',(1.,0.));
#6291 = ( GEOMETRIC_REPRESENTATION_CONTEXT(2) 
PARAMETRIC_REPRESENTATION_CONTEXT() REPRESENTATION_CONTEXT('2D SPACE',''
  ) );
#6292 = ADVANCED_FACE('',(#6293),#4780,.T.);
#6293 = FACE_BOUND('',#6294,.T.);
#6294 = EDGE_LOOP('',(#6295,#6296,#6297,#6326));
#6295 = ORIENTED_EDGE('',*,*,#4763,.F.);
#6296 = ORIENTED_EDGE('',*,*,#4996,.F.);
#6297 = ORIENTED_EDGE('',*,*,#6298,.F.);
#6298 = EDGE_CURVE('',#6299,#4942,#6301,.T.);
#6299 = VERTEX_POINT('',#6300);
#6300 = CARTESIAN_POINT('',(9.204965,-11.270142,0.));
#6301 = SURFACE_CURVE('',#6302,(#6307,#6314),.PCURVE_S1.);
#6302 = CIRCLE('',#6303,3.5);
#6303 = AXIS2_PLACEMENT_3D('',#6304,#6305,#6306);
#6304 = CARTESIAN_POINT('',(9.204965,-14.770142,0.));
#6305 = DIRECTION('',(0.,0.,1.));
#6306 = DIRECTION('',(1.,0.,-0.));
#6307 = PCURVE('',#4780,#6308);
#6308 = DEFINITIONAL_REPRESENTATION('',(#6309),#6313);
#6309 = CIRCLE('',#6310,3.5);
#6310 = AXIS2_PLACEMENT_2D('',#6311,#6312);
#6311 = CARTESIAN_POINT('',(3.5,0.));
#6312 = DIRECTION('',(1.,0.));
#6313 = ( GEOMETRIC_REPRESENTATION_CONTEXT(2) 
PARAMETRIC_REPRESENTATION_CONTEXT() REPRESENTATION_CONTEXT('2D SPACE',''
  ) );
#6314 = PCURVE('',#6315,#6320);
#6315 = PLANE('',#6316);
#6316 = AXIS2_PLACEMENT_3D('',#6317,#6318,#6319);
#6317 = CARTESIAN_POINT('',(5.704965,-14.770142,0.));
#6318 = DIRECTION('',(0.,0.,1.));
#6319 = DIRECTION('',(1.,0.,-0.));
#6320 = DEFINITIONAL_REPRESENTATION('',(#6321),#6325);
#6321 = CIRCLE('',#6322,3.5);
#6322 = AXIS2_PLACEMENT_2D('',#6323,#6324);
#6323 = CARTESIAN_POINT('',(3.5,0.));
#6324 = DIRECTION('',(1.,0.));
#6325 = ( GEOMETRIC_REPRESENTATION_CONTEXT(2) 
PARAMETRIC_REPRESENTATION_CONTEXT() REPRESENTATION_CONTEXT('2D SPACE',''
  ) );
#6326 = ORIENTED_EDGE('',*,*,#6327,.T.);
#6327 = EDGE_CURVE('',#6299,#4764,#6328,.T.);
#6328 = SURFACE_CURVE('',#6329,(#6333,#6340),.PCURVE_S1.);
#6329 = LINE('',#6330,#6331);
#6330 = CARTESIAN_POINT('',(9.204965,-18.270142,0.));
#6331 = VECTOR('',#6332,1.);
#6332 = DIRECTION('',(-0.,1.,0.));
#6333 = PCURVE('',#4780,#6334);
#6334 = DEFINITIONAL_REPRESENTATION('',(#6335),#6339);
#6335 = LINE('',#6336,#6337);
#6336 = CARTESIAN_POINT('',(3.5,-3.5));
#6337 = VECTOR('',#6338,1.);
#6338 = DIRECTION('',(0.,1.));
#6339 = ( GEOMETRIC_REPRESENTATION_CONTEXT(2) 
PARAMETRIC_REPRESENTATION_CONTEXT() REPRESENTATION_CONTEXT('2D SPACE',''
  ) );
#6340 = PCURVE('',#6259,#6341);
#6341 = DEFINITIONAL_REPRESENTATION('',(#6342),#6346);
#6342 = LINE('',#6343,#6344);
#6343 = CARTESIAN_POINT('',(0.,0.));
#6344 = VECTOR('',#6345,1.);
#6345 = DIRECTION('',(0.,1.));
#6346 = ( GEOMETRIC_REPRESENTATION_CONTEXT(2) 
PARAMETRIC_REPRESENTATION_CONTEXT() REPRESENTATION_CONTEXT('2D SPACE',''
  ) );
#6347 = ADVANCED_FACE('',(#6348),#4957,.T.);
#6348 = FACE_BOUND('',#6349,.T.);
#6349 = EDGE_LOOP('',(#6350,#6379,#6380,#6409));
#6350 = ORIENTED_EDGE('',*,*,#6351,.F.);
#6351 = EDGE_CURVE('',#4942,#6352,#6354,.T.);
#6352 = VERTEX_POINT('',#6353);
#6353 = CARTESIAN_POINT('',(9.204965,-18.270142,0.));
#6354 = SURFACE_CURVE('',#6355,(#6360,#6367),.PCURVE_S1.);
#6355 = CIRCLE('',#6356,3.5);
#6356 = AXIS2_PLACEMENT_3D('',#6357,#6358,#6359);
#6357 = CARTESIAN_POINT('',(9.204965,-14.770142,0.));
#6358 = DIRECTION('',(0.,0.,1.));
#6359 = DIRECTION('',(1.,0.,-0.));
#6360 = PCURVE('',#4957,#6361);
#6361 = DEFINITIONAL_REPRESENTATION('',(#6362),#6366);
#6362 = LINE('',#6363,#6364);
#6363 = CARTESIAN_POINT('',(0.,1.8));
#6364 = VECTOR('',#6365,1.);
#6365 = DIRECTION('',(1.,0.));
#6366 = ( GEOMETRIC_REPRESENTATION_CONTEXT(2) 
PARAMETRIC_REPRESENTATION_CONTEXT() REPRESENTATION_CONTEXT('2D SPACE',''
  ) );
#6367 = PCURVE('',#6368,#6373);
#6368 = PLANE('',#6369);
#6369 = AXIS2_PLACEMENT_3D('',#6370,#6371,#6372);
#6370 = CARTESIAN_POINT('',(9.204965,-14.770142,0.));
#6371 = DIRECTION('',(0.,0.,1.));
#6372 = DIRECTION('',(1.,0.,-0.));
#6373 = DEFINITIONAL_REPRESENTATION('',(#6374),#6378);
#6374 = CIRCLE('',#6375,3.5);
#6375 = AXIS2_PLACEMENT_2D('',#6376,#6377);
#6376 = CARTESIAN_POINT('',(0.,0.));
#6377 = DIRECTION('',(1.,0.));
#6378 = ( GEOMETRIC_REPRESENTATION_CONTEXT(2) 
PARAMETRIC_REPRESENTATION_CONTEXT() REPRESENTATION_CONTEXT('2D SPACE',''
  ) );
#6379 = ORIENTED_EDGE('',*,*,#4939,.F.);
#6380 = ORIENTED_EDGE('',*,*,#6381,.T.);
#6381 = EDGE_CURVE('',#4940,#6382,#6384,.T.);
#6382 = VERTEX_POINT('',#6383);
#6383 = CARTESIAN_POINT('',(9.204965,-18.270142,-1.8));
#6384 = SURFACE_CURVE('',#6385,(#6390,#6397),.PCURVE_S1.);
#6385 = CIRCLE('',#6386,3.5);
#6386 = AXIS2_PLACEMENT_3D('',#6387,#6388,#6389);
#6387 = CARTESIAN_POINT('',(9.204965,-14.770142,-1.8));
#6388 = DIRECTION('',(0.,0.,1.));
#6389 = DIRECTION('',(1.,0.,-0.));
#6390 = PCURVE('',#4957,#6391);
#6391 = DEFINITIONAL_REPRESENTATION('',(#6392),#6396);
#6392 = LINE('',#6393,#6394);
#6393 = CARTESIAN_POINT('',(0.,0.));
#6394 = VECTOR('',#6395,1.);
#6395 = DIRECTION('',(1.,0.));
#6396 = ( GEOMETRIC_REPRESENTATION_CONTEXT(2) 
PARAMETRIC_REPRESENTATION_CONTEXT() REPRESENTATION_CONTEXT('2D SPACE',''
  ) );
#6397 = PCURVE('',#6398,#6403);
#6398 = PLANE('',#6399);
#6399 = AXIS2_PLACEMENT_3D('',#6400,#6401,#6402);
#6400 = CARTESIAN_POINT('',(9.204965,-14.770142,-1.8));
#6401 = DIRECTION('',(0.,0.,1.));
#6402 = DIRECTION('',(1.,0.,-0.));
#6403 = DEFINITIONAL_REPRESENTATION('',(#6404),#6408);
#6404 = CIRCLE('',#6405,3.5);
#6405 = AXIS2_PLACEMENT_2D('',#6406,#6407);
#6406 = CARTESIAN_POINT('',(0.,0.));
#6407 = DIRECTION('',(1.,0.));
#6408 = ( GEOMETRIC_REPRESENTATION_CONTEXT(2) 
PARAMETRIC_REPRESENTATION_CONTEXT() REPRESENTATION_CONTEXT('2D SPACE',''
  ) );
#6409 = ORIENTED_EDGE('',*,*,#6410,.T.);
#6410 = EDGE_CURVE('',#6382,#6352,#6411,.T.);
#6411 = SURFACE_CURVE('',#6412,(#6416,#6423),.PCURVE_S1.);
#6412 = LINE('',#6413,#6414);
#6413 = CARTESIAN_POINT('',(9.204965,-18.270142,-1.8));
#6414 = VECTOR('',#6415,1.);
#6415 = DIRECTION('',(0.,0.,1.));
#6416 = PCURVE('',#4957,#6417);
#6417 = DEFINITIONAL_REPRESENTATION('',(#6418),#6422);
#6418 = LINE('',#6419,#6420);
#6419 = CARTESIAN_POINT('',(4.712388980385,0.));
#6420 = VECTOR('',#6421,1.);
#6421 = DIRECTION('',(0.,1.));
#6422 = ( GEOMETRIC_REPRESENTATION_CONTEXT(2) 
PARAMETRIC_REPRESENTATION_CONTEXT() REPRESENTATION_CONTEXT('2D SPACE',''
  ) );
#6423 = PCURVE('',#6424,#6429);
#6424 = PLANE('',#6425);
#6425 = AXIS2_PLACEMENT_3D('',#6426,#6427,#6428);
#6426 = CARTESIAN_POINT('',(9.204965,-18.270142,-1.8));
#6427 = DIRECTION('',(-0.,1.,0.));
#6428 = DIRECTION('',(0.,0.,1.));
#6429 = DEFINITIONAL_REPRESENTATION('',(#6430),#6434);
#6430 = LINE('',#6431,#6432);
#6431 = CARTESIAN_POINT('',(0.,0.));
#6432 = VECTOR('',#6433,1.);
#6433 = DIRECTION('',(1.,0.));
#6434 = ( GEOMETRIC_REPRESENTATION_CONTEXT(2) 
PARAMETRIC_REPRESENTATION_CONTEXT() REPRESENTATION_CONTEXT('2D SPACE',''
  ) );
#6435 = ADVANCED_FACE('',(#6436),#4983,.F.);
#6436 = FACE_BOUND('',#6437,.F.);
#6437 = EDGE_LOOP('',(#6438,#6462,#6463,#6492,#6521));
#6438 = ORIENTED_EDGE('',*,*,#6439,.F.);
#6439 = EDGE_CURVE('',#3131,#6440,#6442,.T.);
#6440 = VERTEX_POINT('',#6441);
#6441 = CARTESIAN_POINT('',(9.204965,-11.,-1.8));
#6442 = SURFACE_CURVE('',#6443,(#6448,#6455),.PCURVE_S1.);
#6443 = CIRCLE('',#6444,3.5);
#6444 = AXIS2_PLACEMENT_3D('',#6445,#6446,#6447);
#6445 = CARTESIAN_POINT('',(9.204965,-7.5,-1.8));
#6446 = DIRECTION('',(0.,0.,1.));
#6447 = DIRECTION('',(1.,0.,-0.));
#6448 = PCURVE('',#4983,#6449);
#6449 = DEFINITIONAL_REPRESENTATION('',(#6450),#6454);
#6450 = CIRCLE('',#6451,3.5);
#6451 = AXIS2_PLACEMENT_2D('',#6452,#6453);
#6452 = CARTESIAN_POINT('',(3.5,7.270142));
#6453 = DIRECTION('',(1.,0.));
#6454 = ( GEOMETRIC_REPRESENTATION_CONTEXT(2) 
PARAMETRIC_REPRESENTATION_CONTEXT() REPRESENTATION_CONTEXT('2D SPACE',''
  ) );
#6455 = PCURVE('',#5092,#6456);
#6456 = DEFINITIONAL_REPRESENTATION('',(#6457),#6461);
#6457 = CIRCLE('',#6458,3.5);
#6458 = AXIS2_PLACEMENT_2D('',#6459,#6460);
#6459 = CARTESIAN_POINT('',(3.5,7.270142));
#6460 = DIRECTION('',(1.,0.));
#6461 = ( GEOMETRIC_REPRESENTATION_CONTEXT(2) 
PARAMETRIC_REPRESENTATION_CONTEXT() REPRESENTATION_CONTEXT('2D SPACE',''
  ) );
#6462 = ORIENTED_EDGE('',*,*,#4969,.F.);
#6463 = ORIENTED_EDGE('',*,*,#6464,.F.);
#6464 = EDGE_CURVE('',#6465,#4940,#6467,.T.);
#6465 = VERTEX_POINT('',#6466);
#6466 = CARTESIAN_POINT('',(8.564131836804,-11.3293088368,-1.8));
#6467 = SURFACE_CURVE('',#6468,(#6473,#6480),.PCURVE_S1.);
#6468 = CIRCLE('',#6469,3.5);
#6469 = AXIS2_PLACEMENT_3D('',#6470,#6471,#6472);
#6470 = CARTESIAN_POINT('',(9.204965,-14.770142,-1.8));
#6471 = DIRECTION('',(0.,0.,1.));
#6472 = DIRECTION('',(1.,0.,-0.));
#6473 = PCURVE('',#4983,#6474);
#6474 = DEFINITIONAL_REPRESENTATION('',(#6475),#6479);
#6475 = CIRCLE('',#6476,3.5);
#6476 = AXIS2_PLACEMENT_2D('',#6477,#6478);
#6477 = CARTESIAN_POINT('',(3.5,0.));
#6478 = DIRECTION('',(1.,0.));
#6479 = ( GEOMETRIC_REPRESENTATION_CONTEXT(2) 
PARAMETRIC_REPRESENTATION_CONTEXT() REPRESENTATION_CONTEXT('2D SPACE',''
  ) );
#6480 = PCURVE('',#6481,#6486);
#6481 = PLANE('',#6482);
#6482 = AXIS2_PLACEMENT_3D('',#6483,#6484,#6485);
#6483 = CARTESIAN_POINT('',(5.704965,-14.770142,-1.8));
#6484 = DIRECTION('',(0.,0.,1.));
#6485 = DIRECTION('',(1.,0.,-0.));
#6486 = DEFINITIONAL_REPRESENTATION('',(#6487),#6491);
#6487 = CIRCLE('',#6488,3.5);
#6488 = AXIS2_PLACEMENT_2D('',#6489,#6490);
#6489 = CARTESIAN_POINT('',(3.5,0.));
#6490 = DIRECTION('',(1.,0.));
#6491 = ( GEOMETRIC_REPRESENTATION_CONTEXT(2) 
PARAMETRIC_REPRESENTATION_CONTEXT() REPRESENTATION_CONTEXT('2D SPACE',''
  ) );
#6492 = ORIENTED_EDGE('',*,*,#6493,.F.);
#6493 = EDGE_CURVE('',#6494,#6465,#6496,.T.);
#6494 = VERTEX_POINT('',#6495);
#6495 = CARTESIAN_POINT('',(9.204965,-11.12876073485,-1.8));
#6496 = SURFACE_CURVE('',#6497,(#6502,#6509),.PCURVE_S1.);
#6497 = CIRCLE('',#6498,3.1);
#6498 = AXIS2_PLACEMENT_3D('',#6499,#6500,#6501);
#6499 = CARTESIAN_POINT('',(9.804965,-14.170142,-1.8));
#6500 = DIRECTION('',(0.,0.,1.));
#6501 = DIRECTION('',(1.,0.,-0.));
#6502 = PCURVE('',#4983,#6503);
#6503 = DEFINITIONAL_REPRESENTATION('',(#6504),#6508);
#6504 = CIRCLE('',#6505,3.1);
#6505 = AXIS2_PLACEMENT_2D('',#6506,#6507);
#6506 = CARTESIAN_POINT('',(4.1,0.6));
#6507 = DIRECTION('',(1.,0.));
#6508 = ( GEOMETRIC_REPRESENTATION_CONTEXT(2) 
PARAMETRIC_REPRESENTATION_CONTEXT() REPRESENTATION_CONTEXT('2D SPACE',''
  ) );
#6509 = PCURVE('',#6510,#6515);
#6510 = CYLINDRICAL_SURFACE('',#6511,3.1);
#6511 = AXIS2_PLACEMENT_3D('',#6512,#6513,#6514);
#6512 = CARTESIAN_POINT('',(9.804965,-14.170142,-1.9));
#6513 = DIRECTION('',(0.,0.,1.));
#6514 = DIRECTION('',(1.,0.,-0.));
#6515 = DEFINITIONAL_REPRESENTATION('',(#6516),#6520);
#6516 = LINE('',#6517,#6518);
#6517 = CARTESIAN_POINT('',(0.,1.E-01));
#6518 = VECTOR('',#6519,1.);
#6519 = DIRECTION('',(1.,0.));
#6520 = ( GEOMETRIC_REPRESENTATION_CONTEXT(2) 
PARAMETRIC_REPRESENTATION_CONTEXT() REPRESENTATION_CONTEXT('2D SPACE',''
  ) );
#6521 = ORIENTED_EDGE('',*,*,#6522,.T.);
#6522 = EDGE_CURVE('',#6494,#6440,#6523,.T.);
#6523 = SURFACE_CURVE('',#6524,(#6528,#6535),.PCURVE_S1.);
#6524 = LINE('',#6525,#6526);
#6525 = CARTESIAN_POINT('',(9.204965,-18.270142,-1.8));
#6526 = VECTOR('',#6527,1.);
#6527 = DIRECTION('',(-0.,1.,0.));
#6528 = PCURVE('',#4983,#6529);
#6529 = DEFINITIONAL_REPRESENTATION('',(#6530),#6534);
#6530 = LINE('',#6531,#6532);
#6531 = CARTESIAN_POINT('',(3.5,-3.5));
#6532 = VECTOR('',#6533,1.);
#6533 = DIRECTION('',(0.,1.));
#6534 = ( GEOMETRIC_REPRESENTATION_CONTEXT(2) 
PARAMETRIC_REPRESENTATION_CONTEXT() REPRESENTATION_CONTEXT('2D SPACE',''
  ) );
#6535 = PCURVE('',#6536,#6541);
#6536 = PLANE('',#6537);
#6537 = AXIS2_PLACEMENT_3D('',#6538,#6539,#6540);
#6538 = CARTESIAN_POINT('',(9.204965,-18.270142,-1.8));
#6539 = DIRECTION('',(0.,0.,1.));
#6540 = DIRECTION('',(1.,0.,-0.));
#6541 = DEFINITIONAL_REPRESENTATION('',(#6542),#6546);
#6542 = LINE('',#6543,#6544);
#6543 = CARTESIAN_POINT('',(0.,0.));
#6544 = VECTOR('',#6545,1.);
#6545 = DIRECTION('',(0.,1.));
#6546 = ( GEOMETRIC_REPRESENTATION_CONTEXT(2) 
PARAMETRIC_REPRESENTATION_CONTEXT() REPRESENTATION_CONTEXT('2D SPACE',''
  ) );
#6547 = ADVANCED_FACE('',(#6548),#5039,.F.);
#6548 = FACE_BOUND('',#6549,.F.);
#6549 = EDGE_LOOP('',(#6550,#6578,#6604));
#6550 = ORIENTED_EDGE('',*,*,#6551,.T.);
#6551 = EDGE_CURVE('',#5023,#6552,#6554,.T.);
#6552 = VERTEX_POINT('',#6553);
#6553 = CARTESIAN_POINT('',(9.204965,-7.5,-1.8));
#6554 = SURFACE_CURVE('',#6555,(#6559,#6566),.PCURVE_S1.);
#6555 = LINE('',#6556,#6557);
#6556 = CARTESIAN_POINT('',(5.704965,-7.5,-1.8));
#6557 = VECTOR('',#6558,1.);
#6558 = DIRECTION('',(1.,0.,-0.));
#6559 = PCURVE('',#5039,#6560);
#6560 = DEFINITIONAL_REPRESENTATION('',(#6561),#6565);
#6561 = LINE('',#6562,#6563);
#6562 = CARTESIAN_POINT('',(-3.5,0.));
#6563 = VECTOR('',#6564,1.);
#6564 = DIRECTION('',(1.,0.));
#6565 = ( GEOMETRIC_REPRESENTATION_CONTEXT(2) 
PARAMETRIC_REPRESENTATION_CONTEXT() REPRESENTATION_CONTEXT('2D SPACE',''
  ) );
#6566 = PCURVE('',#6567,#6572);
#6567 = PLANE('',#6568);
#6568 = AXIS2_PLACEMENT_3D('',#6569,#6570,#6571);
#6569 = CARTESIAN_POINT('',(5.704965,-14.770142,-1.8));
#6570 = DIRECTION('',(0.,0.,1.));
#6571 = DIRECTION('',(1.,0.,-0.));
#6572 = DEFINITIONAL_REPRESENTATION('',(#6573),#6577);
#6573 = LINE('',#6574,#6575);
#6574 = CARTESIAN_POINT('',(0.,7.270142));
#6575 = VECTOR('',#6576,1.);
#6576 = DIRECTION('',(1.,0.));
#6577 = ( GEOMETRIC_REPRESENTATION_CONTEXT(2) 
PARAMETRIC_REPRESENTATION_CONTEXT() REPRESENTATION_CONTEXT('2D SPACE',''
  ) );
#6578 = ORIENTED_EDGE('',*,*,#6579,.T.);
#6579 = EDGE_CURVE('',#6552,#5021,#6580,.T.);
#6580 = SURFACE_CURVE('',#6581,(#6585,#6592),.PCURVE_S1.);
#6581 = LINE('',#6582,#6583);
#6582 = CARTESIAN_POINT('',(9.204965,-18.270142,-1.8));
#6583 = VECTOR('',#6584,1.);
#6584 = DIRECTION('',(-0.,1.,0.));
#6585 = PCURVE('',#5039,#6586);
#6586 = DEFINITIONAL_REPRESENTATION('',(#6587),#6591);
#6587 = LINE('',#6588,#6589);
#6588 = CARTESIAN_POINT('',(0.,-10.770142));
#6589 = VECTOR('',#6590,1.);
#6590 = DIRECTION('',(0.,1.));
#6591 = ( GEOMETRIC_REPRESENTATION_CONTEXT(2) 
PARAMETRIC_REPRESENTATION_CONTEXT() REPRESENTATION_CONTEXT('2D SPACE',''
  ) );
#6592 = PCURVE('',#6593,#6598);
#6593 = PLANE('',#6594);
#6594 = AXIS2_PLACEMENT_3D('',#6595,#6596,#6597);
#6595 = CARTESIAN_POINT('',(9.204965,-18.270142,-1.8));
#6596 = DIRECTION('',(0.,0.,1.));
#6597 = DIRECTION('',(1.,0.,-0.));
#6598 = DEFINITIONAL_REPRESENTATION('',(#6599),#6603);
#6599 = LINE('',#6600,#6601);
#6600 = CARTESIAN_POINT('',(0.,0.));
#6601 = VECTOR('',#6602,1.);
#6602 = DIRECTION('',(0.,1.));
#6603 = ( GEOMETRIC_REPRESENTATION_CONTEXT(2) 
PARAMETRIC_REPRESENTATION_CONTEXT() REPRESENTATION_CONTEXT('2D SPACE',''
  ) );
#6604 = ORIENTED_EDGE('',*,*,#5020,.T.);
#6605 = ADVANCED_FACE('',(#6606),#5092,.F.);
#6606 = FACE_BOUND('',#6607,.F.);
#6607 = EDGE_LOOP('',(#6608,#6609,#6610,#6638));
#6608 = ORIENTED_EDGE('',*,*,#5078,.F.);
#6609 = ORIENTED_EDGE('',*,*,#6439,.T.);
#6610 = ORIENTED_EDGE('',*,*,#6611,.T.);
#6611 = EDGE_CURVE('',#6440,#6612,#6614,.T.);
#6612 = VERTEX_POINT('',#6613);
#6613 = CARTESIAN_POINT('',(9.204965,-10.78785644455,-1.8));
#6614 = SURFACE_CURVE('',#6615,(#6619,#6626),.PCURVE_S1.);
#6615 = LINE('',#6616,#6617);
#6616 = CARTESIAN_POINT('',(9.204965,-18.270142,-1.8));
#6617 = VECTOR('',#6618,1.);
#6618 = DIRECTION('',(-0.,1.,0.));
#6619 = PCURVE('',#5092,#6620);
#6620 = DEFINITIONAL_REPRESENTATION('',(#6621),#6625);
#6621 = LINE('',#6622,#6623);
#6622 = CARTESIAN_POINT('',(3.5,-3.5));
#6623 = VECTOR('',#6624,1.);
#6624 = DIRECTION('',(0.,1.));
#6625 = ( GEOMETRIC_REPRESENTATION_CONTEXT(2) 
PARAMETRIC_REPRESENTATION_CONTEXT() REPRESENTATION_CONTEXT('2D SPACE',''
  ) );
#6626 = PCURVE('',#6627,#6632);
#6627 = PLANE('',#6628);
#6628 = AXIS2_PLACEMENT_3D('',#6629,#6630,#6631);
#6629 = CARTESIAN_POINT('',(9.204965,-18.270142,-1.8));
#6630 = DIRECTION('',(0.,0.,1.));
#6631 = DIRECTION('',(1.,0.,-0.));
#6632 = DEFINITIONAL_REPRESENTATION('',(#6633),#6637);
#6633 = LINE('',#6634,#6635);
#6634 = CARTESIAN_POINT('',(0.,0.));
#6635 = VECTOR('',#6636,1.);
#6636 = DIRECTION('',(0.,1.));
#6637 = ( GEOMETRIC_REPRESENTATION_CONTEXT(2) 
PARAMETRIC_REPRESENTATION_CONTEXT() REPRESENTATION_CONTEXT('2D SPACE',''
  ) );
#6638 = ORIENTED_EDGE('',*,*,#6639,.F.);
#6639 = EDGE_CURVE('',#5023,#6612,#6640,.T.);
#6640 = SURFACE_CURVE('',#6641,(#6646,#6653),.PCURVE_S1.);
#6641 = CIRCLE('',#6642,3.5);
#6642 = AXIS2_PLACEMENT_3D('',#6643,#6644,#6645);
#6643 = CARTESIAN_POINT('',(10.404965,-7.5,-1.8));
#6644 = DIRECTION('',(0.,0.,1.));
#6645 = DIRECTION('',(1.,0.,-0.));
#6646 = PCURVE('',#5092,#6647);
#6647 = DEFINITIONAL_REPRESENTATION('',(#6648),#6652);
#6648 = CIRCLE('',#6649,3.5);
#6649 = AXIS2_PLACEMENT_2D('',#6650,#6651);
#6650 = CARTESIAN_POINT('',(4.7,7.270142));
#6651 = DIRECTION('',(1.,0.));
#6652 = ( GEOMETRIC_REPRESENTATION_CONTEXT(2) 
PARAMETRIC_REPRESENTATION_CONTEXT() REPRESENTATION_CONTEXT('2D SPACE',''
  ) );
#6653 = PCURVE('',#6567,#6654);
#6654 = DEFINITIONAL_REPRESENTATION('',(#6655),#6659);
#6655 = CIRCLE('',#6656,3.5);
#6656 = AXIS2_PLACEMENT_2D('',#6657,#6658);
#6657 = CARTESIAN_POINT('',(4.7,7.270142));
#6658 = DIRECTION('',(1.,0.));
#6659 = ( GEOMETRIC_REPRESENTATION_CONTEXT(2) 
PARAMETRIC_REPRESENTATION_CONTEXT() REPRESENTATION_CONTEXT('2D SPACE',''
  ) );
#6660 = ADVANCED_FACE('',(#6661),#5065,.F.);
#6661 = FACE_BOUND('',#6662,.F.);
#6662 = EDGE_LOOP('',(#6663,#6664,#6688));
#6663 = ORIENTED_EDGE('',*,*,#5051,.F.);
#6664 = ORIENTED_EDGE('',*,*,#6665,.F.);
#6665 = EDGE_CURVE('',#6666,#5021,#6668,.T.);
#6666 = VERTEX_POINT('',#6667);
#6667 = CARTESIAN_POINT('',(9.804965,-4.051812070087,-1.8));
#6668 = SURFACE_CURVE('',#6669,(#6674,#6681),.PCURVE_S1.);
#6669 = CIRCLE('',#6670,3.5);
#6670 = AXIS2_PLACEMENT_3D('',#6671,#6672,#6673);
#6671 = CARTESIAN_POINT('',(10.404965,-7.5,-1.8));
#6672 = DIRECTION('',(0.,0.,1.));
#6673 = DIRECTION('',(1.,0.,-0.));
#6674 = PCURVE('',#5065,#6675);
#6675 = DEFINITIONAL_REPRESENTATION('',(#6676),#6680);
#6676 = CIRCLE('',#6677,3.5);
#6677 = AXIS2_PLACEMENT_2D('',#6678,#6679);
#6678 = CARTESIAN_POINT('',(1.2,10.770142));
#6679 = DIRECTION('',(1.,0.));
#6680 = ( GEOMETRIC_REPRESENTATION_CONTEXT(2) 
PARAMETRIC_REPRESENTATION_CONTEXT() REPRESENTATION_CONTEXT('2D SPACE',''
  ) );
#6681 = PCURVE('',#6593,#6682);
#6682 = DEFINITIONAL_REPRESENTATION('',(#6683),#6687);
#6683 = CIRCLE('',#6684,3.5);
#6684 = AXIS2_PLACEMENT_2D('',#6685,#6686);
#6685 = CARTESIAN_POINT('',(1.2,10.770142));
#6686 = DIRECTION('',(1.,0.));
#6687 = ( GEOMETRIC_REPRESENTATION_CONTEXT(2) 
PARAMETRIC_REPRESENTATION_CONTEXT() REPRESENTATION_CONTEXT('2D SPACE',''
  ) );
#6688 = ORIENTED_EDGE('',*,*,#6689,.T.);
#6689 = EDGE_CURVE('',#6666,#3103,#6690,.T.);
#6690 = SURFACE_CURVE('',#6691,(#6696,#6703),.PCURVE_S1.);
#6691 = CIRCLE('',#6692,3.5);
#6692 = AXIS2_PLACEMENT_3D('',#6693,#6694,#6695);
#6693 = CARTESIAN_POINT('',(9.204965,-7.5,-1.8));
#6694 = DIRECTION('',(0.,0.,1.));
#6695 = DIRECTION('',(1.,0.,-0.));
#6696 = PCURVE('',#5065,#6697);
#6697 = DEFINITIONAL_REPRESENTATION('',(#6698),#6702);
#6698 = CIRCLE('',#6699,3.5);
#6699 = AXIS2_PLACEMENT_2D('',#6700,#6701);
#6700 = CARTESIAN_POINT('',(0.,10.770142));
#6701 = DIRECTION('',(1.,0.));
#6702 = ( GEOMETRIC_REPRESENTATION_CONTEXT(2) 
PARAMETRIC_REPRESENTATION_CONTEXT() REPRESENTATION_CONTEXT('2D SPACE',''
  ) );
#6703 = PCURVE('',#5122,#6704);
#6704 = DEFINITIONAL_REPRESENTATION('',(#6705),#6709);
#6705 = CIRCLE('',#6706,3.5);
#6706 = AXIS2_PLACEMENT_2D('',#6707,#6708);
#6707 = CARTESIAN_POINT('',(0.,10.770142));
#6708 = DIRECTION('',(1.,0.));
#6709 = ( GEOMETRIC_REPRESENTATION_CONTEXT(2) 
PARAMETRIC_REPRESENTATION_CONTEXT() REPRESENTATION_CONTEXT('2D SPACE',''
  ) );
#6710 = ADVANCED_FACE('',(#6711),#5122,.F.);
#6711 = FACE_BOUND('',#6712,.F.);
#6712 = EDGE_LOOP('',(#6713,#6735,#6736));
#6713 = ORIENTED_EDGE('',*,*,#6714,.F.);
#6714 = EDGE_CURVE('',#3833,#6666,#6715,.T.);
#6715 = SURFACE_CURVE('',#6716,(#6721,#6728),.PCURVE_S1.);
#6716 = CIRCLE('',#6717,3.5);
#6717 = AXIS2_PLACEMENT_3D('',#6718,#6719,#6720);
#6718 = CARTESIAN_POINT('',(10.404965,-7.5,-1.8));
#6719 = DIRECTION('',(0.,0.,1.));
#6720 = DIRECTION('',(1.,0.,-0.));
#6721 = PCURVE('',#5122,#6722);
#6722 = DEFINITIONAL_REPRESENTATION('',(#6723),#6727);
#6723 = CIRCLE('',#6724,3.5);
#6724 = AXIS2_PLACEMENT_2D('',#6725,#6726);
#6725 = CARTESIAN_POINT('',(1.2,10.770142));
#6726 = DIRECTION('',(1.,0.));
#6727 = ( GEOMETRIC_REPRESENTATION_CONTEXT(2) 
PARAMETRIC_REPRESENTATION_CONTEXT() REPRESENTATION_CONTEXT('2D SPACE',''
  ) );
#6728 = PCURVE('',#5679,#6729);
#6729 = DEFINITIONAL_REPRESENTATION('',(#6730),#6734);
#6730 = CIRCLE('',#6731,3.5);
#6731 = AXIS2_PLACEMENT_2D('',#6732,#6733);
#6732 = CARTESIAN_POINT('',(1.2,10.770142));
#6733 = DIRECTION('',(1.,0.));
#6734 = ( GEOMETRIC_REPRESENTATION_CONTEXT(2) 
PARAMETRIC_REPRESENTATION_CONTEXT() REPRESENTATION_CONTEXT('2D SPACE',''
  ) );
#6735 = ORIENTED_EDGE('',*,*,#5108,.F.);
#6736 = ORIENTED_EDGE('',*,*,#6689,.F.);
#6737 = ADVANCED_FACE('',(#6738),#5154,.F.);
#6738 = FACE_BOUND('',#6739,.F.);
#6739 = EDGE_LOOP('',(#6740,#6764,#6765));
#6740 = ORIENTED_EDGE('',*,*,#6741,.F.);
#6741 = EDGE_CURVE('',#3243,#6742,#6744,.T.);
#6742 = VERTEX_POINT('',#6743);
#6743 = CARTESIAN_POINT('',(-9.804941,-4.051812070087,-1.8));
#6744 = SURFACE_CURVE('',#6745,(#6750,#6757),.PCURVE_S1.);
#6745 = CIRCLE('',#6746,3.5);
#6746 = AXIS2_PLACEMENT_3D('',#6747,#6748,#6749);
#6747 = CARTESIAN_POINT('',(-9.204941,-7.5,-1.8));
#6748 = DIRECTION('',(0.,0.,1.));
#6749 = DIRECTION('',(1.,0.,-0.));
#6750 = PCURVE('',#5154,#6751);
#6751 = DEFINITIONAL_REPRESENTATION('',(#6752),#6756);
#6752 = CIRCLE('',#6753,3.5);
#6753 = AXIS2_PLACEMENT_2D('',#6754,#6755);
#6754 = CARTESIAN_POINT('',(1.2,10.768516));
#6755 = DIRECTION('',(1.,0.));
#6756 = ( GEOMETRIC_REPRESENTATION_CONTEXT(2) 
PARAMETRIC_REPRESENTATION_CONTEXT() REPRESENTATION_CONTEXT('2D SPACE',''
  ) );
#6757 = PCURVE('',#5216,#6758);
#6758 = DEFINITIONAL_REPRESENTATION('',(#6759),#6763);
#6759 = CIRCLE('',#6760,3.5);
#6760 = AXIS2_PLACEMENT_2D('',#6761,#6762);
#6761 = CARTESIAN_POINT('',(1.2,10.768516));
#6762 = DIRECTION('',(1.,0.));
#6763 = ( GEOMETRIC_REPRESENTATION_CONTEXT(2) 
PARAMETRIC_REPRESENTATION_CONTEXT() REPRESENTATION_CONTEXT('2D SPACE',''
  ) );
#6764 = ORIENTED_EDGE('',*,*,#5140,.F.);
#6765 = ORIENTED_EDGE('',*,*,#6766,.F.);
#6766 = EDGE_CURVE('',#6742,#4081,#6767,.T.);
#6767 = SURFACE_CURVE('',#6768,(#6773,#6780),.PCURVE_S1.);
#6768 = CIRCLE('',#6769,3.5);
#6769 = AXIS2_PLACEMENT_3D('',#6770,#6771,#6772);
#6770 = CARTESIAN_POINT('',(-10.404941,-7.5,-1.8));
#6771 = DIRECTION('',(0.,0.,1.));
#6772 = DIRECTION('',(1.,0.,-0.));
#6773 = PCURVE('',#5154,#6774);
#6774 = DEFINITIONAL_REPRESENTATION('',(#6775),#6779);
#6775 = CIRCLE('',#6776,3.5);
#6776 = AXIS2_PLACEMENT_2D('',#6777,#6778);
#6777 = CARTESIAN_POINT('',(0.,10.768516));
#6778 = DIRECTION('',(1.,0.));
#6779 = ( GEOMETRIC_REPRESENTATION_CONTEXT(2) 
PARAMETRIC_REPRESENTATION_CONTEXT() REPRESENTATION_CONTEXT('2D SPACE',''
  ) );
#6780 = PCURVE('',#6051,#6781);
#6781 = DEFINITIONAL_REPRESENTATION('',(#6782),#6786);
#6782 = CIRCLE('',#6783,3.5);
#6783 = AXIS2_PLACEMENT_2D('',#6784,#6785);
#6784 = CARTESIAN_POINT('',(0.,10.768516));
#6785 = DIRECTION('',(1.,0.));
#6786 = ( GEOMETRIC_REPRESENTATION_CONTEXT(2) 
PARAMETRIC_REPRESENTATION_CONTEXT() REPRESENTATION_CONTEXT('2D SPACE',''
  ) );
#6787 = ADVANCED_FACE('',(#6788),#5187,.F.);
#6788 = FACE_BOUND('',#6789,.F.);
#6789 = EDGE_LOOP('',(#6790,#6791,#6820,#6848));
#6790 = ORIENTED_EDGE('',*,*,#5171,.F.);
#6791 = ORIENTED_EDGE('',*,*,#6792,.F.);
#6792 = EDGE_CURVE('',#6793,#5172,#6795,.T.);
#6793 = VERTEX_POINT('',#6794);
#6794 = CARTESIAN_POINT('',(-9.204941,-10.78785644455,-1.8));
#6795 = SURFACE_CURVE('',#6796,(#6801,#6808),.PCURVE_S1.);
#6796 = CIRCLE('',#6797,3.5);
#6797 = AXIS2_PLACEMENT_3D('',#6798,#6799,#6800);
#6798 = CARTESIAN_POINT('',(-10.404941,-7.5,-1.8));
#6799 = DIRECTION('',(0.,0.,1.));
#6800 = DIRECTION('',(1.,0.,-0.));
#6801 = PCURVE('',#5187,#6802);
#6802 = DEFINITIONAL_REPRESENTATION('',(#6803),#6807);
#6803 = CIRCLE('',#6804,3.5);
#6804 = AXIS2_PLACEMENT_2D('',#6805,#6806);
#6805 = CARTESIAN_POINT('',(3.5,7.268516));
#6806 = DIRECTION('',(1.,0.));
#6807 = ( GEOMETRIC_REPRESENTATION_CONTEXT(2) 
PARAMETRIC_REPRESENTATION_CONTEXT() REPRESENTATION_CONTEXT('2D SPACE',''
  ) );
#6808 = PCURVE('',#6809,#6814);
#6809 = PLANE('',#6810);
#6810 = AXIS2_PLACEMENT_3D('',#6811,#6812,#6813);
#6811 = CARTESIAN_POINT('',(-13.904941,-14.768516,-1.8));
#6812 = DIRECTION('',(0.,0.,1.));
#6813 = DIRECTION('',(1.,0.,-0.));
#6814 = DEFINITIONAL_REPRESENTATION('',(#6815),#6819);
#6815 = CIRCLE('',#6816,3.5);
#6816 = AXIS2_PLACEMENT_2D('',#6817,#6818);
#6817 = CARTESIAN_POINT('',(3.5,7.268516));
#6818 = DIRECTION('',(1.,0.));
#6819 = ( GEOMETRIC_REPRESENTATION_CONTEXT(2) 
PARAMETRIC_REPRESENTATION_CONTEXT() REPRESENTATION_CONTEXT('2D SPACE',''
  ) );
#6820 = ORIENTED_EDGE('',*,*,#6821,.F.);
#6821 = EDGE_CURVE('',#6822,#6793,#6824,.T.);
#6822 = VERTEX_POINT('',#6823);
#6823 = CARTESIAN_POINT('',(-9.204941,-11.,-1.8));
#6824 = SURFACE_CURVE('',#6825,(#6829,#6836),.PCURVE_S1.);
#6825 = LINE('',#6826,#6827);
#6826 = CARTESIAN_POINT('',(-9.204941,-18.268516,-1.8));
#6827 = VECTOR('',#6828,1.);
#6828 = DIRECTION('',(-0.,1.,0.));
#6829 = PCURVE('',#5187,#6830);
#6830 = DEFINITIONAL_REPRESENTATION('',(#6831),#6835);
#6831 = LINE('',#6832,#6833);
#6832 = CARTESIAN_POINT('',(4.7,-3.5));
#6833 = VECTOR('',#6834,1.);
#6834 = DIRECTION('',(0.,1.));
#6835 = ( GEOMETRIC_REPRESENTATION_CONTEXT(2) 
PARAMETRIC_REPRESENTATION_CONTEXT() REPRESENTATION_CONTEXT('2D SPACE',''
  ) );
#6836 = PCURVE('',#6837,#6842);
#6837 = PLANE('',#6838);
#6838 = AXIS2_PLACEMENT_3D('',#6839,#6840,#6841);
#6839 = CARTESIAN_POINT('',(-10.404941,-18.268516,-1.8));
#6840 = DIRECTION('',(0.,0.,1.));
#6841 = DIRECTION('',(1.,0.,-0.));
#6842 = DEFINITIONAL_REPRESENTATION('',(#6843),#6847);
#6843 = LINE('',#6844,#6845);
#6844 = CARTESIAN_POINT('',(1.2,0.));
#6845 = VECTOR('',#6846,1.);
#6846 = DIRECTION('',(0.,1.));
#6847 = ( GEOMETRIC_REPRESENTATION_CONTEXT(2) 
PARAMETRIC_REPRESENTATION_CONTEXT() REPRESENTATION_CONTEXT('2D SPACE',''
  ) );
#6848 = ORIENTED_EDGE('',*,*,#6849,.T.);
#6849 = EDGE_CURVE('',#6822,#3216,#6850,.T.);
#6850 = SURFACE_CURVE('',#6851,(#6856,#6863),.PCURVE_S1.);
#6851 = CIRCLE('',#6852,3.5);
#6852 = AXIS2_PLACEMENT_3D('',#6853,#6854,#6855);
#6853 = CARTESIAN_POINT('',(-9.204941,-7.5,-1.8));
#6854 = DIRECTION('',(0.,0.,1.));
#6855 = DIRECTION('',(1.,0.,-0.));
#6856 = PCURVE('',#5187,#6857);
#6857 = DEFINITIONAL_REPRESENTATION('',(#6858),#6862);
#6858 = CIRCLE('',#6859,3.5);
#6859 = AXIS2_PLACEMENT_2D('',#6860,#6861);
#6860 = CARTESIAN_POINT('',(4.7,7.268516));
#6861 = DIRECTION('',(1.,0.));
#6862 = ( GEOMETRIC_REPRESENTATION_CONTEXT(2) 
PARAMETRIC_REPRESENTATION_CONTEXT() REPRESENTATION_CONTEXT('2D SPACE',''
  ) );
#6863 = PCURVE('',#5301,#6864);
#6864 = DEFINITIONAL_REPRESENTATION('',(#6865),#6869);
#6865 = CIRCLE('',#6866,3.5);
#6866 = AXIS2_PLACEMENT_2D('',#6867,#6868);
#6867 = CARTESIAN_POINT('',(4.7,7.268516));
#6868 = DIRECTION('',(1.,0.));
#6869 = ( GEOMETRIC_REPRESENTATION_CONTEXT(2) 
PARAMETRIC_REPRESENTATION_CONTEXT() REPRESENTATION_CONTEXT('2D SPACE',''
  ) );
#6870 = ADVANCED_FACE('',(#6871),#5243,.F.);
#6871 = FACE_BOUND('',#6872,.F.);
#6872 = EDGE_LOOP('',(#6873,#6874,#6902));
#6873 = ORIENTED_EDGE('',*,*,#5228,.T.);
#6874 = ORIENTED_EDGE('',*,*,#6875,.F.);
#6875 = EDGE_CURVE('',#6876,#5201,#6878,.T.);
#6876 = VERTEX_POINT('',#6877);
#6877 = CARTESIAN_POINT('',(-9.204941,-7.5,-1.8));
#6878 = SURFACE_CURVE('',#6879,(#6883,#6890),.PCURVE_S1.);
#6879 = LINE('',#6880,#6881);
#6880 = CARTESIAN_POINT('',(-9.204941,-18.268516,-1.8));
#6881 = VECTOR('',#6882,1.);
#6882 = DIRECTION('',(-0.,1.,0.));
#6883 = PCURVE('',#5243,#6884);
#6884 = DEFINITIONAL_REPRESENTATION('',(#6885),#6889);
#6885 = LINE('',#6886,#6887);
#6886 = CARTESIAN_POINT('',(1.2,-10.768516));
#6887 = VECTOR('',#6888,1.);
#6888 = DIRECTION('',(0.,1.));
#6889 = ( GEOMETRIC_REPRESENTATION_CONTEXT(2) 
PARAMETRIC_REPRESENTATION_CONTEXT() REPRESENTATION_CONTEXT('2D SPACE',''
  ) );
#6890 = PCURVE('',#6891,#6896);
#6891 = PLANE('',#6892);
#6892 = AXIS2_PLACEMENT_3D('',#6893,#6894,#6895);
#6893 = CARTESIAN_POINT('',(-10.404941,-18.268516,-1.8));
#6894 = DIRECTION('',(0.,0.,1.));
#6895 = DIRECTION('',(1.,0.,-0.));
#6896 = DEFINITIONAL_REPRESENTATION('',(#6897),#6901);
#6897 = LINE('',#6898,#6899);
#6898 = CARTESIAN_POINT('',(1.2,0.));
#6899 = VECTOR('',#6900,1.);
#6900 = DIRECTION('',(0.,1.));
#6901 = ( GEOMETRIC_REPRESENTATION_CONTEXT(2) 
PARAMETRIC_REPRESENTATION_CONTEXT() REPRESENTATION_CONTEXT('2D SPACE',''
  ) );
#6902 = ORIENTED_EDGE('',*,*,#6903,.T.);
#6903 = EDGE_CURVE('',#6876,#5172,#6904,.T.);
#6904 = SURFACE_CURVE('',#6905,(#6909,#6916),.PCURVE_S1.);
#6905 = LINE('',#6906,#6907);
#6906 = CARTESIAN_POINT('',(-13.904941,-7.5,-1.8));
#6907 = VECTOR('',#6908,1.);
#6908 = DIRECTION('',(1.,0.,-0.));
#6909 = PCURVE('',#5243,#6910);
#6910 = DEFINITIONAL_REPRESENTATION('',(#6911),#6915);
#6911 = LINE('',#6912,#6913);
#6912 = CARTESIAN_POINT('',(-3.5,0.));
#6913 = VECTOR('',#6914,1.);
#6914 = DIRECTION('',(1.,0.));
#6915 = ( GEOMETRIC_REPRESENTATION_CONTEXT(2) 
PARAMETRIC_REPRESENTATION_CONTEXT() REPRESENTATION_CONTEXT('2D SPACE',''
  ) );
#6916 = PCURVE('',#6809,#6917);
#6917 = DEFINITIONAL_REPRESENTATION('',(#6918),#6922);
#6918 = LINE('',#6919,#6920);
#6919 = CARTESIAN_POINT('',(0.,7.268516));
#6920 = VECTOR('',#6921,1.);
#6921 = DIRECTION('',(1.,0.));
#6922 = ( GEOMETRIC_REPRESENTATION_CONTEXT(2) 
PARAMETRIC_REPRESENTATION_CONTEXT() REPRESENTATION_CONTEXT('2D SPACE',''
  ) );
#6923 = ADVANCED_FACE('',(#6924),#5216,.F.);
#6924 = FACE_BOUND('',#6925,.F.);
#6925 = EDGE_LOOP('',(#6926,#6927,#6928));
#6926 = ORIENTED_EDGE('',*,*,#5200,.T.);
#6927 = ORIENTED_EDGE('',*,*,#6741,.T.);
#6928 = ORIENTED_EDGE('',*,*,#6929,.F.);
#6929 = EDGE_CURVE('',#5201,#6742,#6930,.T.);
#6930 = SURFACE_CURVE('',#6931,(#6936,#6943),.PCURVE_S1.);
#6931 = CIRCLE('',#6932,3.5);
#6932 = AXIS2_PLACEMENT_3D('',#6933,#6934,#6935);
#6933 = CARTESIAN_POINT('',(-10.404941,-7.5,-1.8));
#6934 = DIRECTION('',(0.,0.,1.));
#6935 = DIRECTION('',(1.,0.,-0.));
#6936 = PCURVE('',#5216,#6937);
#6937 = DEFINITIONAL_REPRESENTATION('',(#6938),#6942);
#6938 = CIRCLE('',#6939,3.5);
#6939 = AXIS2_PLACEMENT_2D('',#6940,#6941);
#6940 = CARTESIAN_POINT('',(0.,10.768516));
#6941 = DIRECTION('',(1.,0.));
#6942 = ( GEOMETRIC_REPRESENTATION_CONTEXT(2) 
PARAMETRIC_REPRESENTATION_CONTEXT() REPRESENTATION_CONTEXT('2D SPACE',''
  ) );
#6943 = PCURVE('',#6891,#6944);
#6944 = DEFINITIONAL_REPRESENTATION('',(#6945),#6949);
#6945 = CIRCLE('',#6946,3.5);
#6946 = AXIS2_PLACEMENT_2D('',#6947,#6948);
#6947 = CARTESIAN_POINT('',(0.,10.768516));
#6948 = DIRECTION('',(1.,0.));
#6949 = ( GEOMETRIC_REPRESENTATION_CONTEXT(2) 
PARAMETRIC_REPRESENTATION_CONTEXT() REPRESENTATION_CONTEXT('2D SPACE',''
  ) );
#6950 = ADVANCED_FACE('',(#6951),#5276,.T.);
#6951 = FACE_BOUND('',#6952,.T.);
#6952 = EDGE_LOOP('',(#6953,#6982,#7010,#7037));
#6953 = ORIENTED_EDGE('',*,*,#6954,.F.);
#6954 = EDGE_CURVE('',#6955,#5261,#6957,.T.);
#6955 = VERTEX_POINT('',#6956);
#6956 = CARTESIAN_POINT('',(-9.204941,-18.268516,0.));
#6957 = SURFACE_CURVE('',#6958,(#6963,#6970),.PCURVE_S1.);
#6958 = CIRCLE('',#6959,3.5);
#6959 = AXIS2_PLACEMENT_3D('',#6960,#6961,#6962);
#6960 = CARTESIAN_POINT('',(-9.204941,-14.768516,0.));
#6961 = DIRECTION('',(0.,0.,1.));
#6962 = DIRECTION('',(1.,0.,-0.));
#6963 = PCURVE('',#5276,#6964);
#6964 = DEFINITIONAL_REPRESENTATION('',(#6965),#6969);
#6965 = LINE('',#6966,#6967);
#6966 = CARTESIAN_POINT('',(0.,1.8));
#6967 = VECTOR('',#6968,1.);
#6968 = DIRECTION('',(1.,0.));
#6969 = ( GEOMETRIC_REPRESENTATION_CONTEXT(2) 
PARAMETRIC_REPRESENTATION_CONTEXT() REPRESENTATION_CONTEXT('2D SPACE',''
  ) );
#6970 = PCURVE('',#6971,#6976);
#6971 = PLANE('',#6972);
#6972 = AXIS2_PLACEMENT_3D('',#6973,#6974,#6975);
#6973 = CARTESIAN_POINT('',(-9.204941,-14.768516,0.));
#6974 = DIRECTION('',(0.,0.,1.));
#6975 = DIRECTION('',(1.,0.,-0.));
#6976 = DEFINITIONAL_REPRESENTATION('',(#6977),#6981);
#6977 = CIRCLE('',#6978,3.5);
#6978 = AXIS2_PLACEMENT_2D('',#6979,#6980);
#6979 = CARTESIAN_POINT('',(0.,0.));
#6980 = DIRECTION('',(1.,0.));
#6981 = ( GEOMETRIC_REPRESENTATION_CONTEXT(2) 
PARAMETRIC_REPRESENTATION_CONTEXT() REPRESENTATION_CONTEXT('2D SPACE',''
  ) );
#6982 = ORIENTED_EDGE('',*,*,#6983,.F.);
#6983 = EDGE_CURVE('',#6984,#6955,#6986,.T.);
#6984 = VERTEX_POINT('',#6985);
#6985 = CARTESIAN_POINT('',(-9.204941,-18.268516,-1.8));
#6986 = SURFACE_CURVE('',#6987,(#6991,#6998),.PCURVE_S1.);
#6987 = LINE('',#6988,#6989);
#6988 = CARTESIAN_POINT('',(-9.204941,-18.268516,-1.8));
#6989 = VECTOR('',#6990,1.);
#6990 = DIRECTION('',(0.,0.,1.));
#6991 = PCURVE('',#5276,#6992);
#6992 = DEFINITIONAL_REPRESENTATION('',(#6993),#6997);
#6993 = LINE('',#6994,#6995);
#6994 = CARTESIAN_POINT('',(4.712388980385,0.));
#6995 = VECTOR('',#6996,1.);
#6996 = DIRECTION('',(0.,1.));
#6997 = ( GEOMETRIC_REPRESENTATION_CONTEXT(2) 
PARAMETRIC_REPRESENTATION_CONTEXT() REPRESENTATION_CONTEXT('2D SPACE',''
  ) );
#6998 = PCURVE('',#6999,#7004);
#6999 = PLANE('',#7000);
#7000 = AXIS2_PLACEMENT_3D('',#7001,#7002,#7003);
#7001 = CARTESIAN_POINT('',(-10.404941,-18.268516,-1.8));
#7002 = DIRECTION('',(-0.,1.,0.));
#7003 = DIRECTION('',(0.,0.,1.));
#7004 = DEFINITIONAL_REPRESENTATION('',(#7005),#7009);
#7005 = LINE('',#7006,#7007);
#7006 = CARTESIAN_POINT('',(0.,1.2));
#7007 = VECTOR('',#7008,1.);
#7008 = DIRECTION('',(1.,0.));
#7009 = ( GEOMETRIC_REPRESENTATION_CONTEXT(2) 
PARAMETRIC_REPRESENTATION_CONTEXT() REPRESENTATION_CONTEXT('2D SPACE',''
  ) );
#7010 = ORIENTED_EDGE('',*,*,#7011,.T.);
#7011 = EDGE_CURVE('',#6984,#5259,#7012,.T.);
#7012 = SURFACE_CURVE('',#7013,(#7018,#7025),.PCURVE_S1.);
#7013 = CIRCLE('',#7014,3.5);
#7014 = AXIS2_PLACEMENT_3D('',#7015,#7016,#7017);
#7015 = CARTESIAN_POINT('',(-9.204941,-14.768516,-1.8));
#7016 = DIRECTION('',(0.,0.,1.));
#7017 = DIRECTION('',(1.,0.,-0.));
#7018 = PCURVE('',#5276,#7019);
#7019 = DEFINITIONAL_REPRESENTATION('',(#7020),#7024);
#7020 = LINE('',#7021,#7022);
#7021 = CARTESIAN_POINT('',(0.,0.));
#7022 = VECTOR('',#7023,1.);
#7023 = DIRECTION('',(1.,0.));
#7024 = ( GEOMETRIC_REPRESENTATION_CONTEXT(2) 
PARAMETRIC_REPRESENTATION_CONTEXT() REPRESENTATION_CONTEXT('2D SPACE',''
  ) );
#7025 = PCURVE('',#7026,#7031);
#7026 = PLANE('',#7027);
#7027 = AXIS2_PLACEMENT_3D('',#7028,#7029,#7030);
#7028 = CARTESIAN_POINT('',(-9.204941,-14.768516,-1.8));
#7029 = DIRECTION('',(0.,0.,1.));
#7030 = DIRECTION('',(1.,0.,-0.));
#7031 = DEFINITIONAL_REPRESENTATION('',(#7032),#7036);
#7032 = CIRCLE('',#7033,3.5);
#7033 = AXIS2_PLACEMENT_2D('',#7034,#7035);
#7034 = CARTESIAN_POINT('',(0.,0.));
#7035 = DIRECTION('',(1.,0.));
#7036 = ( GEOMETRIC_REPRESENTATION_CONTEXT(2) 
PARAMETRIC_REPRESENTATION_CONTEXT() REPRESENTATION_CONTEXT('2D SPACE',''
  ) );
#7037 = ORIENTED_EDGE('',*,*,#5258,.T.);
#7038 = ADVANCED_FACE('',(#7039),#5328,.T.);
#7039 = FACE_BOUND('',#7040,.T.);
#7040 = EDGE_LOOP('',(#7041,#7042,#7043,#7071));
#7041 = ORIENTED_EDGE('',*,*,#5314,.T.);
#7042 = ORIENTED_EDGE('',*,*,#5455,.F.);
#7043 = ORIENTED_EDGE('',*,*,#7044,.F.);
#7044 = EDGE_CURVE('',#7045,#5428,#7047,.T.);
#7045 = VERTEX_POINT('',#7046);
#7046 = CARTESIAN_POINT('',(-9.204941,-11.268516,0.));
#7047 = SURFACE_CURVE('',#7048,(#7052,#7059),.PCURVE_S1.);
#7048 = LINE('',#7049,#7050);
#7049 = CARTESIAN_POINT('',(-9.204941,-18.268516,0.));
#7050 = VECTOR('',#7051,1.);
#7051 = DIRECTION('',(-0.,1.,0.));
#7052 = PCURVE('',#5328,#7053);
#7053 = DEFINITIONAL_REPRESENTATION('',(#7054),#7058);
#7054 = LINE('',#7055,#7056);
#7055 = CARTESIAN_POINT('',(4.7,-3.5));
#7056 = VECTOR('',#7057,1.);
#7057 = DIRECTION('',(0.,1.));
#7058 = ( GEOMETRIC_REPRESENTATION_CONTEXT(2) 
PARAMETRIC_REPRESENTATION_CONTEXT() REPRESENTATION_CONTEXT('2D SPACE',''
  ) );
#7059 = PCURVE('',#7060,#7065);
#7060 = PLANE('',#7061);
#7061 = AXIS2_PLACEMENT_3D('',#7062,#7063,#7064);
#7062 = CARTESIAN_POINT('',(-10.404941,-18.268516,0.));
#7063 = DIRECTION('',(0.,0.,1.));
#7064 = DIRECTION('',(1.,0.,-0.));
#7065 = DEFINITIONAL_REPRESENTATION('',(#7066),#7070);
#7066 = LINE('',#7067,#7068);
#7067 = CARTESIAN_POINT('',(1.2,0.));
#7068 = VECTOR('',#7069,1.);
#7069 = DIRECTION('',(0.,1.));
#7070 = ( GEOMETRIC_REPRESENTATION_CONTEXT(2) 
PARAMETRIC_REPRESENTATION_CONTEXT() REPRESENTATION_CONTEXT('2D SPACE',''
  ) );
#7071 = ORIENTED_EDGE('',*,*,#7072,.F.);
#7072 = EDGE_CURVE('',#5261,#7045,#7073,.T.);
#7073 = SURFACE_CURVE('',#7074,(#7079,#7086),.PCURVE_S1.);
#7074 = CIRCLE('',#7075,3.5);
#7075 = AXIS2_PLACEMENT_3D('',#7076,#7077,#7078);
#7076 = CARTESIAN_POINT('',(-9.204941,-14.768516,0.));
#7077 = DIRECTION('',(0.,0.,1.));
#7078 = DIRECTION('',(1.,0.,-0.));
#7079 = PCURVE('',#5328,#7080);
#7080 = DEFINITIONAL_REPRESENTATION('',(#7081),#7085);
#7081 = CIRCLE('',#7082,3.5);
#7082 = AXIS2_PLACEMENT_2D('',#7083,#7084);
#7083 = CARTESIAN_POINT('',(4.7,0.));
#7084 = DIRECTION('',(1.,0.));
#7085 = ( GEOMETRIC_REPRESENTATION_CONTEXT(2) 
PARAMETRIC_REPRESENTATION_CONTEXT() REPRESENTATION_CONTEXT('2D SPACE',''
  ) );
#7086 = PCURVE('',#7087,#7092);
#7087 = PLANE('',#7088);
#7088 = AXIS2_PLACEMENT_3D('',#7089,#7090,#7091);
#7089 = CARTESIAN_POINT('',(-13.904941,-14.768516,0.));
#7090 = DIRECTION('',(0.,0.,1.));
#7091 = DIRECTION('',(1.,0.,-0.));
#7092 = DEFINITIONAL_REPRESENTATION('',(#7093),#7097);
#7093 = CIRCLE('',#7094,3.5);
#7094 = AXIS2_PLACEMENT_2D('',#7095,#7096);
#7095 = CARTESIAN_POINT('',(4.7,0.));
#7096 = DIRECTION('',(1.,0.));
#7097 = ( GEOMETRIC_REPRESENTATION_CONTEXT(2) 
PARAMETRIC_REPRESENTATION_CONTEXT() REPRESENTATION_CONTEXT('2D SPACE',''
  ) );
#7098 = ADVANCED_FACE('',(#7099),#5301,.F.);
#7099 = FACE_BOUND('',#7100,.F.);
#7100 = EDGE_LOOP('',(#7101,#7130,#7131,#7132,#7160));
#7101 = ORIENTED_EDGE('',*,*,#7102,.F.);
#7102 = EDGE_CURVE('',#5259,#7103,#7105,.T.);
#7103 = VERTEX_POINT('',#7104);
#7104 = CARTESIAN_POINT('',(-8.564107836804,-11.3276828368,-1.8));
#7105 = SURFACE_CURVE('',#7106,(#7111,#7118),.PCURVE_S1.);
#7106 = CIRCLE('',#7107,3.5);
#7107 = AXIS2_PLACEMENT_3D('',#7108,#7109,#7110);
#7108 = CARTESIAN_POINT('',(-9.204941,-14.768516,-1.8));
#7109 = DIRECTION('',(0.,0.,1.));
#7110 = DIRECTION('',(1.,0.,-0.));
#7111 = PCURVE('',#5301,#7112);
#7112 = DEFINITIONAL_REPRESENTATION('',(#7113),#7117);
#7113 = CIRCLE('',#7114,3.5);
#7114 = AXIS2_PLACEMENT_2D('',#7115,#7116);
#7115 = CARTESIAN_POINT('',(4.7,0.));
#7116 = DIRECTION('',(1.,0.));
#7117 = ( GEOMETRIC_REPRESENTATION_CONTEXT(2) 
PARAMETRIC_REPRESENTATION_CONTEXT() REPRESENTATION_CONTEXT('2D SPACE',''
  ) );
#7118 = PCURVE('',#7119,#7124);
#7119 = PLANE('',#7120);
#7120 = AXIS2_PLACEMENT_3D('',#7121,#7122,#7123);
#7121 = CARTESIAN_POINT('',(-13.904941,-14.768516,-1.8));
#7122 = DIRECTION('',(0.,0.,1.));
#7123 = DIRECTION('',(1.,0.,-0.));
#7124 = DEFINITIONAL_REPRESENTATION('',(#7125),#7129);
#7125 = CIRCLE('',#7126,3.5);
#7126 = AXIS2_PLACEMENT_2D('',#7127,#7128);
#7127 = CARTESIAN_POINT('',(4.7,0.));
#7128 = DIRECTION('',(1.,0.));
#7129 = ( GEOMETRIC_REPRESENTATION_CONTEXT(2) 
PARAMETRIC_REPRESENTATION_CONTEXT() REPRESENTATION_CONTEXT('2D SPACE',''
  ) );
#7130 = ORIENTED_EDGE('',*,*,#5287,.T.);
#7131 = ORIENTED_EDGE('',*,*,#6849,.F.);
#7132 = ORIENTED_EDGE('',*,*,#7133,.F.);
#7133 = EDGE_CURVE('',#7134,#6822,#7136,.T.);
#7134 = VERTEX_POINT('',#7135);
#7135 = CARTESIAN_POINT('',(-9.204941,-11.12713473485,-1.8));
#7136 = SURFACE_CURVE('',#7137,(#7141,#7148),.PCURVE_S1.);
#7137 = LINE('',#7138,#7139);
#7138 = CARTESIAN_POINT('',(-9.204941,-18.268516,-1.8));
#7139 = VECTOR('',#7140,1.);
#7140 = DIRECTION('',(-0.,1.,0.));
#7141 = PCURVE('',#5301,#7142);
#7142 = DEFINITIONAL_REPRESENTATION('',(#7143),#7147);
#7143 = LINE('',#7144,#7145);
#7144 = CARTESIAN_POINT('',(4.7,-3.5));
#7145 = VECTOR('',#7146,1.);
#7146 = DIRECTION('',(0.,1.));
#7147 = ( GEOMETRIC_REPRESENTATION_CONTEXT(2) 
PARAMETRIC_REPRESENTATION_CONTEXT() REPRESENTATION_CONTEXT('2D SPACE',''
  ) );
#7148 = PCURVE('',#7149,#7154);
#7149 = PLANE('',#7150);
#7150 = AXIS2_PLACEMENT_3D('',#7151,#7152,#7153);
#7151 = CARTESIAN_POINT('',(-10.404941,-18.268516,-1.8));
#7152 = DIRECTION('',(0.,0.,1.));
#7153 = DIRECTION('',(1.,0.,-0.));
#7154 = DEFINITIONAL_REPRESENTATION('',(#7155),#7159);
#7155 = LINE('',#7156,#7157);
#7156 = CARTESIAN_POINT('',(1.2,0.));
#7157 = VECTOR('',#7158,1.);
#7158 = DIRECTION('',(0.,1.));
#7159 = ( GEOMETRIC_REPRESENTATION_CONTEXT(2) 
PARAMETRIC_REPRESENTATION_CONTEXT() REPRESENTATION_CONTEXT('2D SPACE',''
  ) );
#7160 = ORIENTED_EDGE('',*,*,#7161,.F.);
#7161 = EDGE_CURVE('',#7103,#7134,#7162,.T.);
#7162 = SURFACE_CURVE('',#7163,(#7168,#7175),.PCURVE_S1.);
#7163 = CIRCLE('',#7164,3.1);
#7164 = AXIS2_PLACEMENT_3D('',#7165,#7166,#7167);
#7165 = CARTESIAN_POINT('',(-9.804941,-14.168516,-1.8));
#7166 = DIRECTION('',(0.,0.,1.));
#7167 = DIRECTION('',(1.,0.,-0.));
#7168 = PCURVE('',#5301,#7169);
#7169 = DEFINITIONAL_REPRESENTATION('',(#7170),#7174);
#7170 = CIRCLE('',#7171,3.1);
#7171 = AXIS2_PLACEMENT_2D('',#7172,#7173);
#7172 = CARTESIAN_POINT('',(4.1,0.6));
#7173 = DIRECTION('',(1.,0.));
#7174 = ( GEOMETRIC_REPRESENTATION_CONTEXT(2) 
PARAMETRIC_REPRESENTATION_CONTEXT() REPRESENTATION_CONTEXT('2D SPACE',''
  ) );
#7175 = PCURVE('',#7176,#7181);
#7176 = CYLINDRICAL_SURFACE('',#7177,3.1);
#7177 = AXIS2_PLACEMENT_3D('',#7178,#7179,#7180);
#7178 = CARTESIAN_POINT('',(-9.804941,-14.168516,-1.9));
#7179 = DIRECTION('',(0.,0.,1.));
#7180 = DIRECTION('',(1.,0.,-0.));
#7181 = DEFINITIONAL_REPRESENTATION('',(#7182),#7186);
#7182 = LINE('',#7183,#7184);
#7183 = CARTESIAN_POINT('',(0.,1.E-01));
#7184 = VECTOR('',#7185,1.);
#7185 = DIRECTION('',(1.,0.));
#7186 = ( GEOMETRIC_REPRESENTATION_CONTEXT(2) 
PARAMETRIC_REPRESENTATION_CONTEXT() REPRESENTATION_CONTEXT('2D SPACE',''
  ) );
#7187 = ADVANCED_FACE('',(#7188),#5359,.T.);
#7188 = FACE_BOUND('',#7189,.T.);
#7189 = EDGE_LOOP('',(#7190,#7191,#7217));
#7190 = ORIENTED_EDGE('',*,*,#5343,.F.);
#7191 = ORIENTED_EDGE('',*,*,#7192,.F.);
#7192 = EDGE_CURVE('',#5404,#5344,#7193,.T.);
#7193 = SURFACE_CURVE('',#7194,(#7198,#7205),.PCURVE_S1.);
#7194 = LINE('',#7195,#7196);
#7195 = CARTESIAN_POINT('',(-9.204941,-18.268516,0.));
#7196 = VECTOR('',#7197,1.);
#7197 = DIRECTION('',(-0.,1.,0.));
#7198 = PCURVE('',#5359,#7199);
#7199 = DEFINITIONAL_REPRESENTATION('',(#7200),#7204);
#7200 = LINE('',#7201,#7202);
#7201 = CARTESIAN_POINT('',(4.7,-3.5));
#7202 = VECTOR('',#7203,1.);
#7203 = DIRECTION('',(0.,1.));
#7204 = ( GEOMETRIC_REPRESENTATION_CONTEXT(2) 
PARAMETRIC_REPRESENTATION_CONTEXT() REPRESENTATION_CONTEXT('2D SPACE',''
  ) );
#7205 = PCURVE('',#7206,#7211);
#7206 = PLANE('',#7207);
#7207 = AXIS2_PLACEMENT_3D('',#7208,#7209,#7210);
#7208 = CARTESIAN_POINT('',(-10.404941,-18.268516,0.));
#7209 = DIRECTION('',(0.,0.,1.));
#7210 = DIRECTION('',(1.,0.,-0.));
#7211 = DEFINITIONAL_REPRESENTATION('',(#7212),#7216);
#7212 = LINE('',#7213,#7214);
#7213 = CARTESIAN_POINT('',(1.2,0.));
#7214 = VECTOR('',#7215,1.);
#7215 = DIRECTION('',(0.,1.));
#7216 = ( GEOMETRIC_REPRESENTATION_CONTEXT(2) 
PARAMETRIC_REPRESENTATION_CONTEXT() REPRESENTATION_CONTEXT('2D SPACE',''
  ) );
#7217 = ORIENTED_EDGE('',*,*,#5403,.T.);
#7218 = ADVANCED_FACE('',(#7219),#5387,.T.);
#7219 = FACE_BOUND('',#7220,.T.);
#7220 = EDGE_LOOP('',(#7221,#7244,#7265,#7266));
#7221 = ORIENTED_EDGE('',*,*,#7222,.F.);
#7222 = EDGE_CURVE('',#7223,#5503,#7225,.T.);
#7223 = VERTEX_POINT('',#7224);
#7224 = CARTESIAN_POINT('',(-10.404941,-7.5,0.));
#7225 = SURFACE_CURVE('',#7226,(#7230,#7237),.PCURVE_S1.);
#7226 = LINE('',#7227,#7228);
#7227 = CARTESIAN_POINT('',(-10.404941,-18.268516,0.));
#7228 = VECTOR('',#7229,1.);
#7229 = DIRECTION('',(-0.,1.,0.));
#7230 = PCURVE('',#5387,#7231);
#7231 = DEFINITIONAL_REPRESENTATION('',(#7232),#7236);
#7232 = LINE('',#7233,#7234);
#7233 = CARTESIAN_POINT('',(0.,0.));
#7234 = VECTOR('',#7235,1.);
#7235 = DIRECTION('',(0.,1.));
#7236 = ( GEOMETRIC_REPRESENTATION_CONTEXT(2) 
PARAMETRIC_REPRESENTATION_CONTEXT() REPRESENTATION_CONTEXT('2D SPACE',''
  ) );
#7237 = PCURVE('',#5849,#7238);
#7238 = DEFINITIONAL_REPRESENTATION('',(#7239),#7243);
#7239 = LINE('',#7240,#7241);
#7240 = CARTESIAN_POINT('',(0.,-10.768516));
#7241 = VECTOR('',#7242,1.);
#7242 = DIRECTION('',(0.,1.));
#7243 = ( GEOMETRIC_REPRESENTATION_CONTEXT(2) 
PARAMETRIC_REPRESENTATION_CONTEXT() REPRESENTATION_CONTEXT('2D SPACE',''
  ) );
#7244 = ORIENTED_EDGE('',*,*,#7245,.T.);
#7245 = EDGE_CURVE('',#7223,#5344,#7246,.T.);
#7246 = SURFACE_CURVE('',#7247,(#7251,#7258),.PCURVE_S1.);
#7247 = LINE('',#7248,#7249);
#7248 = CARTESIAN_POINT('',(-13.904941,-7.5,0.));
#7249 = VECTOR('',#7250,1.);
#7250 = DIRECTION('',(1.,0.,-0.));
#7251 = PCURVE('',#5387,#7252);
#7252 = DEFINITIONAL_REPRESENTATION('',(#7253),#7257);
#7253 = LINE('',#7254,#7255);
#7254 = CARTESIAN_POINT('',(-3.5,10.768516));
#7255 = VECTOR('',#7256,1.);
#7256 = DIRECTION('',(1.,0.));
#7257 = ( GEOMETRIC_REPRESENTATION_CONTEXT(2) 
PARAMETRIC_REPRESENTATION_CONTEXT() REPRESENTATION_CONTEXT('2D SPACE',''
  ) );
#7258 = PCURVE('',#7206,#7259);
#7259 = DEFINITIONAL_REPRESENTATION('',(#7260),#7264);
#7260 = LINE('',#7261,#7262);
#7261 = CARTESIAN_POINT('',(-3.5,10.768516));
#7262 = VECTOR('',#7263,1.);
#7263 = DIRECTION('',(1.,0.));
#7264 = ( GEOMETRIC_REPRESENTATION_CONTEXT(2) 
PARAMETRIC_REPRESENTATION_CONTEXT() REPRESENTATION_CONTEXT('2D SPACE',''
  ) );
#7265 = ORIENTED_EDGE('',*,*,#5373,.T.);
#7266 = ORIENTED_EDGE('',*,*,#5525,.F.);
#7267 = ADVANCED_FACE('',(#7268),#5443,.T.);
#7268 = FACE_BOUND('',#7269,.T.);
#7269 = EDGE_LOOP('',(#7270,#7294,#7316));
#7270 = ORIENTED_EDGE('',*,*,#7271,.F.);
#7271 = EDGE_CURVE('',#7272,#5404,#7274,.T.);
#7272 = VERTEX_POINT('',#7273);
#7273 = CARTESIAN_POINT('',(-9.804941,-10.94818792991,0.));
#7274 = SURFACE_CURVE('',#7275,(#7280,#7287),.PCURVE_S1.);
#7275 = CIRCLE('',#7276,3.5);
#7276 = AXIS2_PLACEMENT_3D('',#7277,#7278,#7279);
#7277 = CARTESIAN_POINT('',(-10.404941,-7.5,0.));
#7278 = DIRECTION('',(0.,0.,1.));
#7279 = DIRECTION('',(1.,0.,-0.));
#7280 = PCURVE('',#5443,#7281);
#7281 = DEFINITIONAL_REPRESENTATION('',(#7282),#7286);
#7282 = CIRCLE('',#7283,3.5);
#7283 = AXIS2_PLACEMENT_2D('',#7284,#7285);
#7284 = CARTESIAN_POINT('',(0.,10.768516));
#7285 = DIRECTION('',(1.,0.));
#7286 = ( GEOMETRIC_REPRESENTATION_CONTEXT(2) 
PARAMETRIC_REPRESENTATION_CONTEXT() REPRESENTATION_CONTEXT('2D SPACE',''
  ) );
#7287 = PCURVE('',#7206,#7288);
#7288 = DEFINITIONAL_REPRESENTATION('',(#7289),#7293);
#7289 = CIRCLE('',#7290,3.5);
#7290 = AXIS2_PLACEMENT_2D('',#7291,#7292);
#7291 = CARTESIAN_POINT('',(0.,10.768516));
#7292 = DIRECTION('',(1.,0.));
#7293 = ( GEOMETRIC_REPRESENTATION_CONTEXT(2) 
PARAMETRIC_REPRESENTATION_CONTEXT() REPRESENTATION_CONTEXT('2D SPACE',''
  ) );
#7294 = ORIENTED_EDGE('',*,*,#7295,.T.);
#7295 = EDGE_CURVE('',#7272,#5428,#7296,.T.);
#7296 = SURFACE_CURVE('',#7297,(#7302,#7309),.PCURVE_S1.);
#7297 = CIRCLE('',#7298,3.5);
#7298 = AXIS2_PLACEMENT_3D('',#7299,#7300,#7301);
#7299 = CARTESIAN_POINT('',(-9.204941,-7.5,0.));
#7300 = DIRECTION('',(0.,0.,1.));
#7301 = DIRECTION('',(1.,0.,-0.));
#7302 = PCURVE('',#5443,#7303);
#7303 = DEFINITIONAL_REPRESENTATION('',(#7304),#7308);
#7304 = CIRCLE('',#7305,3.5);
#7305 = AXIS2_PLACEMENT_2D('',#7306,#7307);
#7306 = CARTESIAN_POINT('',(1.2,10.768516));
#7307 = DIRECTION('',(1.,0.));
#7308 = ( GEOMETRIC_REPRESENTATION_CONTEXT(2) 
PARAMETRIC_REPRESENTATION_CONTEXT() REPRESENTATION_CONTEXT('2D SPACE',''
  ) );
#7309 = PCURVE('',#7060,#7310);
#7310 = DEFINITIONAL_REPRESENTATION('',(#7311),#7315);
#7311 = CIRCLE('',#7312,3.5);
#7312 = AXIS2_PLACEMENT_2D('',#7313,#7314);
#7313 = CARTESIAN_POINT('',(1.2,10.768516));
#7314 = DIRECTION('',(1.,0.));
#7315 = ( GEOMETRIC_REPRESENTATION_CONTEXT(2) 
PARAMETRIC_REPRESENTATION_CONTEXT() REPRESENTATION_CONTEXT('2D SPACE',''
  ) );
#7316 = ORIENTED_EDGE('',*,*,#5427,.T.);
#7317 = ADVANCED_FACE('',(#7318),#5591,.T.);
#7318 = FACE_BOUND('',#7319,.T.);
#7319 = EDGE_LOOP('',(#7320,#7346,#7347,#7348,#7349));
#7320 = ORIENTED_EDGE('',*,*,#7321,.T.);
#7321 = EDGE_CURVE('',#6163,#5575,#7322,.T.);
#7322 = SURFACE_CURVE('',#7323,(#7327,#7334),.PCURVE_S1.);
#7323 = LINE('',#7324,#7325);
#7324 = CARTESIAN_POINT('',(5.704965,-7.5,0.));
#7325 = VECTOR('',#7326,1.);
#7326 = DIRECTION('',(1.,0.,-0.));
#7327 = PCURVE('',#5591,#7328);
#7328 = DEFINITIONAL_REPRESENTATION('',(#7329),#7333);
#7329 = LINE('',#7330,#7331);
#7330 = CARTESIAN_POINT('',(-3.5,0.));
#7331 = VECTOR('',#7332,1.);
#7332 = DIRECTION('',(1.,0.));
#7333 = ( GEOMETRIC_REPRESENTATION_CONTEXT(2) 
PARAMETRIC_REPRESENTATION_CONTEXT() REPRESENTATION_CONTEXT('2D SPACE',''
  ) );
#7334 = PCURVE('',#7335,#7340);
#7335 = PLANE('',#7336);
#7336 = AXIS2_PLACEMENT_3D('',#7337,#7338,#7339);
#7337 = CARTESIAN_POINT('',(5.704965,-14.770142,0.));
#7338 = DIRECTION('',(0.,0.,1.));
#7339 = DIRECTION('',(1.,0.,-0.));
#7340 = DEFINITIONAL_REPRESENTATION('',(#7341),#7345);
#7341 = LINE('',#7342,#7343);
#7342 = CARTESIAN_POINT('',(0.,7.270142));
#7343 = VECTOR('',#7344,1.);
#7344 = DIRECTION('',(1.,0.));
#7345 = ( GEOMETRIC_REPRESENTATION_CONTEXT(2) 
PARAMETRIC_REPRESENTATION_CONTEXT() REPRESENTATION_CONTEXT('2D SPACE',''
  ) );
#7346 = ORIENTED_EDGE('',*,*,#5574,.T.);
#7347 = ORIENTED_EDGE('',*,*,#5807,.F.);
#7348 = ORIENTED_EDGE('',*,*,#6094,.F.);
#7349 = ORIENTED_EDGE('',*,*,#6190,.F.);
#7350 = ADVANCED_FACE('',(#7351),#5617,.T.);
#7351 = FACE_BOUND('',#7352,.T.);
#7352 = EDGE_LOOP('',(#7353,#7354,#7378,#7406));
#7353 = ORIENTED_EDGE('',*,*,#5603,.F.);
#7354 = ORIENTED_EDGE('',*,*,#7355,.F.);
#7355 = EDGE_CURVE('',#7356,#5575,#7358,.T.);
#7356 = VERTEX_POINT('',#7357);
#7357 = CARTESIAN_POINT('',(10.404965,-10.78785644455,0.));
#7358 = SURFACE_CURVE('',#7359,(#7364,#7371),.PCURVE_S1.);
#7359 = CIRCLE('',#7360,3.5);
#7360 = AXIS2_PLACEMENT_3D('',#7361,#7362,#7363);
#7361 = CARTESIAN_POINT('',(9.204965,-7.5,0.));
#7362 = DIRECTION('',(0.,0.,1.));
#7363 = DIRECTION('',(1.,0.,-0.));
#7364 = PCURVE('',#5617,#7365);
#7365 = DEFINITIONAL_REPRESENTATION('',(#7366),#7370);
#7366 = CIRCLE('',#7367,3.5);
#7367 = AXIS2_PLACEMENT_2D('',#7368,#7369);
#7368 = CARTESIAN_POINT('',(3.5,7.270142));
#7369 = DIRECTION('',(1.,0.));
#7370 = ( GEOMETRIC_REPRESENTATION_CONTEXT(2) 
PARAMETRIC_REPRESENTATION_CONTEXT() REPRESENTATION_CONTEXT('2D SPACE',''
  ) );
#7371 = PCURVE('',#7335,#7372);
#7372 = DEFINITIONAL_REPRESENTATION('',(#7373),#7377);
#7373 = CIRCLE('',#7374,3.5);
#7374 = AXIS2_PLACEMENT_2D('',#7375,#7376);
#7375 = CARTESIAN_POINT('',(3.5,7.270142));
#7376 = DIRECTION('',(1.,0.));
#7377 = ( GEOMETRIC_REPRESENTATION_CONTEXT(2) 
PARAMETRIC_REPRESENTATION_CONTEXT() REPRESENTATION_CONTEXT('2D SPACE',''
  ) );
#7378 = ORIENTED_EDGE('',*,*,#7379,.F.);
#7379 = EDGE_CURVE('',#7380,#7356,#7382,.T.);
#7380 = VERTEX_POINT('',#7381);
#7381 = CARTESIAN_POINT('',(10.404965,-11.,0.));
#7382 = SURFACE_CURVE('',#7383,(#7387,#7394),.PCURVE_S1.);
#7383 = LINE('',#7384,#7385);
#7384 = CARTESIAN_POINT('',(10.404965,-18.270142,0.));
#7385 = VECTOR('',#7386,1.);
#7386 = DIRECTION('',(-0.,1.,0.));
#7387 = PCURVE('',#5617,#7388);
#7388 = DEFINITIONAL_REPRESENTATION('',(#7389),#7393);
#7389 = LINE('',#7390,#7391);
#7390 = CARTESIAN_POINT('',(4.7,-3.5));
#7391 = VECTOR('',#7392,1.);
#7392 = DIRECTION('',(0.,1.));
#7393 = ( GEOMETRIC_REPRESENTATION_CONTEXT(2) 
PARAMETRIC_REPRESENTATION_CONTEXT() REPRESENTATION_CONTEXT('2D SPACE',''
  ) );
#7394 = PCURVE('',#7395,#7400);
#7395 = PLANE('',#7396);
#7396 = AXIS2_PLACEMENT_3D('',#7397,#7398,#7399);
#7397 = CARTESIAN_POINT('',(9.204965,-18.270142,0.));
#7398 = DIRECTION('',(0.,0.,1.));
#7399 = DIRECTION('',(1.,0.,-0.));
#7400 = DEFINITIONAL_REPRESENTATION('',(#7401),#7405);
#7401 = LINE('',#7402,#7403);
#7402 = CARTESIAN_POINT('',(1.2,0.));
#7403 = VECTOR('',#7404,1.);
#7404 = DIRECTION('',(0.,1.));
#7405 = ( GEOMETRIC_REPRESENTATION_CONTEXT(2) 
PARAMETRIC_REPRESENTATION_CONTEXT() REPRESENTATION_CONTEXT('2D SPACE',''
  ) );
#7406 = ORIENTED_EDGE('',*,*,#7407,.T.);
#7407 = EDGE_CURVE('',#7380,#3777,#7408,.T.);
#7408 = SURFACE_CURVE('',#7409,(#7414,#7421),.PCURVE_S1.);
#7409 = CIRCLE('',#7410,3.5);
#7410 = AXIS2_PLACEMENT_3D('',#7411,#7412,#7413);
#7411 = CARTESIAN_POINT('',(10.404965,-7.5,0.));
#7412 = DIRECTION('',(0.,0.,1.));
#7413 = DIRECTION('',(1.,0.,-0.));
#7414 = PCURVE('',#5617,#7415);
#7415 = DEFINITIONAL_REPRESENTATION('',(#7416),#7420);
#7416 = CIRCLE('',#7417,3.5);
#7417 = AXIS2_PLACEMENT_2D('',#7418,#7419);
#7418 = CARTESIAN_POINT('',(4.7,7.270142));
#7419 = DIRECTION('',(1.,0.));
#7420 = ( GEOMETRIC_REPRESENTATION_CONTEXT(2) 
PARAMETRIC_REPRESENTATION_CONTEXT() REPRESENTATION_CONTEXT('2D SPACE',''
  ) );
#7421 = PCURVE('',#5791,#7422);
#7422 = DEFINITIONAL_REPRESENTATION('',(#7423),#7427);
#7423 = CIRCLE('',#7424,3.5);
#7424 = AXIS2_PLACEMENT_2D('',#7425,#7426);
#7425 = CARTESIAN_POINT('',(4.7,7.270142));
#7426 = DIRECTION('',(1.,0.));
#7427 = ( GEOMETRIC_REPRESENTATION_CONTEXT(2) 
PARAMETRIC_REPRESENTATION_CONTEXT() REPRESENTATION_CONTEXT('2D SPACE',''
  ) );
#7428 = ADVANCED_FACE('',(#7429),#5650,.F.);
#7429 = FACE_BOUND('',#7430,.F.);
#7430 = EDGE_LOOP('',(#7431,#7432,#7461,#7489));
#7431 = ORIENTED_EDGE('',*,*,#5634,.F.);
#7432 = ORIENTED_EDGE('',*,*,#7433,.F.);
#7433 = EDGE_CURVE('',#7434,#5635,#7436,.T.);
#7434 = VERTEX_POINT('',#7435);
#7435 = CARTESIAN_POINT('',(10.404965,-10.78785644455,-1.8));
#7436 = SURFACE_CURVE('',#7437,(#7442,#7449),.PCURVE_S1.);
#7437 = CIRCLE('',#7438,3.5);
#7438 = AXIS2_PLACEMENT_3D('',#7439,#7440,#7441);
#7439 = CARTESIAN_POINT('',(9.204965,-7.5,-1.8));
#7440 = DIRECTION('',(0.,0.,1.));
#7441 = DIRECTION('',(1.,0.,-0.));
#7442 = PCURVE('',#5650,#7443);
#7443 = DEFINITIONAL_REPRESENTATION('',(#7444),#7448);
#7444 = CIRCLE('',#7445,3.5);
#7445 = AXIS2_PLACEMENT_2D('',#7446,#7447);
#7446 = CARTESIAN_POINT('',(3.5,7.270142));
#7447 = DIRECTION('',(1.,0.));
#7448 = ( GEOMETRIC_REPRESENTATION_CONTEXT(2) 
PARAMETRIC_REPRESENTATION_CONTEXT() REPRESENTATION_CONTEXT('2D SPACE',''
  ) );
#7449 = PCURVE('',#7450,#7455);
#7450 = PLANE('',#7451);
#7451 = AXIS2_PLACEMENT_3D('',#7452,#7453,#7454);
#7452 = CARTESIAN_POINT('',(5.704965,-14.770142,-1.8));
#7453 = DIRECTION('',(0.,0.,1.));
#7454 = DIRECTION('',(1.,0.,-0.));
#7455 = DEFINITIONAL_REPRESENTATION('',(#7456),#7460);
#7456 = CIRCLE('',#7457,3.5);
#7457 = AXIS2_PLACEMENT_2D('',#7458,#7459);
#7458 = CARTESIAN_POINT('',(3.5,7.270142));
#7459 = DIRECTION('',(1.,0.));
#7460 = ( GEOMETRIC_REPRESENTATION_CONTEXT(2) 
PARAMETRIC_REPRESENTATION_CONTEXT() REPRESENTATION_CONTEXT('2D SPACE',''
  ) );
#7461 = ORIENTED_EDGE('',*,*,#7462,.F.);
#7462 = EDGE_CURVE('',#7463,#7434,#7465,.T.);
#7463 = VERTEX_POINT('',#7464);
#7464 = CARTESIAN_POINT('',(10.404965,-11.,-1.8));
#7465 = SURFACE_CURVE('',#7466,(#7470,#7477),.PCURVE_S1.);
#7466 = LINE('',#7467,#7468);
#7467 = CARTESIAN_POINT('',(10.404965,-18.270142,-1.8));
#7468 = VECTOR('',#7469,1.);
#7469 = DIRECTION('',(-0.,1.,0.));
#7470 = PCURVE('',#5650,#7471);
#7471 = DEFINITIONAL_REPRESENTATION('',(#7472),#7476);
#7472 = LINE('',#7473,#7474);
#7473 = CARTESIAN_POINT('',(4.7,-3.5));
#7474 = VECTOR('',#7475,1.);
#7475 = DIRECTION('',(0.,1.));
#7476 = ( GEOMETRIC_REPRESENTATION_CONTEXT(2) 
PARAMETRIC_REPRESENTATION_CONTEXT() REPRESENTATION_CONTEXT('2D SPACE',''
  ) );
#7477 = PCURVE('',#7478,#7483);
#7478 = PLANE('',#7479);
#7479 = AXIS2_PLACEMENT_3D('',#7480,#7481,#7482);
#7480 = CARTESIAN_POINT('',(9.204965,-18.270142,-1.8));
#7481 = DIRECTION('',(0.,0.,1.));
#7482 = DIRECTION('',(1.,0.,-0.));
#7483 = DEFINITIONAL_REPRESENTATION('',(#7484),#7488);
#7484 = LINE('',#7485,#7486);
#7485 = CARTESIAN_POINT('',(1.2,0.));
#7486 = VECTOR('',#7487,1.);
#7487 = DIRECTION('',(0.,1.));
#7488 = ( GEOMETRIC_REPRESENTATION_CONTEXT(2) 
PARAMETRIC_REPRESENTATION_CONTEXT() REPRESENTATION_CONTEXT('2D SPACE',''
  ) );
#7489 = ORIENTED_EDGE('',*,*,#7490,.T.);
#7490 = EDGE_CURVE('',#7463,#3806,#7491,.T.);
#7491 = SURFACE_CURVE('',#7492,(#7497,#7504),.PCURVE_S1.);
#7492 = CIRCLE('',#7493,3.5);
#7493 = AXIS2_PLACEMENT_3D('',#7494,#7495,#7496);
#7494 = CARTESIAN_POINT('',(10.404965,-7.5,-1.8));
#7495 = DIRECTION('',(0.,0.,1.));
#7496 = DIRECTION('',(1.,0.,-0.));
#7497 = PCURVE('',#5650,#7498);
#7498 = DEFINITIONAL_REPRESENTATION('',(#7499),#7503);
#7499 = CIRCLE('',#7500,3.5);
#7500 = AXIS2_PLACEMENT_2D('',#7501,#7502);
#7501 = CARTESIAN_POINT('',(4.7,7.270142));
#7502 = DIRECTION('',(1.,0.));
#7503 = ( GEOMETRIC_REPRESENTATION_CONTEXT(2) 
PARAMETRIC_REPRESENTATION_CONTEXT() REPRESENTATION_CONTEXT('2D SPACE',''
  ) );
#7504 = PCURVE('',#5764,#7505);
#7505 = DEFINITIONAL_REPRESENTATION('',(#7506),#7510);
#7506 = CIRCLE('',#7507,3.5);
#7507 = AXIS2_PLACEMENT_2D('',#7508,#7509);
#7508 = CARTESIAN_POINT('',(4.7,7.270142));
#7509 = DIRECTION('',(1.,0.));
#7510 = ( GEOMETRIC_REPRESENTATION_CONTEXT(2) 
PARAMETRIC_REPRESENTATION_CONTEXT() REPRESENTATION_CONTEXT('2D SPACE',''
  ) );
#7511 = ADVANCED_FACE('',(#7512),#5706,.F.);
#7512 = FACE_BOUND('',#7513,.F.);
#7513 = EDGE_LOOP('',(#7514,#7515,#7538));
#7514 = ORIENTED_EDGE('',*,*,#5691,.T.);
#7515 = ORIENTED_EDGE('',*,*,#7516,.F.);
#7516 = EDGE_CURVE('',#7517,#5664,#7519,.T.);
#7517 = VERTEX_POINT('',#7518);
#7518 = CARTESIAN_POINT('',(10.404965,-7.5,-1.8));
#7519 = SURFACE_CURVE('',#7520,(#7524,#7531),.PCURVE_S1.);
#7520 = LINE('',#7521,#7522);
#7521 = CARTESIAN_POINT('',(10.404965,-18.270142,-1.8));
#7522 = VECTOR('',#7523,1.);
#7523 = DIRECTION('',(-0.,1.,0.));
#7524 = PCURVE('',#5706,#7525);
#7525 = DEFINITIONAL_REPRESENTATION('',(#7526),#7530);
#7526 = LINE('',#7527,#7528);
#7527 = CARTESIAN_POINT('',(1.2,-10.770142));
#7528 = VECTOR('',#7529,1.);
#7529 = DIRECTION('',(0.,1.));
#7530 = ( GEOMETRIC_REPRESENTATION_CONTEXT(2) 
PARAMETRIC_REPRESENTATION_CONTEXT() REPRESENTATION_CONTEXT('2D SPACE',''
  ) );
#7531 = PCURVE('',#6593,#7532);
#7532 = DEFINITIONAL_REPRESENTATION('',(#7533),#7537);
#7533 = LINE('',#7534,#7535);
#7534 = CARTESIAN_POINT('',(1.2,0.));
#7535 = VECTOR('',#7536,1.);
#7536 = DIRECTION('',(0.,1.));
#7537 = ( GEOMETRIC_REPRESENTATION_CONTEXT(2) 
PARAMETRIC_REPRESENTATION_CONTEXT() REPRESENTATION_CONTEXT('2D SPACE',''
  ) );
#7538 = ORIENTED_EDGE('',*,*,#7539,.T.);
#7539 = EDGE_CURVE('',#7517,#5635,#7540,.T.);
#7540 = SURFACE_CURVE('',#7541,(#7545,#7552),.PCURVE_S1.);
#7541 = LINE('',#7542,#7543);
#7542 = CARTESIAN_POINT('',(5.704965,-7.5,-1.8));
#7543 = VECTOR('',#7544,1.);
#7544 = DIRECTION('',(1.,0.,-0.));
#7545 = PCURVE('',#5706,#7546);
#7546 = DEFINITIONAL_REPRESENTATION('',(#7547),#7551);
#7547 = LINE('',#7548,#7549);
#7548 = CARTESIAN_POINT('',(-3.5,0.));
#7549 = VECTOR('',#7550,1.);
#7550 = DIRECTION('',(1.,0.));
#7551 = ( GEOMETRIC_REPRESENTATION_CONTEXT(2) 
PARAMETRIC_REPRESENTATION_CONTEXT() REPRESENTATION_CONTEXT('2D SPACE',''
  ) );
#7552 = PCURVE('',#7450,#7553);
#7553 = DEFINITIONAL_REPRESENTATION('',(#7554),#7558);
#7554 = LINE('',#7555,#7556);
#7555 = CARTESIAN_POINT('',(0.,7.270142));
#7556 = VECTOR('',#7557,1.);
#7557 = DIRECTION('',(1.,0.));
#7558 = ( GEOMETRIC_REPRESENTATION_CONTEXT(2) 
PARAMETRIC_REPRESENTATION_CONTEXT() REPRESENTATION_CONTEXT('2D SPACE',''
  ) );
#7559 = ADVANCED_FACE('',(#7560),#5679,.F.);
#7560 = FACE_BOUND('',#7561,.F.);
#7561 = EDGE_LOOP('',(#7562,#7563,#7564));
#7562 = ORIENTED_EDGE('',*,*,#5663,.T.);
#7563 = ORIENTED_EDGE('',*,*,#6714,.T.);
#7564 = ORIENTED_EDGE('',*,*,#7565,.F.);
#7565 = EDGE_CURVE('',#5664,#6666,#7566,.T.);
#7566 = SURFACE_CURVE('',#7567,(#7572,#7579),.PCURVE_S1.);
#7567 = CIRCLE('',#7568,3.5);
#7568 = AXIS2_PLACEMENT_3D('',#7569,#7570,#7571);
#7569 = CARTESIAN_POINT('',(9.204965,-7.5,-1.8));
#7570 = DIRECTION('',(0.,0.,1.));
#7571 = DIRECTION('',(1.,0.,-0.));
#7572 = PCURVE('',#5679,#7573);
#7573 = DEFINITIONAL_REPRESENTATION('',(#7574),#7578);
#7574 = CIRCLE('',#7575,3.5);
#7575 = AXIS2_PLACEMENT_2D('',#7576,#7577);
#7576 = CARTESIAN_POINT('',(0.,10.770142));
#7577 = DIRECTION('',(1.,0.));
#7578 = ( GEOMETRIC_REPRESENTATION_CONTEXT(2) 
PARAMETRIC_REPRESENTATION_CONTEXT() REPRESENTATION_CONTEXT('2D SPACE',''
  ) );
#7579 = PCURVE('',#6593,#7580);
#7580 = DEFINITIONAL_REPRESENTATION('',(#7581),#7585);
#7581 = CIRCLE('',#7582,3.5);
#7582 = AXIS2_PLACEMENT_2D('',#7583,#7584);
#7583 = CARTESIAN_POINT('',(0.,10.770142));
#7584 = DIRECTION('',(1.,0.));
#7585 = ( GEOMETRIC_REPRESENTATION_CONTEXT(2) 
PARAMETRIC_REPRESENTATION_CONTEXT() REPRESENTATION_CONTEXT('2D SPACE',''
  ) );
#7586 = ADVANCED_FACE('',(#7587),#5739,.T.);
#7587 = FACE_BOUND('',#7588,.T.);
#7588 = EDGE_LOOP('',(#7589,#7618,#7641,#7668));
#7589 = ORIENTED_EDGE('',*,*,#7590,.F.);
#7590 = EDGE_CURVE('',#7591,#5724,#7593,.T.);
#7591 = VERTEX_POINT('',#7592);
#7592 = CARTESIAN_POINT('',(10.404965,-18.270142,0.));
#7593 = SURFACE_CURVE('',#7594,(#7599,#7606),.PCURVE_S1.);
#7594 = CIRCLE('',#7595,3.5);
#7595 = AXIS2_PLACEMENT_3D('',#7596,#7597,#7598);
#7596 = CARTESIAN_POINT('',(10.404965,-14.770142,0.));
#7597 = DIRECTION('',(0.,0.,1.));
#7598 = DIRECTION('',(1.,0.,-0.));
#7599 = PCURVE('',#5739,#7600);
#7600 = DEFINITIONAL_REPRESENTATION('',(#7601),#7605);
#7601 = LINE('',#7602,#7603);
#7602 = CARTESIAN_POINT('',(0.,1.8));
#7603 = VECTOR('',#7604,1.);
#7604 = DIRECTION('',(1.,0.));
#7605 = ( GEOMETRIC_REPRESENTATION_CONTEXT(2) 
PARAMETRIC_REPRESENTATION_CONTEXT() REPRESENTATION_CONTEXT('2D SPACE',''
  ) );
#7606 = PCURVE('',#7607,#7612);
#7607 = PLANE('',#7608);
#7608 = AXIS2_PLACEMENT_3D('',#7609,#7610,#7611);
#7609 = CARTESIAN_POINT('',(10.404965,-14.770142,0.));
#7610 = DIRECTION('',(0.,0.,1.));
#7611 = DIRECTION('',(1.,0.,-0.));
#7612 = DEFINITIONAL_REPRESENTATION('',(#7613),#7617);
#7613 = CIRCLE('',#7614,3.5);
#7614 = AXIS2_PLACEMENT_2D('',#7615,#7616);
#7615 = CARTESIAN_POINT('',(0.,0.));
#7616 = DIRECTION('',(1.,0.));
#7617 = ( GEOMETRIC_REPRESENTATION_CONTEXT(2) 
PARAMETRIC_REPRESENTATION_CONTEXT() REPRESENTATION_CONTEXT('2D SPACE',''
  ) );
#7618 = ORIENTED_EDGE('',*,*,#7619,.F.);
#7619 = EDGE_CURVE('',#7620,#7591,#7622,.T.);
#7620 = VERTEX_POINT('',#7621);
#7621 = CARTESIAN_POINT('',(10.404965,-18.270142,-1.8));
#7622 = SURFACE_CURVE('',#7623,(#7627,#7634),.PCURVE_S1.);
#7623 = LINE('',#7624,#7625);
#7624 = CARTESIAN_POINT('',(10.404965,-18.270142,-1.8));
#7625 = VECTOR('',#7626,1.);
#7626 = DIRECTION('',(0.,0.,1.));
#7627 = PCURVE('',#5739,#7628);
#7628 = DEFINITIONAL_REPRESENTATION('',(#7629),#7633);
#7629 = LINE('',#7630,#7631);
#7630 = CARTESIAN_POINT('',(4.712388980385,0.));
#7631 = VECTOR('',#7632,1.);
#7632 = DIRECTION('',(0.,1.));
#7633 = ( GEOMETRIC_REPRESENTATION_CONTEXT(2) 
PARAMETRIC_REPRESENTATION_CONTEXT() REPRESENTATION_CONTEXT('2D SPACE',''
  ) );
#7634 = PCURVE('',#6424,#7635);
#7635 = DEFINITIONAL_REPRESENTATION('',(#7636),#7640);
#7636 = LINE('',#7637,#7638);
#7637 = CARTESIAN_POINT('',(0.,1.2));
#7638 = VECTOR('',#7639,1.);
#7639 = DIRECTION('',(1.,0.));
#7640 = ( GEOMETRIC_REPRESENTATION_CONTEXT(2) 
PARAMETRIC_REPRESENTATION_CONTEXT() REPRESENTATION_CONTEXT('2D SPACE',''
  ) );
#7641 = ORIENTED_EDGE('',*,*,#7642,.T.);
#7642 = EDGE_CURVE('',#7620,#5722,#7643,.T.);
#7643 = SURFACE_CURVE('',#7644,(#7649,#7656),.PCURVE_S1.);
#7644 = CIRCLE('',#7645,3.5);
#7645 = AXIS2_PLACEMENT_3D('',#7646,#7647,#7648);
#7646 = CARTESIAN_POINT('',(10.404965,-14.770142,-1.8));
#7647 = DIRECTION('',(0.,0.,1.));
#7648 = DIRECTION('',(1.,0.,-0.));
#7649 = PCURVE('',#5739,#7650);
#7650 = DEFINITIONAL_REPRESENTATION('',(#7651),#7655);
#7651 = LINE('',#7652,#7653);
#7652 = CARTESIAN_POINT('',(0.,0.));
#7653 = VECTOR('',#7654,1.);
#7654 = DIRECTION('',(1.,0.));
#7655 = ( GEOMETRIC_REPRESENTATION_CONTEXT(2) 
PARAMETRIC_REPRESENTATION_CONTEXT() REPRESENTATION_CONTEXT('2D SPACE',''
  ) );
#7656 = PCURVE('',#7657,#7662);
#7657 = PLANE('',#7658);
#7658 = AXIS2_PLACEMENT_3D('',#7659,#7660,#7661);
#7659 = CARTESIAN_POINT('',(10.404965,-14.770142,-1.8));
#7660 = DIRECTION('',(0.,0.,1.));
#7661 = DIRECTION('',(1.,0.,-0.));
#7662 = DEFINITIONAL_REPRESENTATION('',(#7663),#7667);
#7663 = CIRCLE('',#7664,3.5);
#7664 = AXIS2_PLACEMENT_2D('',#7665,#7666);
#7665 = CARTESIAN_POINT('',(0.,0.));
#7666 = DIRECTION('',(1.,0.));
#7667 = ( GEOMETRIC_REPRESENTATION_CONTEXT(2) 
PARAMETRIC_REPRESENTATION_CONTEXT() REPRESENTATION_CONTEXT('2D SPACE',''
  ) );
#7668 = ORIENTED_EDGE('',*,*,#5721,.T.);
#7669 = ADVANCED_FACE('',(#7670),#5791,.T.);
#7670 = FACE_BOUND('',#7671,.T.);
#7671 = EDGE_LOOP('',(#7672,#7673,#7674,#7697));
#7672 = ORIENTED_EDGE('',*,*,#5777,.T.);
#7673 = ORIENTED_EDGE('',*,*,#7407,.F.);
#7674 = ORIENTED_EDGE('',*,*,#7675,.F.);
#7675 = EDGE_CURVE('',#7676,#7380,#7678,.T.);
#7676 = VERTEX_POINT('',#7677);
#7677 = CARTESIAN_POINT('',(10.404965,-11.270142,0.));
#7678 = SURFACE_CURVE('',#7679,(#7683,#7690),.PCURVE_S1.);
#7679 = LINE('',#7680,#7681);
#7680 = CARTESIAN_POINT('',(10.404965,-18.270142,0.));
#7681 = VECTOR('',#7682,1.);
#7682 = DIRECTION('',(-0.,1.,0.));
#7683 = PCURVE('',#5791,#7684);
#7684 = DEFINITIONAL_REPRESENTATION('',(#7685),#7689);
#7685 = LINE('',#7686,#7687);
#7686 = CARTESIAN_POINT('',(4.7,-3.5));
#7687 = VECTOR('',#7688,1.);
#7688 = DIRECTION('',(0.,1.));
#7689 = ( GEOMETRIC_REPRESENTATION_CONTEXT(2) 
PARAMETRIC_REPRESENTATION_CONTEXT() REPRESENTATION_CONTEXT('2D SPACE',''
  ) );
#7690 = PCURVE('',#6259,#7691);
#7691 = DEFINITIONAL_REPRESENTATION('',(#7692),#7696);
#7692 = LINE('',#7693,#7694);
#7693 = CARTESIAN_POINT('',(1.2,0.));
#7694 = VECTOR('',#7695,1.);
#7695 = DIRECTION('',(0.,1.));
#7696 = ( GEOMETRIC_REPRESENTATION_CONTEXT(2) 
PARAMETRIC_REPRESENTATION_CONTEXT() REPRESENTATION_CONTEXT('2D SPACE',''
  ) );
#7697 = ORIENTED_EDGE('',*,*,#7698,.F.);
#7698 = EDGE_CURVE('',#5724,#7676,#7699,.T.);
#7699 = SURFACE_CURVE('',#7700,(#7705,#7712),.PCURVE_S1.);
#7700 = CIRCLE('',#7701,3.5);
#7701 = AXIS2_PLACEMENT_3D('',#7702,#7703,#7704);
#7702 = CARTESIAN_POINT('',(10.404965,-14.770142,0.));
#7703 = DIRECTION('',(0.,0.,1.));
#7704 = DIRECTION('',(1.,0.,-0.));
#7705 = PCURVE('',#5791,#7706);
#7706 = DEFINITIONAL_REPRESENTATION('',(#7707),#7711);
#7707 = CIRCLE('',#7708,3.5);
#7708 = AXIS2_PLACEMENT_2D('',#7709,#7710);
#7709 = CARTESIAN_POINT('',(4.7,0.));
#7710 = DIRECTION('',(1.,0.));
#7711 = ( GEOMETRIC_REPRESENTATION_CONTEXT(2) 
PARAMETRIC_REPRESENTATION_CONTEXT() REPRESENTATION_CONTEXT('2D SPACE',''
  ) );
#7712 = PCURVE('',#7713,#7718);
#7713 = PLANE('',#7714);
#7714 = AXIS2_PLACEMENT_3D('',#7715,#7716,#7717);
#7715 = CARTESIAN_POINT('',(5.704965,-14.770142,0.));
#7716 = DIRECTION('',(0.,0.,1.));
#7717 = DIRECTION('',(1.,0.,-0.));
#7718 = DEFINITIONAL_REPRESENTATION('',(#7719),#7723);
#7719 = CIRCLE('',#7720,3.5);
#7720 = AXIS2_PLACEMENT_2D('',#7721,#7722);
#7721 = CARTESIAN_POINT('',(4.7,0.));
#7722 = DIRECTION('',(1.,0.));
#7723 = ( GEOMETRIC_REPRESENTATION_CONTEXT(2) 
PARAMETRIC_REPRESENTATION_CONTEXT() REPRESENTATION_CONTEXT('2D SPACE',''
  ) );
#7724 = ADVANCED_FACE('',(#7725),#5764,.F.);
#7725 = FACE_BOUND('',#7726,.F.);
#7726 = EDGE_LOOP('',(#7727,#7756,#7757,#7758,#7781));
#7727 = ORIENTED_EDGE('',*,*,#7728,.F.);
#7728 = EDGE_CURVE('',#5722,#7729,#7731,.T.);
#7729 = VERTEX_POINT('',#7730);
#7730 = CARTESIAN_POINT('',(11.045798163196,-11.3293088368,-1.8));
#7731 = SURFACE_CURVE('',#7732,(#7737,#7744),.PCURVE_S1.);
#7732 = CIRCLE('',#7733,3.5);
#7733 = AXIS2_PLACEMENT_3D('',#7734,#7735,#7736);
#7734 = CARTESIAN_POINT('',(10.404965,-14.770142,-1.8));
#7735 = DIRECTION('',(0.,0.,1.));
#7736 = DIRECTION('',(1.,0.,-0.));
#7737 = PCURVE('',#5764,#7738);
#7738 = DEFINITIONAL_REPRESENTATION('',(#7739),#7743);
#7739 = CIRCLE('',#7740,3.5);
#7740 = AXIS2_PLACEMENT_2D('',#7741,#7742);
#7741 = CARTESIAN_POINT('',(4.7,0.));
#7742 = DIRECTION('',(1.,0.));
#7743 = ( GEOMETRIC_REPRESENTATION_CONTEXT(2) 
PARAMETRIC_REPRESENTATION_CONTEXT() REPRESENTATION_CONTEXT('2D SPACE',''
  ) );
#7744 = PCURVE('',#7745,#7750);
#7745 = PLANE('',#7746);
#7746 = AXIS2_PLACEMENT_3D('',#7747,#7748,#7749);
#7747 = CARTESIAN_POINT('',(5.704965,-14.770142,-1.8));
#7748 = DIRECTION('',(0.,0.,1.));
#7749 = DIRECTION('',(1.,0.,-0.));
#7750 = DEFINITIONAL_REPRESENTATION('',(#7751),#7755);
#7751 = CIRCLE('',#7752,3.5);
#7752 = AXIS2_PLACEMENT_2D('',#7753,#7754);
#7753 = CARTESIAN_POINT('',(4.7,0.));
#7754 = DIRECTION('',(1.,0.));
#7755 = ( GEOMETRIC_REPRESENTATION_CONTEXT(2) 
PARAMETRIC_REPRESENTATION_CONTEXT() REPRESENTATION_CONTEXT('2D SPACE',''
  ) );
#7756 = ORIENTED_EDGE('',*,*,#5750,.T.);
#7757 = ORIENTED_EDGE('',*,*,#7490,.F.);
#7758 = ORIENTED_EDGE('',*,*,#7759,.F.);
#7759 = EDGE_CURVE('',#7760,#7463,#7762,.T.);
#7760 = VERTEX_POINT('',#7761);
#7761 = CARTESIAN_POINT('',(10.404965,-11.12876073485,-1.8));
#7762 = SURFACE_CURVE('',#7763,(#7767,#7774),.PCURVE_S1.);
#7763 = LINE('',#7764,#7765);
#7764 = CARTESIAN_POINT('',(10.404965,-18.270142,-1.8));
#7765 = VECTOR('',#7766,1.);
#7766 = DIRECTION('',(-0.,1.,0.));
#7767 = PCURVE('',#5764,#7768);
#7768 = DEFINITIONAL_REPRESENTATION('',(#7769),#7773);
#7769 = LINE('',#7770,#7771);
#7770 = CARTESIAN_POINT('',(4.7,-3.5));
#7771 = VECTOR('',#7772,1.);
#7772 = DIRECTION('',(0.,1.));
#7773 = ( GEOMETRIC_REPRESENTATION_CONTEXT(2) 
PARAMETRIC_REPRESENTATION_CONTEXT() REPRESENTATION_CONTEXT('2D SPACE',''
  ) );
#7774 = PCURVE('',#6536,#7775);
#7775 = DEFINITIONAL_REPRESENTATION('',(#7776),#7780);
#7776 = LINE('',#7777,#7778);
#7777 = CARTESIAN_POINT('',(1.2,0.));
#7778 = VECTOR('',#7779,1.);
#7779 = DIRECTION('',(0.,1.));
#7780 = ( GEOMETRIC_REPRESENTATION_CONTEXT(2) 
PARAMETRIC_REPRESENTATION_CONTEXT() REPRESENTATION_CONTEXT('2D SPACE',''
  ) );
#7781 = ORIENTED_EDGE('',*,*,#7782,.F.);
#7782 = EDGE_CURVE('',#7729,#7760,#7783,.T.);
#7783 = SURFACE_CURVE('',#7784,(#7789,#7796),.PCURVE_S1.);
#7784 = CIRCLE('',#7785,3.1);
#7785 = AXIS2_PLACEMENT_3D('',#7786,#7787,#7788);
#7786 = CARTESIAN_POINT('',(9.804965,-14.170142,-1.8));
#7787 = DIRECTION('',(0.,0.,1.));
#7788 = DIRECTION('',(1.,0.,-0.));
#7789 = PCURVE('',#5764,#7790);
#7790 = DEFINITIONAL_REPRESENTATION('',(#7791),#7795);
#7791 = CIRCLE('',#7792,3.1);
#7792 = AXIS2_PLACEMENT_2D('',#7793,#7794);
#7793 = CARTESIAN_POINT('',(4.1,0.6));
#7794 = DIRECTION('',(1.,0.));
#7795 = ( GEOMETRIC_REPRESENTATION_CONTEXT(2) 
PARAMETRIC_REPRESENTATION_CONTEXT() REPRESENTATION_CONTEXT('2D SPACE',''
  ) );
#7796 = PCURVE('',#6510,#7797);
#7797 = DEFINITIONAL_REPRESENTATION('',(#7798),#7802);
#7798 = LINE('',#7799,#7800);
#7799 = CARTESIAN_POINT('',(0.,1.E-01));
#7800 = VECTOR('',#7801,1.);
#7801 = DIRECTION('',(1.,0.));
#7802 = ( GEOMETRIC_REPRESENTATION_CONTEXT(2) 
PARAMETRIC_REPRESENTATION_CONTEXT() REPRESENTATION_CONTEXT('2D SPACE',''
  ) );
#7803 = ADVANCED_FACE('',(#7804),#5849,.T.);
#7804 = FACE_BOUND('',#7805,.T.);
#7805 = EDGE_LOOP('',(#7806,#7807,#7833,#7834,#7835));
#7806 = ORIENTED_EDGE('',*,*,#5865,.T.);
#7807 = ORIENTED_EDGE('',*,*,#7808,.T.);
#7808 = EDGE_CURVE('',#5866,#7223,#7809,.T.);
#7809 = SURFACE_CURVE('',#7810,(#7814,#7821),.PCURVE_S1.);
#7810 = LINE('',#7811,#7812);
#7811 = CARTESIAN_POINT('',(-13.904941,-7.5,0.));
#7812 = VECTOR('',#7813,1.);
#7813 = DIRECTION('',(1.,0.,-0.));
#7814 = PCURVE('',#5849,#7815);
#7815 = DEFINITIONAL_REPRESENTATION('',(#7816),#7820);
#7816 = LINE('',#7817,#7818);
#7817 = CARTESIAN_POINT('',(-3.5,0.));
#7818 = VECTOR('',#7819,1.);
#7819 = DIRECTION('',(1.,0.));
#7820 = ( GEOMETRIC_REPRESENTATION_CONTEXT(2) 
PARAMETRIC_REPRESENTATION_CONTEXT() REPRESENTATION_CONTEXT('2D SPACE',''
  ) );
#7821 = PCURVE('',#7822,#7827);
#7822 = PLANE('',#7823);
#7823 = AXIS2_PLACEMENT_3D('',#7824,#7825,#7826);
#7824 = CARTESIAN_POINT('',(-13.904941,-14.768516,0.));
#7825 = DIRECTION('',(0.,0.,1.));
#7826 = DIRECTION('',(1.,0.,-0.));
#7827 = DEFINITIONAL_REPRESENTATION('',(#7828),#7832);
#7828 = LINE('',#7829,#7830);
#7829 = CARTESIAN_POINT('',(0.,7.268516));
#7830 = VECTOR('',#7831,1.);
#7831 = DIRECTION('',(1.,0.));
#7832 = ( GEOMETRIC_REPRESENTATION_CONTEXT(2) 
PARAMETRIC_REPRESENTATION_CONTEXT() REPRESENTATION_CONTEXT('2D SPACE',''
  ) );
#7833 = ORIENTED_EDGE('',*,*,#7222,.T.);
#7834 = ORIENTED_EDGE('',*,*,#6136,.F.);
#7835 = ORIENTED_EDGE('',*,*,#5834,.F.);
#7836 = ADVANCED_FACE('',(#7837),#5905,.T.);
#7837 = FACE_BOUND('',#7838,.T.);
#7838 = EDGE_LOOP('',(#7839,#7840,#7864,#7892));
#7839 = ORIENTED_EDGE('',*,*,#5891,.F.);
#7840 = ORIENTED_EDGE('',*,*,#7841,.T.);
#7841 = EDGE_CURVE('',#4133,#7842,#7844,.T.);
#7842 = VERTEX_POINT('',#7843);
#7843 = CARTESIAN_POINT('',(-10.404941,-11.,0.));
#7844 = SURFACE_CURVE('',#7845,(#7850,#7857),.PCURVE_S1.);
#7845 = CIRCLE('',#7846,3.5);
#7846 = AXIS2_PLACEMENT_3D('',#7847,#7848,#7849);
#7847 = CARTESIAN_POINT('',(-10.404941,-7.5,0.));
#7848 = DIRECTION('',(0.,0.,1.));
#7849 = DIRECTION('',(1.,0.,-0.));
#7850 = PCURVE('',#5905,#7851);
#7851 = DEFINITIONAL_REPRESENTATION('',(#7852),#7856);
#7852 = CIRCLE('',#7853,3.5);
#7853 = AXIS2_PLACEMENT_2D('',#7854,#7855);
#7854 = CARTESIAN_POINT('',(3.5,7.268516));
#7855 = DIRECTION('',(1.,0.));
#7856 = ( GEOMETRIC_REPRESENTATION_CONTEXT(2) 
PARAMETRIC_REPRESENTATION_CONTEXT() REPRESENTATION_CONTEXT('2D SPACE',''
  ) );
#7857 = PCURVE('',#5991,#7858);
#7858 = DEFINITIONAL_REPRESENTATION('',(#7859),#7863);
#7859 = CIRCLE('',#7860,3.5);
#7860 = AXIS2_PLACEMENT_2D('',#7861,#7862);
#7861 = CARTESIAN_POINT('',(3.5,7.268516));
#7862 = DIRECTION('',(1.,0.));
#7863 = ( GEOMETRIC_REPRESENTATION_CONTEXT(2) 
PARAMETRIC_REPRESENTATION_CONTEXT() REPRESENTATION_CONTEXT('2D SPACE',''
  ) );
#7864 = ORIENTED_EDGE('',*,*,#7865,.T.);
#7865 = EDGE_CURVE('',#7842,#7866,#7868,.T.);
#7866 = VERTEX_POINT('',#7867);
#7867 = CARTESIAN_POINT('',(-10.404941,-10.78785644455,0.));
#7868 = SURFACE_CURVE('',#7869,(#7873,#7880),.PCURVE_S1.);
#7869 = LINE('',#7870,#7871);
#7870 = CARTESIAN_POINT('',(-10.404941,-18.268516,0.));
#7871 = VECTOR('',#7872,1.);
#7872 = DIRECTION('',(-0.,1.,0.));
#7873 = PCURVE('',#5905,#7874);
#7874 = DEFINITIONAL_REPRESENTATION('',(#7875),#7879);
#7875 = LINE('',#7876,#7877);
#7876 = CARTESIAN_POINT('',(3.5,-3.5));
#7877 = VECTOR('',#7878,1.);
#7878 = DIRECTION('',(0.,1.));
#7879 = ( GEOMETRIC_REPRESENTATION_CONTEXT(2) 
PARAMETRIC_REPRESENTATION_CONTEXT() REPRESENTATION_CONTEXT('2D SPACE',''
  ) );
#7880 = PCURVE('',#7881,#7886);
#7881 = PLANE('',#7882);
#7882 = AXIS2_PLACEMENT_3D('',#7883,#7884,#7885);
#7883 = CARTESIAN_POINT('',(-10.404941,-18.268516,0.));
#7884 = DIRECTION('',(0.,0.,1.));
#7885 = DIRECTION('',(1.,0.,-0.));
#7886 = DEFINITIONAL_REPRESENTATION('',(#7887),#7891);
#7887 = LINE('',#7888,#7889);
#7888 = CARTESIAN_POINT('',(0.,0.));
#7889 = VECTOR('',#7890,1.);
#7890 = DIRECTION('',(0.,1.));
#7891 = ( GEOMETRIC_REPRESENTATION_CONTEXT(2) 
PARAMETRIC_REPRESENTATION_CONTEXT() REPRESENTATION_CONTEXT('2D SPACE',''
  ) );
#7892 = ORIENTED_EDGE('',*,*,#7893,.F.);
#7893 = EDGE_CURVE('',#5866,#7866,#7894,.T.);
#7894 = SURFACE_CURVE('',#7895,(#7900,#7907),.PCURVE_S1.);
#7895 = CIRCLE('',#7896,3.5);
#7896 = AXIS2_PLACEMENT_3D('',#7897,#7898,#7899);
#7897 = CARTESIAN_POINT('',(-9.204941,-7.5,0.));
#7898 = DIRECTION('',(0.,0.,1.));
#7899 = DIRECTION('',(1.,0.,-0.));
#7900 = PCURVE('',#5905,#7901);
#7901 = DEFINITIONAL_REPRESENTATION('',(#7902),#7906);
#7902 = CIRCLE('',#7903,3.5);
#7903 = AXIS2_PLACEMENT_2D('',#7904,#7905);
#7904 = CARTESIAN_POINT('',(4.7,7.268516));
#7905 = DIRECTION('',(1.,0.));
#7906 = ( GEOMETRIC_REPRESENTATION_CONTEXT(2) 
PARAMETRIC_REPRESENTATION_CONTEXT() REPRESENTATION_CONTEXT('2D SPACE',''
  ) );
#7907 = PCURVE('',#7822,#7908);
#7908 = DEFINITIONAL_REPRESENTATION('',(#7909),#7913);
#7909 = CIRCLE('',#7910,3.5);
#7910 = AXIS2_PLACEMENT_2D('',#7911,#7912);
#7911 = CARTESIAN_POINT('',(4.7,7.268516));
#7912 = DIRECTION('',(1.,0.));
#7913 = ( GEOMETRIC_REPRESENTATION_CONTEXT(2) 
PARAMETRIC_REPRESENTATION_CONTEXT() REPRESENTATION_CONTEXT('2D SPACE',''
  ) );
#7914 = ADVANCED_FACE('',(#7915),#5938,.T.);
#7915 = FACE_BOUND('',#7916,.T.);
#7916 = EDGE_LOOP('',(#7917,#7946,#7947,#7976));
#7917 = ORIENTED_EDGE('',*,*,#7918,.F.);
#7918 = EDGE_CURVE('',#5923,#7919,#7921,.T.);
#7919 = VERTEX_POINT('',#7920);
#7920 = CARTESIAN_POINT('',(-10.404941,-18.268516,0.));
#7921 = SURFACE_CURVE('',#7922,(#7927,#7934),.PCURVE_S1.);
#7922 = CIRCLE('',#7923,3.5);
#7923 = AXIS2_PLACEMENT_3D('',#7924,#7925,#7926);
#7924 = CARTESIAN_POINT('',(-10.404941,-14.768516,0.));
#7925 = DIRECTION('',(0.,0.,1.));
#7926 = DIRECTION('',(1.,0.,-0.));
#7927 = PCURVE('',#5938,#7928);
#7928 = DEFINITIONAL_REPRESENTATION('',(#7929),#7933);
#7929 = LINE('',#7930,#7931);
#7930 = CARTESIAN_POINT('',(0.,1.8));
#7931 = VECTOR('',#7932,1.);
#7932 = DIRECTION('',(1.,0.));
#7933 = ( GEOMETRIC_REPRESENTATION_CONTEXT(2) 
PARAMETRIC_REPRESENTATION_CONTEXT() REPRESENTATION_CONTEXT('2D SPACE',''
  ) );
#7934 = PCURVE('',#7935,#7940);
#7935 = PLANE('',#7936);
#7936 = AXIS2_PLACEMENT_3D('',#7937,#7938,#7939);
#7937 = CARTESIAN_POINT('',(-10.404941,-14.768516,0.));
#7938 = DIRECTION('',(0.,0.,1.));
#7939 = DIRECTION('',(1.,0.,-0.));
#7940 = DEFINITIONAL_REPRESENTATION('',(#7941),#7945);
#7941 = CIRCLE('',#7942,3.5);
#7942 = AXIS2_PLACEMENT_2D('',#7943,#7944);
#7943 = CARTESIAN_POINT('',(0.,0.));
#7944 = DIRECTION('',(1.,0.));
#7945 = ( GEOMETRIC_REPRESENTATION_CONTEXT(2) 
PARAMETRIC_REPRESENTATION_CONTEXT() REPRESENTATION_CONTEXT('2D SPACE',''
  ) );
#7946 = ORIENTED_EDGE('',*,*,#5920,.F.);
#7947 = ORIENTED_EDGE('',*,*,#7948,.T.);
#7948 = EDGE_CURVE('',#5921,#7949,#7951,.T.);
#7949 = VERTEX_POINT('',#7950);
#7950 = CARTESIAN_POINT('',(-10.404941,-18.268516,-1.8));
#7951 = SURFACE_CURVE('',#7952,(#7957,#7964),.PCURVE_S1.);
#7952 = CIRCLE('',#7953,3.5);
#7953 = AXIS2_PLACEMENT_3D('',#7954,#7955,#7956);
#7954 = CARTESIAN_POINT('',(-10.404941,-14.768516,-1.8));
#7955 = DIRECTION('',(0.,0.,1.));
#7956 = DIRECTION('',(1.,0.,-0.));
#7957 = PCURVE('',#5938,#7958);
#7958 = DEFINITIONAL_REPRESENTATION('',(#7959),#7963);
#7959 = LINE('',#7960,#7961);
#7960 = CARTESIAN_POINT('',(0.,0.));
#7961 = VECTOR('',#7962,1.);
#7962 = DIRECTION('',(1.,0.));
#7963 = ( GEOMETRIC_REPRESENTATION_CONTEXT(2) 
PARAMETRIC_REPRESENTATION_CONTEXT() REPRESENTATION_CONTEXT('2D SPACE',''
  ) );
#7964 = PCURVE('',#7965,#7970);
#7965 = PLANE('',#7966);
#7966 = AXIS2_PLACEMENT_3D('',#7967,#7968,#7969);
#7967 = CARTESIAN_POINT('',(-10.404941,-14.768516,-1.8));
#7968 = DIRECTION('',(0.,0.,1.));
#7969 = DIRECTION('',(1.,0.,-0.));
#7970 = DEFINITIONAL_REPRESENTATION('',(#7971),#7975);
#7971 = CIRCLE('',#7972,3.5);
#7972 = AXIS2_PLACEMENT_2D('',#7973,#7974);
#7973 = CARTESIAN_POINT('',(0.,0.));
#7974 = DIRECTION('',(1.,0.));
#7975 = ( GEOMETRIC_REPRESENTATION_CONTEXT(2) 
PARAMETRIC_REPRESENTATION_CONTEXT() REPRESENTATION_CONTEXT('2D SPACE',''
  ) );
#7976 = ORIENTED_EDGE('',*,*,#7977,.T.);
#7977 = EDGE_CURVE('',#7949,#7919,#7978,.T.);
#7978 = SURFACE_CURVE('',#7979,(#7983,#7990),.PCURVE_S1.);
#7979 = LINE('',#7980,#7981);
#7980 = CARTESIAN_POINT('',(-10.404941,-18.268516,-1.8));
#7981 = VECTOR('',#7982,1.);
#7982 = DIRECTION('',(0.,0.,1.));
#7983 = PCURVE('',#5938,#7984);
#7984 = DEFINITIONAL_REPRESENTATION('',(#7985),#7989);
#7985 = LINE('',#7986,#7987);
#7986 = CARTESIAN_POINT('',(4.712388980385,0.));
#7987 = VECTOR('',#7988,1.);
#7988 = DIRECTION('',(0.,1.));
#7989 = ( GEOMETRIC_REPRESENTATION_CONTEXT(2) 
PARAMETRIC_REPRESENTATION_CONTEXT() REPRESENTATION_CONTEXT('2D SPACE',''
  ) );
#7990 = PCURVE('',#6999,#7991);
#7991 = DEFINITIONAL_REPRESENTATION('',(#7992),#7996);
#7992 = LINE('',#7993,#7994);
#7993 = CARTESIAN_POINT('',(0.,0.));
#7994 = VECTOR('',#7995,1.);
#7995 = DIRECTION('',(1.,0.));
#7996 = ( GEOMETRIC_REPRESENTATION_CONTEXT(2) 
PARAMETRIC_REPRESENTATION_CONTEXT() REPRESENTATION_CONTEXT('2D SPACE',''
  ) );
#7997 = ADVANCED_FACE('',(#7998),#5991,.T.);
#7998 = FACE_BOUND('',#7999,.T.);
#7999 = EDGE_LOOP('',(#8000,#8001,#8002,#8031));
#8000 = ORIENTED_EDGE('',*,*,#7841,.F.);
#8001 = ORIENTED_EDGE('',*,*,#5977,.F.);
#8002 = ORIENTED_EDGE('',*,*,#8003,.F.);
#8003 = EDGE_CURVE('',#8004,#5923,#8006,.T.);
#8004 = VERTEX_POINT('',#8005);
#8005 = CARTESIAN_POINT('',(-10.404941,-11.268516,0.));
#8006 = SURFACE_CURVE('',#8007,(#8012,#8019),.PCURVE_S1.);
#8007 = CIRCLE('',#8008,3.5);
#8008 = AXIS2_PLACEMENT_3D('',#8009,#8010,#8011);
#8009 = CARTESIAN_POINT('',(-10.404941,-14.768516,0.));
#8010 = DIRECTION('',(0.,0.,1.));
#8011 = DIRECTION('',(1.,0.,-0.));
#8012 = PCURVE('',#5991,#8013);
#8013 = DEFINITIONAL_REPRESENTATION('',(#8014),#8018);
#8014 = CIRCLE('',#8015,3.5);
#8015 = AXIS2_PLACEMENT_2D('',#8016,#8017);
#8016 = CARTESIAN_POINT('',(3.5,0.));
#8017 = DIRECTION('',(1.,0.));
#8018 = ( GEOMETRIC_REPRESENTATION_CONTEXT(2) 
PARAMETRIC_REPRESENTATION_CONTEXT() REPRESENTATION_CONTEXT('2D SPACE',''
  ) );
#8019 = PCURVE('',#8020,#8025);
#8020 = PLANE('',#8021);
#8021 = AXIS2_PLACEMENT_3D('',#8022,#8023,#8024);
#8022 = CARTESIAN_POINT('',(-13.904941,-14.768516,0.));
#8023 = DIRECTION('',(0.,0.,1.));
#8024 = DIRECTION('',(1.,0.,-0.));
#8025 = DEFINITIONAL_REPRESENTATION('',(#8026),#8030);
#8026 = CIRCLE('',#8027,3.5);
#8027 = AXIS2_PLACEMENT_2D('',#8028,#8029);
#8028 = CARTESIAN_POINT('',(3.5,0.));
#8029 = DIRECTION('',(1.,0.));
#8030 = ( GEOMETRIC_REPRESENTATION_CONTEXT(2) 
PARAMETRIC_REPRESENTATION_CONTEXT() REPRESENTATION_CONTEXT('2D SPACE',''
  ) );
#8031 = ORIENTED_EDGE('',*,*,#8032,.T.);
#8032 = EDGE_CURVE('',#8004,#7842,#8033,.T.);
#8033 = SURFACE_CURVE('',#8034,(#8038,#8045),.PCURVE_S1.);
#8034 = LINE('',#8035,#8036);
#8035 = CARTESIAN_POINT('',(-10.404941,-18.268516,0.));
#8036 = VECTOR('',#8037,1.);
#8037 = DIRECTION('',(-0.,1.,0.));
#8038 = PCURVE('',#5991,#8039);
#8039 = DEFINITIONAL_REPRESENTATION('',(#8040),#8044);
#8040 = LINE('',#8041,#8042);
#8041 = CARTESIAN_POINT('',(3.5,-3.5));
#8042 = VECTOR('',#8043,1.);
#8043 = DIRECTION('',(0.,1.));
#8044 = ( GEOMETRIC_REPRESENTATION_CONTEXT(2) 
PARAMETRIC_REPRESENTATION_CONTEXT() REPRESENTATION_CONTEXT('2D SPACE',''
  ) );
#8045 = PCURVE('',#7060,#8046);
#8046 = DEFINITIONAL_REPRESENTATION('',(#8047),#8051);
#8047 = LINE('',#8048,#8049);
#8048 = CARTESIAN_POINT('',(0.,0.));
#8049 = VECTOR('',#8050,1.);
#8050 = DIRECTION('',(0.,1.));
#8051 = ( GEOMETRIC_REPRESENTATION_CONTEXT(2) 
PARAMETRIC_REPRESENTATION_CONTEXT() REPRESENTATION_CONTEXT('2D SPACE',''
  ) );
#8052 = ADVANCED_FACE('',(#8053),#5964,.F.);
#8053 = FACE_BOUND('',#8054,.F.);
#8054 = EDGE_LOOP('',(#8055,#8079,#8080,#8109,#8133));
#8055 = ORIENTED_EDGE('',*,*,#8056,.F.);
#8056 = EDGE_CURVE('',#4104,#8057,#8059,.T.);
#8057 = VERTEX_POINT('',#8058);
#8058 = CARTESIAN_POINT('',(-10.404941,-11.,-1.8));
#8059 = SURFACE_CURVE('',#8060,(#8065,#8072),.PCURVE_S1.);
#8060 = CIRCLE('',#8061,3.5);
#8061 = AXIS2_PLACEMENT_3D('',#8062,#8063,#8064);
#8062 = CARTESIAN_POINT('',(-10.404941,-7.5,-1.8));
#8063 = DIRECTION('',(0.,0.,1.));
#8064 = DIRECTION('',(1.,0.,-0.));
#8065 = PCURVE('',#5964,#8066);
#8066 = DEFINITIONAL_REPRESENTATION('',(#8067),#8071);
#8067 = CIRCLE('',#8068,3.5);
#8068 = AXIS2_PLACEMENT_2D('',#8069,#8070);
#8069 = CARTESIAN_POINT('',(3.5,7.268516));
#8070 = DIRECTION('',(1.,0.));
#8071 = ( GEOMETRIC_REPRESENTATION_CONTEXT(2) 
PARAMETRIC_REPRESENTATION_CONTEXT() REPRESENTATION_CONTEXT('2D SPACE',''
  ) );
#8072 = PCURVE('',#6078,#8073);
#8073 = DEFINITIONAL_REPRESENTATION('',(#8074),#8078);
#8074 = CIRCLE('',#8075,3.5);
#8075 = AXIS2_PLACEMENT_2D('',#8076,#8077);
#8076 = CARTESIAN_POINT('',(3.5,7.268516));
#8077 = DIRECTION('',(1.,0.));
#8078 = ( GEOMETRIC_REPRESENTATION_CONTEXT(2) 
PARAMETRIC_REPRESENTATION_CONTEXT() REPRESENTATION_CONTEXT('2D SPACE',''
  ) );
#8079 = ORIENTED_EDGE('',*,*,#5950,.F.);
#8080 = ORIENTED_EDGE('',*,*,#8081,.F.);
#8081 = EDGE_CURVE('',#8082,#5921,#8084,.T.);
#8082 = VERTEX_POINT('',#8083);
#8083 = CARTESIAN_POINT('',(-11.04577416319,-11.3276828368,-1.8));
#8084 = SURFACE_CURVE('',#8085,(#8090,#8097),.PCURVE_S1.);
#8085 = CIRCLE('',#8086,3.5);
#8086 = AXIS2_PLACEMENT_3D('',#8087,#8088,#8089);
#8087 = CARTESIAN_POINT('',(-10.404941,-14.768516,-1.8));
#8088 = DIRECTION('',(0.,0.,1.));
#8089 = DIRECTION('',(1.,0.,-0.));
#8090 = PCURVE('',#5964,#8091);
#8091 = DEFINITIONAL_REPRESENTATION('',(#8092),#8096);
#8092 = CIRCLE('',#8093,3.5);
#8093 = AXIS2_PLACEMENT_2D('',#8094,#8095);
#8094 = CARTESIAN_POINT('',(3.5,0.));
#8095 = DIRECTION('',(1.,0.));
#8096 = ( GEOMETRIC_REPRESENTATION_CONTEXT(2) 
PARAMETRIC_REPRESENTATION_CONTEXT() REPRESENTATION_CONTEXT('2D SPACE',''
  ) );
#8097 = PCURVE('',#8098,#8103);
#8098 = PLANE('',#8099);
#8099 = AXIS2_PLACEMENT_3D('',#8100,#8101,#8102);
#8100 = CARTESIAN_POINT('',(-13.904941,-14.768516,-1.8));
#8101 = DIRECTION('',(0.,0.,1.));
#8102 = DIRECTION('',(1.,0.,-0.));
#8103 = DEFINITIONAL_REPRESENTATION('',(#8104),#8108);
#8104 = CIRCLE('',#8105,3.5);
#8105 = AXIS2_PLACEMENT_2D('',#8106,#8107);
#8106 = CARTESIAN_POINT('',(3.5,0.));
#8107 = DIRECTION('',(1.,0.));
#8108 = ( GEOMETRIC_REPRESENTATION_CONTEXT(2) 
PARAMETRIC_REPRESENTATION_CONTEXT() REPRESENTATION_CONTEXT('2D SPACE',''
  ) );
#8109 = ORIENTED_EDGE('',*,*,#8110,.F.);
#8110 = EDGE_CURVE('',#8111,#8082,#8113,.T.);
#8111 = VERTEX_POINT('',#8112);
#8112 = CARTESIAN_POINT('',(-10.404941,-11.12713473485,-1.8));
#8113 = SURFACE_CURVE('',#8114,(#8119,#8126),.PCURVE_S1.);
#8114 = CIRCLE('',#8115,3.1);
#8115 = AXIS2_PLACEMENT_3D('',#8116,#8117,#8118);
#8116 = CARTESIAN_POINT('',(-9.804941,-14.168516,-1.8));
#8117 = DIRECTION('',(0.,0.,1.));
#8118 = DIRECTION('',(1.,0.,-0.));
#8119 = PCURVE('',#5964,#8120);
#8120 = DEFINITIONAL_REPRESENTATION('',(#8121),#8125);
#8121 = CIRCLE('',#8122,3.1);
#8122 = AXIS2_PLACEMENT_2D('',#8123,#8124);
#8123 = CARTESIAN_POINT('',(4.1,0.6));
#8124 = DIRECTION('',(1.,0.));
#8125 = ( GEOMETRIC_REPRESENTATION_CONTEXT(2) 
PARAMETRIC_REPRESENTATION_CONTEXT() REPRESENTATION_CONTEXT('2D SPACE',''
  ) );
#8126 = PCURVE('',#7176,#8127);
#8127 = DEFINITIONAL_REPRESENTATION('',(#8128),#8132);
#8128 = LINE('',#8129,#8130);
#8129 = CARTESIAN_POINT('',(0.,1.E-01));
#8130 = VECTOR('',#8131,1.);
#8131 = DIRECTION('',(1.,0.));
#8132 = ( GEOMETRIC_REPRESENTATION_CONTEXT(2) 
PARAMETRIC_REPRESENTATION_CONTEXT() REPRESENTATION_CONTEXT('2D SPACE',''
  ) );
#8133 = ORIENTED_EDGE('',*,*,#8134,.T.);
#8134 = EDGE_CURVE('',#8111,#8057,#8135,.T.);
#8135 = SURFACE_CURVE('',#8136,(#8140,#8147),.PCURVE_S1.);
#8136 = LINE('',#8137,#8138);
#8137 = CARTESIAN_POINT('',(-10.404941,-18.268516,-1.8));
#8138 = VECTOR('',#8139,1.);
#8139 = DIRECTION('',(-0.,1.,0.));
#8140 = PCURVE('',#5964,#8141);
#8141 = DEFINITIONAL_REPRESENTATION('',(#8142),#8146);
#8142 = LINE('',#8143,#8144);
#8143 = CARTESIAN_POINT('',(3.5,-3.5));
#8144 = VECTOR('',#8145,1.);
#8145 = DIRECTION('',(0.,1.));
#8146 = ( GEOMETRIC_REPRESENTATION_CONTEXT(2) 
PARAMETRIC_REPRESENTATION_CONTEXT() REPRESENTATION_CONTEXT('2D SPACE',''
  ) );
#8147 = PCURVE('',#7149,#8148);
#8148 = DEFINITIONAL_REPRESENTATION('',(#8149),#8153);
#8149 = LINE('',#8150,#8151);
#8150 = CARTESIAN_POINT('',(0.,0.));
#8151 = VECTOR('',#8152,1.);
#8152 = DIRECTION('',(0.,1.));
#8153 = ( GEOMETRIC_REPRESENTATION_CONTEXT(2) 
PARAMETRIC_REPRESENTATION_CONTEXT() REPRESENTATION_CONTEXT('2D SPACE',''
  ) );
#8154 = ADVANCED_FACE('',(#8155),#6025,.F.);
#8155 = FACE_BOUND('',#8156,.F.);
#8156 = EDGE_LOOP('',(#8157,#8185,#8206));
#8157 = ORIENTED_EDGE('',*,*,#8158,.T.);
#8158 = EDGE_CURVE('',#6009,#8159,#8161,.T.);
#8159 = VERTEX_POINT('',#8160);
#8160 = CARTESIAN_POINT('',(-10.404941,-7.5,-1.8));
#8161 = SURFACE_CURVE('',#8162,(#8166,#8173),.PCURVE_S1.);
#8162 = LINE('',#8163,#8164);
#8163 = CARTESIAN_POINT('',(-13.904941,-7.5,-1.8));
#8164 = VECTOR('',#8165,1.);
#8165 = DIRECTION('',(1.,0.,-0.));
#8166 = PCURVE('',#6025,#8167);
#8167 = DEFINITIONAL_REPRESENTATION('',(#8168),#8172);
#8168 = LINE('',#8169,#8170);
#8169 = CARTESIAN_POINT('',(-3.5,0.));
#8170 = VECTOR('',#8171,1.);
#8171 = DIRECTION('',(1.,0.));
#8172 = ( GEOMETRIC_REPRESENTATION_CONTEXT(2) 
PARAMETRIC_REPRESENTATION_CONTEXT() REPRESENTATION_CONTEXT('2D SPACE',''
  ) );
#8173 = PCURVE('',#8174,#8179);
#8174 = PLANE('',#8175);
#8175 = AXIS2_PLACEMENT_3D('',#8176,#8177,#8178);
#8176 = CARTESIAN_POINT('',(-13.904941,-14.768516,-1.8));
#8177 = DIRECTION('',(0.,0.,1.));
#8178 = DIRECTION('',(1.,0.,-0.));
#8179 = DEFINITIONAL_REPRESENTATION('',(#8180),#8184);
#8180 = LINE('',#8181,#8182);
#8181 = CARTESIAN_POINT('',(0.,7.268516));
#8182 = VECTOR('',#8183,1.);
#8183 = DIRECTION('',(1.,0.));
#8184 = ( GEOMETRIC_REPRESENTATION_CONTEXT(2) 
PARAMETRIC_REPRESENTATION_CONTEXT() REPRESENTATION_CONTEXT('2D SPACE',''
  ) );
#8185 = ORIENTED_EDGE('',*,*,#8186,.T.);
#8186 = EDGE_CURVE('',#8159,#6007,#8187,.T.);
#8187 = SURFACE_CURVE('',#8188,(#8192,#8199),.PCURVE_S1.);
#8188 = LINE('',#8189,#8190);
#8189 = CARTESIAN_POINT('',(-10.404941,-18.268516,-1.8));
#8190 = VECTOR('',#8191,1.);
#8191 = DIRECTION('',(-0.,1.,0.));
#8192 = PCURVE('',#6025,#8193);
#8193 = DEFINITIONAL_REPRESENTATION('',(#8194),#8198);
#8194 = LINE('',#8195,#8196);
#8195 = CARTESIAN_POINT('',(0.,-10.768516));
#8196 = VECTOR('',#8197,1.);
#8197 = DIRECTION('',(0.,1.));
#8198 = ( GEOMETRIC_REPRESENTATION_CONTEXT(2) 
PARAMETRIC_REPRESENTATION_CONTEXT() REPRESENTATION_CONTEXT('2D SPACE',''
  ) );
#8199 = PCURVE('',#6891,#8200);
#8200 = DEFINITIONAL_REPRESENTATION('',(#8201),#8205);
#8201 = LINE('',#8202,#8203);
#8202 = CARTESIAN_POINT('',(0.,0.));
#8203 = VECTOR('',#8204,1.);
#8204 = DIRECTION('',(0.,1.));
#8205 = ( GEOMETRIC_REPRESENTATION_CONTEXT(2) 
PARAMETRIC_REPRESENTATION_CONTEXT() REPRESENTATION_CONTEXT('2D SPACE',''
  ) );
#8206 = ORIENTED_EDGE('',*,*,#6006,.T.);
#8207 = ADVANCED_FACE('',(#8208),#6078,.F.);
#8208 = FACE_BOUND('',#8209,.F.);
#8209 = EDGE_LOOP('',(#8210,#8211,#8212,#8240));
#8210 = ORIENTED_EDGE('',*,*,#6064,.F.);
#8211 = ORIENTED_EDGE('',*,*,#8056,.T.);
#8212 = ORIENTED_EDGE('',*,*,#8213,.T.);
#8213 = EDGE_CURVE('',#8057,#8214,#8216,.T.);
#8214 = VERTEX_POINT('',#8215);
#8215 = CARTESIAN_POINT('',(-10.404941,-10.78785644455,-1.8));
#8216 = SURFACE_CURVE('',#8217,(#8221,#8228),.PCURVE_S1.);
#8217 = LINE('',#8218,#8219);
#8218 = CARTESIAN_POINT('',(-10.404941,-18.268516,-1.8));
#8219 = VECTOR('',#8220,1.);
#8220 = DIRECTION('',(-0.,1.,0.));
#8221 = PCURVE('',#6078,#8222);
#8222 = DEFINITIONAL_REPRESENTATION('',(#8223),#8227);
#8223 = LINE('',#8224,#8225);
#8224 = CARTESIAN_POINT('',(3.5,-3.5));
#8225 = VECTOR('',#8226,1.);
#8226 = DIRECTION('',(0.,1.));
#8227 = ( GEOMETRIC_REPRESENTATION_CONTEXT(2) 
PARAMETRIC_REPRESENTATION_CONTEXT() REPRESENTATION_CONTEXT('2D SPACE',''
  ) );
#8228 = PCURVE('',#8229,#8234);
#8229 = PLANE('',#8230);
#8230 = AXIS2_PLACEMENT_3D('',#8231,#8232,#8233);
#8231 = CARTESIAN_POINT('',(-10.404941,-18.268516,-1.8));
#8232 = DIRECTION('',(0.,0.,1.));
#8233 = DIRECTION('',(1.,0.,-0.));
#8234 = DEFINITIONAL_REPRESENTATION('',(#8235),#8239);
#8235 = LINE('',#8236,#8237);
#8236 = CARTESIAN_POINT('',(0.,0.));
#8237 = VECTOR('',#8238,1.);
#8238 = DIRECTION('',(0.,1.));
#8239 = ( GEOMETRIC_REPRESENTATION_CONTEXT(2) 
PARAMETRIC_REPRESENTATION_CONTEXT() REPRESENTATION_CONTEXT('2D SPACE',''
  ) );
#8240 = ORIENTED_EDGE('',*,*,#8241,.F.);
#8241 = EDGE_CURVE('',#6009,#8214,#8242,.T.);
#8242 = SURFACE_CURVE('',#8243,(#8248,#8255),.PCURVE_S1.);
#8243 = CIRCLE('',#8244,3.5);
#8244 = AXIS2_PLACEMENT_3D('',#8245,#8246,#8247);
#8245 = CARTESIAN_POINT('',(-9.204941,-7.5,-1.8));
#8246 = DIRECTION('',(0.,0.,1.));
#8247 = DIRECTION('',(1.,0.,-0.));
#8248 = PCURVE('',#6078,#8249);
#8249 = DEFINITIONAL_REPRESENTATION('',(#8250),#8254);
#8250 = CIRCLE('',#8251,3.5);
#8251 = AXIS2_PLACEMENT_2D('',#8252,#8253);
#8252 = CARTESIAN_POINT('',(4.7,7.268516));
#8253 = DIRECTION('',(1.,0.));
#8254 = ( GEOMETRIC_REPRESENTATION_CONTEXT(2) 
PARAMETRIC_REPRESENTATION_CONTEXT() REPRESENTATION_CONTEXT('2D SPACE',''
  ) );
#8255 = PCURVE('',#8174,#8256);
#8256 = DEFINITIONAL_REPRESENTATION('',(#8257),#8261);
#8257 = CIRCLE('',#8258,3.5);
#8258 = AXIS2_PLACEMENT_2D('',#8259,#8260);
#8259 = CARTESIAN_POINT('',(4.7,7.268516));
#8260 = DIRECTION('',(1.,0.));
#8261 = ( GEOMETRIC_REPRESENTATION_CONTEXT(2) 
PARAMETRIC_REPRESENTATION_CONTEXT() REPRESENTATION_CONTEXT('2D SPACE',''
  ) );
#8262 = ADVANCED_FACE('',(#8263),#6051,.F.);
#8263 = FACE_BOUND('',#8264,.F.);
#8264 = EDGE_LOOP('',(#8265,#8266,#8288));
#8265 = ORIENTED_EDGE('',*,*,#6037,.F.);
#8266 = ORIENTED_EDGE('',*,*,#8267,.F.);
#8267 = EDGE_CURVE('',#6742,#6007,#8268,.T.);
#8268 = SURFACE_CURVE('',#8269,(#8274,#8281),.PCURVE_S1.);
#8269 = CIRCLE('',#8270,3.5);
#8270 = AXIS2_PLACEMENT_3D('',#8271,#8272,#8273);
#8271 = CARTESIAN_POINT('',(-9.204941,-7.5,-1.8));
#8272 = DIRECTION('',(0.,0.,1.));
#8273 = DIRECTION('',(1.,0.,-0.));
#8274 = PCURVE('',#6051,#8275);
#8275 = DEFINITIONAL_REPRESENTATION('',(#8276),#8280);
#8276 = CIRCLE('',#8277,3.5);
#8277 = AXIS2_PLACEMENT_2D('',#8278,#8279);
#8278 = CARTESIAN_POINT('',(1.2,10.768516));
#8279 = DIRECTION('',(1.,0.));
#8280 = ( GEOMETRIC_REPRESENTATION_CONTEXT(2) 
PARAMETRIC_REPRESENTATION_CONTEXT() REPRESENTATION_CONTEXT('2D SPACE',''
  ) );
#8281 = PCURVE('',#6891,#8282);
#8282 = DEFINITIONAL_REPRESENTATION('',(#8283),#8287);
#8283 = CIRCLE('',#8284,3.5);
#8284 = AXIS2_PLACEMENT_2D('',#8285,#8286);
#8285 = CARTESIAN_POINT('',(1.2,10.768516));
#8286 = DIRECTION('',(1.,0.));
#8287 = ( GEOMETRIC_REPRESENTATION_CONTEXT(2) 
PARAMETRIC_REPRESENTATION_CONTEXT() REPRESENTATION_CONTEXT('2D SPACE',''
  ) );
#8288 = ORIENTED_EDGE('',*,*,#6766,.T.);
#8289 = ADVANCED_FACE('',(#8290),#6178,.T.);
#8290 = FACE_BOUND('',#8291,.T.);
#8291 = EDGE_LOOP('',(#8292,#8293,#8294,#8316,#8337));
#8292 = ORIENTED_EDGE('',*,*,#6217,.F.);
#8293 = ORIENTED_EDGE('',*,*,#6271,.T.);
#8294 = ORIENTED_EDGE('',*,*,#8295,.T.);
#8295 = EDGE_CURVE('',#6243,#7356,#8296,.T.);
#8296 = SURFACE_CURVE('',#8297,(#8302,#8309),.PCURVE_S1.);
#8297 = CIRCLE('',#8298,3.5);
#8298 = AXIS2_PLACEMENT_3D('',#8299,#8300,#8301);
#8299 = CARTESIAN_POINT('',(9.204965,-7.5,0.));
#8300 = DIRECTION('',(0.,0.,1.));
#8301 = DIRECTION('',(1.,0.,-0.));
#8302 = PCURVE('',#6178,#8303);
#8303 = DEFINITIONAL_REPRESENTATION('',(#8304),#8308);
#8304 = CIRCLE('',#8305,3.5);
#8305 = AXIS2_PLACEMENT_2D('',#8306,#8307);
#8306 = CARTESIAN_POINT('',(0.,10.770142));
#8307 = DIRECTION('',(1.,0.));
#8308 = ( GEOMETRIC_REPRESENTATION_CONTEXT(2) 
PARAMETRIC_REPRESENTATION_CONTEXT() REPRESENTATION_CONTEXT('2D SPACE',''
  ) );
#8309 = PCURVE('',#7395,#8310);
#8310 = DEFINITIONAL_REPRESENTATION('',(#8311),#8315);
#8311 = CIRCLE('',#8312,3.5);
#8312 = AXIS2_PLACEMENT_2D('',#8313,#8314);
#8313 = CARTESIAN_POINT('',(0.,10.770142));
#8314 = DIRECTION('',(1.,0.));
#8315 = ( GEOMETRIC_REPRESENTATION_CONTEXT(2) 
PARAMETRIC_REPRESENTATION_CONTEXT() REPRESENTATION_CONTEXT('2D SPACE',''
  ) );
#8316 = ORIENTED_EDGE('',*,*,#8317,.T.);
#8317 = EDGE_CURVE('',#7356,#6163,#8318,.T.);
#8318 = SURFACE_CURVE('',#8319,(#8323,#8330),.PCURVE_S1.);
#8319 = LINE('',#8320,#8321);
#8320 = CARTESIAN_POINT('',(10.404965,-18.270142,0.));
#8321 = VECTOR('',#8322,1.);
#8322 = DIRECTION('',(-0.,1.,0.));
#8323 = PCURVE('',#6178,#8324);
#8324 = DEFINITIONAL_REPRESENTATION('',(#8325),#8329);
#8325 = LINE('',#8326,#8327);
#8326 = CARTESIAN_POINT('',(1.2,0.));
#8327 = VECTOR('',#8328,1.);
#8328 = DIRECTION('',(0.,1.));
#8329 = ( GEOMETRIC_REPRESENTATION_CONTEXT(2) 
PARAMETRIC_REPRESENTATION_CONTEXT() REPRESENTATION_CONTEXT('2D SPACE',''
  ) );
#8330 = PCURVE('',#7335,#8331);
#8331 = DEFINITIONAL_REPRESENTATION('',(#8332),#8336);
#8332 = LINE('',#8333,#8334);
#8333 = CARTESIAN_POINT('',(4.7,-3.5));
#8334 = VECTOR('',#8335,1.);
#8335 = DIRECTION('',(0.,1.));
#8336 = ( GEOMETRIC_REPRESENTATION_CONTEXT(2) 
PARAMETRIC_REPRESENTATION_CONTEXT() REPRESENTATION_CONTEXT('2D SPACE',''
  ) );
#8337 = ORIENTED_EDGE('',*,*,#6162,.F.);
#8338 = ADVANCED_FACE('',(#8339),#6259,.T.);
#8339 = FACE_BOUND('',#8340,.T.);
#8340 = EDGE_LOOP('',(#8341,#8342,#8371,#8398,#8399,#8421));
#8341 = ORIENTED_EDGE('',*,*,#6327,.F.);
#8342 = ORIENTED_EDGE('',*,*,#8343,.F.);
#8343 = EDGE_CURVE('',#8344,#6299,#8346,.T.);
#8344 = VERTEX_POINT('',#8345);
#8345 = CARTESIAN_POINT('',(9.804965,-11.32195407008,0.));
#8346 = SURFACE_CURVE('',#8347,(#8352,#8359),.PCURVE_S1.);
#8347 = CIRCLE('',#8348,3.5);
#8348 = AXIS2_PLACEMENT_3D('',#8349,#8350,#8351);
#8349 = CARTESIAN_POINT('',(9.204965,-14.770142,0.));
#8350 = DIRECTION('',(0.,0.,1.));
#8351 = DIRECTION('',(1.,0.,-0.));
#8352 = PCURVE('',#6259,#8353);
#8353 = DEFINITIONAL_REPRESENTATION('',(#8354),#8358);
#8354 = CIRCLE('',#8355,3.5);
#8355 = AXIS2_PLACEMENT_2D('',#8356,#8357);
#8356 = CARTESIAN_POINT('',(0.,3.5));
#8357 = DIRECTION('',(1.,0.));
#8358 = ( GEOMETRIC_REPRESENTATION_CONTEXT(2) 
PARAMETRIC_REPRESENTATION_CONTEXT() REPRESENTATION_CONTEXT('2D SPACE',''
  ) );
#8359 = PCURVE('',#8360,#8365);
#8360 = PLANE('',#8361);
#8361 = AXIS2_PLACEMENT_3D('',#8362,#8363,#8364);
#8362 = CARTESIAN_POINT('',(9.204965,-18.270142,0.));
#8363 = DIRECTION('',(0.,0.,1.));
#8364 = DIRECTION('',(1.,0.,-0.));
#8365 = DEFINITIONAL_REPRESENTATION('',(#8366),#8370);
#8366 = CIRCLE('',#8367,3.5);
#8367 = AXIS2_PLACEMENT_2D('',#8368,#8369);
#8368 = CARTESIAN_POINT('',(0.,3.5));
#8369 = DIRECTION('',(1.,0.));
#8370 = ( GEOMETRIC_REPRESENTATION_CONTEXT(2) 
PARAMETRIC_REPRESENTATION_CONTEXT() REPRESENTATION_CONTEXT('2D SPACE',''
  ) );
#8371 = ORIENTED_EDGE('',*,*,#8372,.F.);
#8372 = EDGE_CURVE('',#7676,#8344,#8373,.T.);
#8373 = SURFACE_CURVE('',#8374,(#8379,#8386),.PCURVE_S1.);
#8374 = CIRCLE('',#8375,3.5);
#8375 = AXIS2_PLACEMENT_3D('',#8376,#8377,#8378);
#8376 = CARTESIAN_POINT('',(10.404965,-14.770142,0.));
#8377 = DIRECTION('',(0.,0.,1.));
#8378 = DIRECTION('',(1.,0.,-0.));
#8379 = PCURVE('',#6259,#8380);
#8380 = DEFINITIONAL_REPRESENTATION('',(#8381),#8385);
#8381 = CIRCLE('',#8382,3.5);
#8382 = AXIS2_PLACEMENT_2D('',#8383,#8384);
#8383 = CARTESIAN_POINT('',(1.2,3.5));
#8384 = DIRECTION('',(1.,0.));
#8385 = ( GEOMETRIC_REPRESENTATION_CONTEXT(2) 
PARAMETRIC_REPRESENTATION_CONTEXT() REPRESENTATION_CONTEXT('2D SPACE',''
  ) );
#8386 = PCURVE('',#8387,#8392);
#8387 = PLANE('',#8388);
#8388 = AXIS2_PLACEMENT_3D('',#8389,#8390,#8391);
#8389 = CARTESIAN_POINT('',(9.204965,-18.270142,0.));
#8390 = DIRECTION('',(0.,0.,1.));
#8391 = DIRECTION('',(1.,0.,-0.));
#8392 = DEFINITIONAL_REPRESENTATION('',(#8393),#8397);
#8393 = CIRCLE('',#8394,3.5);
#8394 = AXIS2_PLACEMENT_2D('',#8395,#8396);
#8395 = CARTESIAN_POINT('',(1.2,3.5));
#8396 = DIRECTION('',(1.,0.));
#8397 = ( GEOMETRIC_REPRESENTATION_CONTEXT(2) 
PARAMETRIC_REPRESENTATION_CONTEXT() REPRESENTATION_CONTEXT('2D SPACE',''
  ) );
#8398 = ORIENTED_EDGE('',*,*,#7675,.T.);
#8399 = ORIENTED_EDGE('',*,*,#8400,.F.);
#8400 = EDGE_CURVE('',#6243,#7380,#8401,.T.);
#8401 = SURFACE_CURVE('',#8402,(#8407,#8414),.PCURVE_S1.);
#8402 = CIRCLE('',#8403,3.5);
#8403 = AXIS2_PLACEMENT_3D('',#8404,#8405,#8406);
#8404 = CARTESIAN_POINT('',(10.404965,-7.5,0.));
#8405 = DIRECTION('',(0.,0.,1.));
#8406 = DIRECTION('',(1.,0.,-0.));
#8407 = PCURVE('',#6259,#8408);
#8408 = DEFINITIONAL_REPRESENTATION('',(#8409),#8413);
#8409 = CIRCLE('',#8410,3.5);
#8410 = AXIS2_PLACEMENT_2D('',#8411,#8412);
#8411 = CARTESIAN_POINT('',(1.2,10.770142));
#8412 = DIRECTION('',(1.,0.));
#8413 = ( GEOMETRIC_REPRESENTATION_CONTEXT(2) 
PARAMETRIC_REPRESENTATION_CONTEXT() REPRESENTATION_CONTEXT('2D SPACE',''
  ) );
#8414 = PCURVE('',#7395,#8415);
#8415 = DEFINITIONAL_REPRESENTATION('',(#8416),#8420);
#8416 = CIRCLE('',#8417,3.5);
#8417 = AXIS2_PLACEMENT_2D('',#8418,#8419);
#8418 = CARTESIAN_POINT('',(1.2,10.770142));
#8419 = DIRECTION('',(1.,0.));
#8420 = ( GEOMETRIC_REPRESENTATION_CONTEXT(2) 
PARAMETRIC_REPRESENTATION_CONTEXT() REPRESENTATION_CONTEXT('2D SPACE',''
  ) );
#8421 = ORIENTED_EDGE('',*,*,#6242,.F.);
#8422 = ADVANCED_FACE('',(#8423),#6315,.T.);
#8423 = FACE_BOUND('',#8424,.T.);
#8424 = EDGE_LOOP('',(#8425,#8448,#8449,#8472));
#8425 = ORIENTED_EDGE('',*,*,#8426,.T.);
#8426 = EDGE_CURVE('',#8427,#6299,#8429,.T.);
#8427 = VERTEX_POINT('',#8428);
#8428 = CARTESIAN_POINT('',(9.204965,-11.48228555544,0.));
#8429 = SURFACE_CURVE('',#8430,(#8434,#8441),.PCURVE_S1.);
#8430 = LINE('',#8431,#8432);
#8431 = CARTESIAN_POINT('',(9.204965,-18.270142,0.));
#8432 = VECTOR('',#8433,1.);
#8433 = DIRECTION('',(-0.,1.,0.));
#8434 = PCURVE('',#6315,#8435);
#8435 = DEFINITIONAL_REPRESENTATION('',(#8436),#8440);
#8436 = LINE('',#8437,#8438);
#8437 = CARTESIAN_POINT('',(3.5,-3.5));
#8438 = VECTOR('',#8439,1.);
#8439 = DIRECTION('',(0.,1.));
#8440 = ( GEOMETRIC_REPRESENTATION_CONTEXT(2) 
PARAMETRIC_REPRESENTATION_CONTEXT() REPRESENTATION_CONTEXT('2D SPACE',''
  ) );
#8441 = PCURVE('',#8360,#8442);
#8442 = DEFINITIONAL_REPRESENTATION('',(#8443),#8447);
#8443 = LINE('',#8444,#8445);
#8444 = CARTESIAN_POINT('',(0.,0.));
#8445 = VECTOR('',#8446,1.);
#8446 = DIRECTION('',(0.,1.));
#8447 = ( GEOMETRIC_REPRESENTATION_CONTEXT(2) 
PARAMETRIC_REPRESENTATION_CONTEXT() REPRESENTATION_CONTEXT('2D SPACE',''
  ) );
#8448 = ORIENTED_EDGE('',*,*,#6298,.T.);
#8449 = ORIENTED_EDGE('',*,*,#8450,.T.);
#8450 = EDGE_CURVE('',#4942,#8451,#8453,.T.);
#8451 = VERTEX_POINT('',#8452);
#8452 = CARTESIAN_POINT('',(6.904965,-14.770142,0.));
#8453 = SURFACE_CURVE('',#8454,(#8458,#8465),.PCURVE_S1.);
#8454 = LINE('',#8455,#8456);
#8455 = CARTESIAN_POINT('',(5.704965,-14.770142,0.));
#8456 = VECTOR('',#8457,1.);
#8457 = DIRECTION('',(1.,0.,-0.));
#8458 = PCURVE('',#6315,#8459);
#8459 = DEFINITIONAL_REPRESENTATION('',(#8460),#8464);
#8460 = LINE('',#8461,#8462);
#8461 = CARTESIAN_POINT('',(0.,0.));
#8462 = VECTOR('',#8463,1.);
#8463 = DIRECTION('',(1.,0.));
#8464 = ( GEOMETRIC_REPRESENTATION_CONTEXT(2) 
PARAMETRIC_REPRESENTATION_CONTEXT() REPRESENTATION_CONTEXT('2D SPACE',''
  ) );
#8465 = PCURVE('',#6368,#8466);
#8466 = DEFINITIONAL_REPRESENTATION('',(#8467),#8471);
#8467 = LINE('',#8468,#8469);
#8468 = CARTESIAN_POINT('',(-3.5,0.));
#8469 = VECTOR('',#8470,1.);
#8470 = DIRECTION('',(1.,0.));
#8471 = ( GEOMETRIC_REPRESENTATION_CONTEXT(2) 
PARAMETRIC_REPRESENTATION_CONTEXT() REPRESENTATION_CONTEXT('2D SPACE',''
  ) );
#8472 = ORIENTED_EDGE('',*,*,#8473,.F.);
#8473 = EDGE_CURVE('',#8427,#8451,#8474,.T.);
#8474 = SURFACE_CURVE('',#8475,(#8480,#8487),.PCURVE_S1.);
#8475 = CIRCLE('',#8476,3.5);
#8476 = AXIS2_PLACEMENT_3D('',#8477,#8478,#8479);
#8477 = CARTESIAN_POINT('',(10.404965,-14.770142,0.));
#8478 = DIRECTION('',(0.,0.,1.));
#8479 = DIRECTION('',(1.,0.,-0.));
#8480 = PCURVE('',#6315,#8481);
#8481 = DEFINITIONAL_REPRESENTATION('',(#8482),#8486);
#8482 = CIRCLE('',#8483,3.5);
#8483 = AXIS2_PLACEMENT_2D('',#8484,#8485);
#8484 = CARTESIAN_POINT('',(4.7,0.));
#8485 = DIRECTION('',(1.,0.));
#8486 = ( GEOMETRIC_REPRESENTATION_CONTEXT(2) 
PARAMETRIC_REPRESENTATION_CONTEXT() REPRESENTATION_CONTEXT('2D SPACE',''
  ) );
#8487 = PCURVE('',#8488,#8493);
#8488 = PLANE('',#8489);
#8489 = AXIS2_PLACEMENT_3D('',#8490,#8491,#8492);
#8490 = CARTESIAN_POINT('',(5.704965,-14.770142,0.));
#8491 = DIRECTION('',(0.,0.,1.));
#8492 = DIRECTION('',(1.,0.,-0.));
#8493 = DEFINITIONAL_REPRESENTATION('',(#8494),#8498);
#8494 = CIRCLE('',#8495,3.5);
#8495 = AXIS2_PLACEMENT_2D('',#8496,#8497);
#8496 = CARTESIAN_POINT('',(4.7,0.));
#8497 = DIRECTION('',(1.,0.));
#8498 = ( GEOMETRIC_REPRESENTATION_CONTEXT(2) 
PARAMETRIC_REPRESENTATION_CONTEXT() REPRESENTATION_CONTEXT('2D SPACE',''
  ) );
#8499 = ADVANCED_FACE('',(#8500),#6368,.T.);
#8500 = FACE_BOUND('',#8501,.T.);
#8501 = EDGE_LOOP('',(#8502,#8503,#8504,#8532));
#8502 = ORIENTED_EDGE('',*,*,#8450,.F.);
#8503 = ORIENTED_EDGE('',*,*,#6351,.T.);
#8504 = ORIENTED_EDGE('',*,*,#8505,.T.);
#8505 = EDGE_CURVE('',#6352,#8506,#8508,.T.);
#8506 = VERTEX_POINT('',#8507);
#8507 = CARTESIAN_POINT('',(9.204965,-18.05799844455,0.));
#8508 = SURFACE_CURVE('',#8509,(#8513,#8520),.PCURVE_S1.);
#8509 = LINE('',#8510,#8511);
#8510 = CARTESIAN_POINT('',(9.204965,-18.270142,0.));
#8511 = VECTOR('',#8512,1.);
#8512 = DIRECTION('',(-0.,1.,0.));
#8513 = PCURVE('',#6368,#8514);
#8514 = DEFINITIONAL_REPRESENTATION('',(#8515),#8519);
#8515 = LINE('',#8516,#8517);
#8516 = CARTESIAN_POINT('',(0.,-3.5));
#8517 = VECTOR('',#8518,1.);
#8518 = DIRECTION('',(0.,1.));
#8519 = ( GEOMETRIC_REPRESENTATION_CONTEXT(2) 
PARAMETRIC_REPRESENTATION_CONTEXT() REPRESENTATION_CONTEXT('2D SPACE',''
  ) );
#8520 = PCURVE('',#8521,#8526);
#8521 = PLANE('',#8522);
#8522 = AXIS2_PLACEMENT_3D('',#8523,#8524,#8525);
#8523 = CARTESIAN_POINT('',(9.204965,-18.270142,0.));
#8524 = DIRECTION('',(0.,0.,1.));
#8525 = DIRECTION('',(1.,0.,-0.));
#8526 = DEFINITIONAL_REPRESENTATION('',(#8527),#8531);
#8527 = LINE('',#8528,#8529);
#8528 = CARTESIAN_POINT('',(0.,0.));
#8529 = VECTOR('',#8530,1.);
#8530 = DIRECTION('',(0.,1.));
#8531 = ( GEOMETRIC_REPRESENTATION_CONTEXT(2) 
PARAMETRIC_REPRESENTATION_CONTEXT() REPRESENTATION_CONTEXT('2D SPACE',''
  ) );
#8532 = ORIENTED_EDGE('',*,*,#8533,.F.);
#8533 = EDGE_CURVE('',#8451,#8506,#8534,.T.);
#8534 = SURFACE_CURVE('',#8535,(#8540,#8547),.PCURVE_S1.);
#8535 = CIRCLE('',#8536,3.5);
#8536 = AXIS2_PLACEMENT_3D('',#8537,#8538,#8539);
#8537 = CARTESIAN_POINT('',(10.404965,-14.770142,0.));
#8538 = DIRECTION('',(0.,0.,1.));
#8539 = DIRECTION('',(1.,0.,-0.));
#8540 = PCURVE('',#6368,#8541);
#8541 = DEFINITIONAL_REPRESENTATION('',(#8542),#8546);
#8542 = CIRCLE('',#8543,3.5);
#8543 = AXIS2_PLACEMENT_2D('',#8544,#8545);
#8544 = CARTESIAN_POINT('',(1.2,0.));
#8545 = DIRECTION('',(1.,0.));
#8546 = ( GEOMETRIC_REPRESENTATION_CONTEXT(2) 
PARAMETRIC_REPRESENTATION_CONTEXT() REPRESENTATION_CONTEXT('2D SPACE',''
  ) );
#8547 = PCURVE('',#8548,#8553);
#8548 = PLANE('',#8549);
#8549 = AXIS2_PLACEMENT_3D('',#8550,#8551,#8552);
#8550 = CARTESIAN_POINT('',(9.204965,-14.770142,0.));
#8551 = DIRECTION('',(0.,0.,1.));
#8552 = DIRECTION('',(1.,0.,-0.));
#8553 = DEFINITIONAL_REPRESENTATION('',(#8554),#8558);
#8554 = CIRCLE('',#8555,3.5);
#8555 = AXIS2_PLACEMENT_2D('',#8556,#8557);
#8556 = CARTESIAN_POINT('',(1.2,0.));
#8557 = DIRECTION('',(1.,0.));
#8558 = ( GEOMETRIC_REPRESENTATION_CONTEXT(2) 
PARAMETRIC_REPRESENTATION_CONTEXT() REPRESENTATION_CONTEXT('2D SPACE',''
  ) );
#8559 = ADVANCED_FACE('',(#8560),#6424,.F.);
#8560 = FACE_BOUND('',#8561,.F.);
#8561 = EDGE_LOOP('',(#8562,#8588,#8589,#8615));
#8562 = ORIENTED_EDGE('',*,*,#8563,.F.);
#8563 = EDGE_CURVE('',#6382,#7620,#8564,.T.);
#8564 = SURFACE_CURVE('',#8565,(#8569,#8576),.PCURVE_S1.);
#8565 = LINE('',#8566,#8567);
#8566 = CARTESIAN_POINT('',(9.204965,-18.270142,-1.8));
#8567 = VECTOR('',#8568,1.);
#8568 = DIRECTION('',(1.,0.,-0.));
#8569 = PCURVE('',#6424,#8570);
#8570 = DEFINITIONAL_REPRESENTATION('',(#8571),#8575);
#8571 = LINE('',#8572,#8573);
#8572 = CARTESIAN_POINT('',(0.,0.));
#8573 = VECTOR('',#8574,1.);
#8574 = DIRECTION('',(0.,1.));
#8575 = ( GEOMETRIC_REPRESENTATION_CONTEXT(2) 
PARAMETRIC_REPRESENTATION_CONTEXT() REPRESENTATION_CONTEXT('2D SPACE',''
  ) );
#8576 = PCURVE('',#8577,#8582);
#8577 = PLANE('',#8578);
#8578 = AXIS2_PLACEMENT_3D('',#8579,#8580,#8581);
#8579 = CARTESIAN_POINT('',(9.204965,-18.270142,-1.8));
#8580 = DIRECTION('',(0.,0.,1.));
#8581 = DIRECTION('',(1.,0.,-0.));
#8582 = DEFINITIONAL_REPRESENTATION('',(#8583),#8587);
#8583 = LINE('',#8584,#8585);
#8584 = CARTESIAN_POINT('',(0.,0.));
#8585 = VECTOR('',#8586,1.);
#8586 = DIRECTION('',(1.,0.));
#8587 = ( GEOMETRIC_REPRESENTATION_CONTEXT(2) 
PARAMETRIC_REPRESENTATION_CONTEXT() REPRESENTATION_CONTEXT('2D SPACE',''
  ) );
#8588 = ORIENTED_EDGE('',*,*,#6410,.T.);
#8589 = ORIENTED_EDGE('',*,*,#8590,.T.);
#8590 = EDGE_CURVE('',#6352,#7591,#8591,.T.);
#8591 = SURFACE_CURVE('',#8592,(#8596,#8603),.PCURVE_S1.);
#8592 = LINE('',#8593,#8594);
#8593 = CARTESIAN_POINT('',(9.204965,-18.270142,0.));
#8594 = VECTOR('',#8595,1.);
#8595 = DIRECTION('',(1.,0.,-0.));
#8596 = PCURVE('',#6424,#8597);
#8597 = DEFINITIONAL_REPRESENTATION('',(#8598),#8602);
#8598 = LINE('',#8599,#8600);
#8599 = CARTESIAN_POINT('',(1.8,0.));
#8600 = VECTOR('',#8601,1.);
#8601 = DIRECTION('',(0.,1.));
#8602 = ( GEOMETRIC_REPRESENTATION_CONTEXT(2) 
PARAMETRIC_REPRESENTATION_CONTEXT() REPRESENTATION_CONTEXT('2D SPACE',''
  ) );
#8603 = PCURVE('',#8604,#8609);
#8604 = PLANE('',#8605);
#8605 = AXIS2_PLACEMENT_3D('',#8606,#8607,#8608);
#8606 = CARTESIAN_POINT('',(9.204965,-18.270142,0.));
#8607 = DIRECTION('',(0.,0.,1.));
#8608 = DIRECTION('',(1.,0.,-0.));
#8609 = DEFINITIONAL_REPRESENTATION('',(#8610),#8614);
#8610 = LINE('',#8611,#8612);
#8611 = CARTESIAN_POINT('',(0.,0.));
#8612 = VECTOR('',#8613,1.);
#8613 = DIRECTION('',(1.,0.));
#8614 = ( GEOMETRIC_REPRESENTATION_CONTEXT(2) 
PARAMETRIC_REPRESENTATION_CONTEXT() REPRESENTATION_CONTEXT('2D SPACE',''
  ) );
#8615 = ORIENTED_EDGE('',*,*,#7619,.F.);
#8616 = ADVANCED_FACE('',(#8617),#6398,.F.);
#8617 = FACE_BOUND('',#8618,.F.);
#8618 = EDGE_LOOP('',(#8619,#8642,#8643,#8671,#8700));
#8619 = ORIENTED_EDGE('',*,*,#8620,.F.);
#8620 = EDGE_CURVE('',#4940,#8621,#8623,.T.);
#8621 = VERTEX_POINT('',#8622);
#8622 = CARTESIAN_POINT('',(6.763583734851,-14.770142,-1.8));
#8623 = SURFACE_CURVE('',#8624,(#8628,#8635),.PCURVE_S1.);
#8624 = LINE('',#8625,#8626);
#8625 = CARTESIAN_POINT('',(5.704965,-14.770142,-1.8));
#8626 = VECTOR('',#8627,1.);
#8627 = DIRECTION('',(1.,0.,-0.));
#8628 = PCURVE('',#6398,#8629);
#8629 = DEFINITIONAL_REPRESENTATION('',(#8630),#8634);
#8630 = LINE('',#8631,#8632);
#8631 = CARTESIAN_POINT('',(-3.5,0.));
#8632 = VECTOR('',#8633,1.);
#8633 = DIRECTION('',(1.,0.));
#8634 = ( GEOMETRIC_REPRESENTATION_CONTEXT(2) 
PARAMETRIC_REPRESENTATION_CONTEXT() REPRESENTATION_CONTEXT('2D SPACE',''
  ) );
#8635 = PCURVE('',#6481,#8636);
#8636 = DEFINITIONAL_REPRESENTATION('',(#8637),#8641);
#8637 = LINE('',#8638,#8639);
#8638 = CARTESIAN_POINT('',(0.,0.));
#8639 = VECTOR('',#8640,1.);
#8640 = DIRECTION('',(1.,0.));
#8641 = ( GEOMETRIC_REPRESENTATION_CONTEXT(2) 
PARAMETRIC_REPRESENTATION_CONTEXT() REPRESENTATION_CONTEXT('2D SPACE',''
  ) );
#8642 = ORIENTED_EDGE('',*,*,#6381,.T.);
#8643 = ORIENTED_EDGE('',*,*,#8644,.T.);
#8644 = EDGE_CURVE('',#6382,#8645,#8647,.T.);
#8645 = VERTEX_POINT('',#8646);
#8646 = CARTESIAN_POINT('',(9.204965,-18.05799844455,-1.8));
#8647 = SURFACE_CURVE('',#8648,(#8652,#8659),.PCURVE_S1.);
#8648 = LINE('',#8649,#8650);
#8649 = CARTESIAN_POINT('',(9.204965,-18.270142,-1.8));
#8650 = VECTOR('',#8651,1.);
#8651 = DIRECTION('',(-0.,1.,0.));
#8652 = PCURVE('',#6398,#8653);
#8653 = DEFINITIONAL_REPRESENTATION('',(#8654),#8658);
#8654 = LINE('',#8655,#8656);
#8655 = CARTESIAN_POINT('',(0.,-3.5));
#8656 = VECTOR('',#8657,1.);
#8657 = DIRECTION('',(0.,1.));
#8658 = ( GEOMETRIC_REPRESENTATION_CONTEXT(2) 
PARAMETRIC_REPRESENTATION_CONTEXT() REPRESENTATION_CONTEXT('2D SPACE',''
  ) );
#8659 = PCURVE('',#8660,#8665);
#8660 = PLANE('',#8661);
#8661 = AXIS2_PLACEMENT_3D('',#8662,#8663,#8664);
#8662 = CARTESIAN_POINT('',(9.204965,-18.270142,-1.8));
#8663 = DIRECTION('',(0.,0.,1.));
#8664 = DIRECTION('',(1.,0.,-0.));
#8665 = DEFINITIONAL_REPRESENTATION('',(#8666),#8670);
#8666 = LINE('',#8667,#8668);
#8667 = CARTESIAN_POINT('',(0.,0.));
#8668 = VECTOR('',#8669,1.);
#8669 = DIRECTION('',(0.,1.));
#8670 = ( GEOMETRIC_REPRESENTATION_CONTEXT(2) 
PARAMETRIC_REPRESENTATION_CONTEXT() REPRESENTATION_CONTEXT('2D SPACE',''
  ) );
#8671 = ORIENTED_EDGE('',*,*,#8672,.F.);
#8672 = EDGE_CURVE('',#8673,#8645,#8675,.T.);
#8673 = VERTEX_POINT('',#8674);
#8674 = CARTESIAN_POINT('',(6.964131836804,-15.41097516319,-1.8));
#8675 = SURFACE_CURVE('',#8676,(#8681,#8688),.PCURVE_S1.);
#8676 = CIRCLE('',#8677,3.5);
#8677 = AXIS2_PLACEMENT_3D('',#8678,#8679,#8680);
#8678 = CARTESIAN_POINT('',(10.404965,-14.770142,-1.8));
#8679 = DIRECTION('',(0.,0.,1.));
#8680 = DIRECTION('',(1.,0.,-0.));
#8681 = PCURVE('',#6398,#8682);
#8682 = DEFINITIONAL_REPRESENTATION('',(#8683),#8687);
#8683 = CIRCLE('',#8684,3.5);
#8684 = AXIS2_PLACEMENT_2D('',#8685,#8686);
#8685 = CARTESIAN_POINT('',(1.2,0.));
#8686 = DIRECTION('',(1.,0.));
#8687 = ( GEOMETRIC_REPRESENTATION_CONTEXT(2) 
PARAMETRIC_REPRESENTATION_CONTEXT() REPRESENTATION_CONTEXT('2D SPACE',''
  ) );
#8688 = PCURVE('',#8689,#8694);
#8689 = PLANE('',#8690);
#8690 = AXIS2_PLACEMENT_3D('',#8691,#8692,#8693);
#8691 = CARTESIAN_POINT('',(9.204965,-14.770142,-1.8));
#8692 = DIRECTION('',(0.,0.,1.));
#8693 = DIRECTION('',(1.,0.,-0.));
#8694 = DEFINITIONAL_REPRESENTATION('',(#8695),#8699);
#8695 = CIRCLE('',#8696,3.5);
#8696 = AXIS2_PLACEMENT_2D('',#8697,#8698);
#8697 = CARTESIAN_POINT('',(1.2,0.));
#8698 = DIRECTION('',(1.,0.));
#8699 = ( GEOMETRIC_REPRESENTATION_CONTEXT(2) 
PARAMETRIC_REPRESENTATION_CONTEXT() REPRESENTATION_CONTEXT('2D SPACE',''
  ) );
#8700 = ORIENTED_EDGE('',*,*,#8701,.F.);
#8701 = EDGE_CURVE('',#8621,#8673,#8702,.T.);
#8702 = SURFACE_CURVE('',#8703,(#8708,#8715),.PCURVE_S1.);
#8703 = CIRCLE('',#8704,3.1);
#8704 = AXIS2_PLACEMENT_3D('',#8705,#8706,#8707);
#8705 = CARTESIAN_POINT('',(9.804965,-14.170142,-1.8));
#8706 = DIRECTION('',(0.,0.,1.));
#8707 = DIRECTION('',(1.,0.,-0.));
#8708 = PCURVE('',#6398,#8709);
#8709 = DEFINITIONAL_REPRESENTATION('',(#8710),#8714);
#8710 = CIRCLE('',#8711,3.1);
#8711 = AXIS2_PLACEMENT_2D('',#8712,#8713);
#8712 = CARTESIAN_POINT('',(0.6,0.6));
#8713 = DIRECTION('',(1.,0.));
#8714 = ( GEOMETRIC_REPRESENTATION_CONTEXT(2) 
PARAMETRIC_REPRESENTATION_CONTEXT() REPRESENTATION_CONTEXT('2D SPACE',''
  ) );
#8715 = PCURVE('',#6510,#8716);
#8716 = DEFINITIONAL_REPRESENTATION('',(#8717),#8721);
#8717 = LINE('',#8718,#8719);
#8718 = CARTESIAN_POINT('',(0.,1.E-01));
#8719 = VECTOR('',#8720,1.);
#8720 = DIRECTION('',(1.,0.));
#8721 = ( GEOMETRIC_REPRESENTATION_CONTEXT(2) 
PARAMETRIC_REPRESENTATION_CONTEXT() REPRESENTATION_CONTEXT('2D SPACE',''
  ) );
#8722 = ADVANCED_FACE('',(#8723),#6536,.F.);
#8723 = FACE_BOUND('',#8724,.F.);
#8724 = EDGE_LOOP('',(#8725,#8726,#8748,#8749,#8773));
#8725 = ORIENTED_EDGE('',*,*,#6522,.F.);
#8726 = ORIENTED_EDGE('',*,*,#8727,.F.);
#8727 = EDGE_CURVE('',#7760,#6494,#8728,.T.);
#8728 = SURFACE_CURVE('',#8729,(#8734,#8741),.PCURVE_S1.);
#8729 = CIRCLE('',#8730,3.1);
#8730 = AXIS2_PLACEMENT_3D('',#8731,#8732,#8733);
#8731 = CARTESIAN_POINT('',(9.804965,-14.170142,-1.8));
#8732 = DIRECTION('',(0.,0.,1.));
#8733 = DIRECTION('',(1.,0.,-0.));
#8734 = PCURVE('',#6536,#8735);
#8735 = DEFINITIONAL_REPRESENTATION('',(#8736),#8740);
#8736 = CIRCLE('',#8737,3.1);
#8737 = AXIS2_PLACEMENT_2D('',#8738,#8739);
#8738 = CARTESIAN_POINT('',(0.6,4.1));
#8739 = DIRECTION('',(1.,0.));
#8740 = ( GEOMETRIC_REPRESENTATION_CONTEXT(2) 
PARAMETRIC_REPRESENTATION_CONTEXT() REPRESENTATION_CONTEXT('2D SPACE',''
  ) );
#8741 = PCURVE('',#6510,#8742);
#8742 = DEFINITIONAL_REPRESENTATION('',(#8743),#8747);
#8743 = LINE('',#8744,#8745);
#8744 = CARTESIAN_POINT('',(0.,1.E-01));
#8745 = VECTOR('',#8746,1.);
#8746 = DIRECTION('',(1.,0.));
#8747 = ( GEOMETRIC_REPRESENTATION_CONTEXT(2) 
PARAMETRIC_REPRESENTATION_CONTEXT() REPRESENTATION_CONTEXT('2D SPACE',''
  ) );
#8748 = ORIENTED_EDGE('',*,*,#7759,.T.);
#8749 = ORIENTED_EDGE('',*,*,#8750,.F.);
#8750 = EDGE_CURVE('',#8751,#7463,#8753,.T.);
#8751 = VERTEX_POINT('',#8752);
#8752 = CARTESIAN_POINT('',(9.804965,-10.94818792991,-1.8));
#8753 = SURFACE_CURVE('',#8754,(#8759,#8766),.PCURVE_S1.);
#8754 = CIRCLE('',#8755,3.5);
#8755 = AXIS2_PLACEMENT_3D('',#8756,#8757,#8758);
#8756 = CARTESIAN_POINT('',(10.404965,-7.5,-1.8));
#8757 = DIRECTION('',(0.,0.,1.));
#8758 = DIRECTION('',(1.,0.,-0.));
#8759 = PCURVE('',#6536,#8760);
#8760 = DEFINITIONAL_REPRESENTATION('',(#8761),#8765);
#8761 = CIRCLE('',#8762,3.5);
#8762 = AXIS2_PLACEMENT_2D('',#8763,#8764);
#8763 = CARTESIAN_POINT('',(1.2,10.770142));
#8764 = DIRECTION('',(1.,0.));
#8765 = ( GEOMETRIC_REPRESENTATION_CONTEXT(2) 
PARAMETRIC_REPRESENTATION_CONTEXT() REPRESENTATION_CONTEXT('2D SPACE',''
  ) );
#8766 = PCURVE('',#7478,#8767);
#8767 = DEFINITIONAL_REPRESENTATION('',(#8768),#8772);
#8768 = CIRCLE('',#8769,3.5);
#8769 = AXIS2_PLACEMENT_2D('',#8770,#8771);
#8770 = CARTESIAN_POINT('',(1.2,10.770142));
#8771 = DIRECTION('',(1.,0.));
#8772 = ( GEOMETRIC_REPRESENTATION_CONTEXT(2) 
PARAMETRIC_REPRESENTATION_CONTEXT() REPRESENTATION_CONTEXT('2D SPACE',''
  ) );
#8773 = ORIENTED_EDGE('',*,*,#8774,.F.);
#8774 = EDGE_CURVE('',#6440,#8751,#8775,.T.);
#8775 = SURFACE_CURVE('',#8776,(#8781,#8788),.PCURVE_S1.);
#8776 = CIRCLE('',#8777,3.5);
#8777 = AXIS2_PLACEMENT_3D('',#8778,#8779,#8780);
#8778 = CARTESIAN_POINT('',(9.204965,-7.5,-1.8));
#8779 = DIRECTION('',(0.,0.,1.));
#8780 = DIRECTION('',(1.,0.,-0.));
#8781 = PCURVE('',#6536,#8782);
#8782 = DEFINITIONAL_REPRESENTATION('',(#8783),#8787);
#8783 = CIRCLE('',#8784,3.5);
#8784 = AXIS2_PLACEMENT_2D('',#8785,#8786);
#8785 = CARTESIAN_POINT('',(0.,10.770142));
#8786 = DIRECTION('',(1.,0.));
#8787 = ( GEOMETRIC_REPRESENTATION_CONTEXT(2) 
PARAMETRIC_REPRESENTATION_CONTEXT() REPRESENTATION_CONTEXT('2D SPACE',''
  ) );
#8788 = PCURVE('',#6627,#8789);
#8789 = DEFINITIONAL_REPRESENTATION('',(#8790),#8794);
#8790 = CIRCLE('',#8791,3.5);
#8791 = AXIS2_PLACEMENT_2D('',#8792,#8793);
#8792 = CARTESIAN_POINT('',(0.,10.770142));
#8793 = DIRECTION('',(1.,0.));
#8794 = ( GEOMETRIC_REPRESENTATION_CONTEXT(2) 
PARAMETRIC_REPRESENTATION_CONTEXT() REPRESENTATION_CONTEXT('2D SPACE',''
  ) );
#8795 = ADVANCED_FACE('',(#8796),#6510,.F.);
#8796 = FACE_BOUND('',#8797,.F.);
#8797 = EDGE_LOOP('',(#8798,#8824,#8847,#8873,#8874,#8896,#8897,#8898,
    #8899,#8921,#8922,#8946,#8975,#9004));
#8798 = ORIENTED_EDGE('',*,*,#8799,.T.);
#8799 = EDGE_CURVE('',#8800,#8802,#8804,.T.);
#8800 = VERTEX_POINT('',#8801);
#8801 = CARTESIAN_POINT('',(12.846346265149,-14.770142,-1.8));
#8802 = VERTEX_POINT('',#8803);
#8803 = CARTESIAN_POINT('',(12.904965,-14.170142,-1.8));
#8804 = SURFACE_CURVE('',#8805,(#8810,#8817),.PCURVE_S1.);
#8805 = CIRCLE('',#8806,3.1);
#8806 = AXIS2_PLACEMENT_3D('',#8807,#8808,#8809);
#8807 = CARTESIAN_POINT('',(9.804965,-14.170142,-1.8));
#8808 = DIRECTION('',(0.,0.,1.));
#8809 = DIRECTION('',(1.,0.,-0.));
#8810 = PCURVE('',#6510,#8811);
#8811 = DEFINITIONAL_REPRESENTATION('',(#8812),#8816);
#8812 = LINE('',#8813,#8814);
#8813 = CARTESIAN_POINT('',(0.,1.E-01));
#8814 = VECTOR('',#8815,1.);
#8815 = DIRECTION('',(1.,0.));
#8816 = ( GEOMETRIC_REPRESENTATION_CONTEXT(2) 
PARAMETRIC_REPRESENTATION_CONTEXT() REPRESENTATION_CONTEXT('2D SPACE',''
  ) );
#8817 = PCURVE('',#7745,#8818);
#8818 = DEFINITIONAL_REPRESENTATION('',(#8819),#8823);
#8819 = CIRCLE('',#8820,3.1);
#8820 = AXIS2_PLACEMENT_2D('',#8821,#8822);
#8821 = CARTESIAN_POINT('',(4.1,0.6));
#8822 = DIRECTION('',(1.,0.));
#8823 = ( GEOMETRIC_REPRESENTATION_CONTEXT(2) 
PARAMETRIC_REPRESENTATION_CONTEXT() REPRESENTATION_CONTEXT('2D SPACE',''
  ) );
#8824 = ORIENTED_EDGE('',*,*,#8825,.T.);
#8825 = EDGE_CURVE('',#8802,#8826,#8828,.T.);
#8826 = VERTEX_POINT('',#8827);
#8827 = CARTESIAN_POINT('',(12.904965,-14.170142,-1.6));
#8828 = SEAM_CURVE('',#8829,(#8833,#8840),.PCURVE_S1.);
#8829 = LINE('',#8830,#8831);
#8830 = CARTESIAN_POINT('',(12.904965,-14.170142,-1.9));
#8831 = VECTOR('',#8832,1.);
#8832 = DIRECTION('',(0.,0.,1.));
#8833 = PCURVE('',#6510,#8834);
#8834 = DEFINITIONAL_REPRESENTATION('',(#8835),#8839);
#8835 = LINE('',#8836,#8837);
#8836 = CARTESIAN_POINT('',(0.,-0.));
#8837 = VECTOR('',#8838,1.);
#8838 = DIRECTION('',(0.,1.));
#8839 = ( GEOMETRIC_REPRESENTATION_CONTEXT(2) 
PARAMETRIC_REPRESENTATION_CONTEXT() REPRESENTATION_CONTEXT('2D SPACE',''
  ) );
#8840 = PCURVE('',#6510,#8841);
#8841 = DEFINITIONAL_REPRESENTATION('',(#8842),#8846);
#8842 = LINE('',#8843,#8844);
#8843 = CARTESIAN_POINT('',(6.28318530718,-0.));
#8844 = VECTOR('',#8845,1.);
#8845 = DIRECTION('',(0.,1.));
#8846 = ( GEOMETRIC_REPRESENTATION_CONTEXT(2) 
PARAMETRIC_REPRESENTATION_CONTEXT() REPRESENTATION_CONTEXT('2D SPACE',''
  ) );
#8847 = ORIENTED_EDGE('',*,*,#8848,.F.);
#8848 = EDGE_CURVE('',#8826,#8826,#8849,.T.);
#8849 = SURFACE_CURVE('',#8850,(#8855,#8862),.PCURVE_S1.);
#8850 = CIRCLE('',#8851,3.1);
#8851 = AXIS2_PLACEMENT_3D('',#8852,#8853,#8854);
#8852 = CARTESIAN_POINT('',(9.804965,-14.170142,-1.6));
#8853 = DIRECTION('',(0.,0.,1.));
#8854 = DIRECTION('',(1.,0.,-0.));
#8855 = PCURVE('',#6510,#8856);
#8856 = DEFINITIONAL_REPRESENTATION('',(#8857),#8861);
#8857 = LINE('',#8858,#8859);
#8858 = CARTESIAN_POINT('',(0.,0.3));
#8859 = VECTOR('',#8860,1.);
#8860 = DIRECTION('',(1.,0.));
#8861 = ( GEOMETRIC_REPRESENTATION_CONTEXT(2) 
PARAMETRIC_REPRESENTATION_CONTEXT() REPRESENTATION_CONTEXT('2D SPACE',''
  ) );
#8862 = PCURVE('',#8863,#8868);
#8863 = CONICAL_SURFACE('',#8864,3.1,0.785398163397);
#8864 = AXIS2_PLACEMENT_3D('',#8865,#8866,#8867);
#8865 = CARTESIAN_POINT('',(9.804965,-14.170142,-1.6));
#8866 = DIRECTION('',(-0.,-0.,-1.));
#8867 = DIRECTION('',(1.,0.,-0.));
#8868 = DEFINITIONAL_REPRESENTATION('',(#8869),#8872);
#8869 = B_SPLINE_CURVE_WITH_KNOTS('',1,(#8870,#8871),.UNSPECIFIED.,.F.,
  .F.,(2,2),(0.,6.28318530718),.PIECEWISE_BEZIER_KNOTS.);
#8870 = CARTESIAN_POINT('',(0.,0.));
#8871 = CARTESIAN_POINT('',(-6.28318530718,0.));
#8872 = ( GEOMETRIC_REPRESENTATION_CONTEXT(2) 
PARAMETRIC_REPRESENTATION_CONTEXT() REPRESENTATION_CONTEXT('2D SPACE',''
  ) );
#8873 = ORIENTED_EDGE('',*,*,#8825,.F.);
#8874 = ORIENTED_EDGE('',*,*,#8875,.T.);
#8875 = EDGE_CURVE('',#8802,#7729,#8876,.T.);
#8876 = SURFACE_CURVE('',#8877,(#8882,#8889),.PCURVE_S1.);
#8877 = CIRCLE('',#8878,3.1);
#8878 = AXIS2_PLACEMENT_3D('',#8879,#8880,#8881);
#8879 = CARTESIAN_POINT('',(9.804965,-14.170142,-1.8));
#8880 = DIRECTION('',(0.,0.,1.));
#8881 = DIRECTION('',(1.,0.,-0.));
#8882 = PCURVE('',#6510,#8883);
#8883 = DEFINITIONAL_REPRESENTATION('',(#8884),#8888);
#8884 = LINE('',#8885,#8886);
#8885 = CARTESIAN_POINT('',(0.,1.E-01));
#8886 = VECTOR('',#8887,1.);
#8887 = DIRECTION('',(1.,0.));
#8888 = ( GEOMETRIC_REPRESENTATION_CONTEXT(2) 
PARAMETRIC_REPRESENTATION_CONTEXT() REPRESENTATION_CONTEXT('2D SPACE',''
  ) );
#8889 = PCURVE('',#7745,#8890);
#8890 = DEFINITIONAL_REPRESENTATION('',(#8891),#8895);
#8891 = CIRCLE('',#8892,3.1);
#8892 = AXIS2_PLACEMENT_2D('',#8893,#8894);
#8893 = CARTESIAN_POINT('',(4.1,0.6));
#8894 = DIRECTION('',(1.,0.));
#8895 = ( GEOMETRIC_REPRESENTATION_CONTEXT(2) 
PARAMETRIC_REPRESENTATION_CONTEXT() REPRESENTATION_CONTEXT('2D SPACE',''
  ) );
#8896 = ORIENTED_EDGE('',*,*,#7782,.T.);
#8897 = ORIENTED_EDGE('',*,*,#8727,.T.);
#8898 = ORIENTED_EDGE('',*,*,#6493,.T.);
#8899 = ORIENTED_EDGE('',*,*,#8900,.T.);
#8900 = EDGE_CURVE('',#6465,#8621,#8901,.T.);
#8901 = SURFACE_CURVE('',#8902,(#8907,#8914),.PCURVE_S1.);
#8902 = CIRCLE('',#8903,3.1);
#8903 = AXIS2_PLACEMENT_3D('',#8904,#8905,#8906);
#8904 = CARTESIAN_POINT('',(9.804965,-14.170142,-1.8));
#8905 = DIRECTION('',(0.,0.,1.));
#8906 = DIRECTION('',(1.,0.,-0.));
#8907 = PCURVE('',#6510,#8908);
#8908 = DEFINITIONAL_REPRESENTATION('',(#8909),#8913);
#8909 = LINE('',#8910,#8911);
#8910 = CARTESIAN_POINT('',(0.,1.E-01));
#8911 = VECTOR('',#8912,1.);
#8912 = DIRECTION('',(1.,0.));
#8913 = ( GEOMETRIC_REPRESENTATION_CONTEXT(2) 
PARAMETRIC_REPRESENTATION_CONTEXT() REPRESENTATION_CONTEXT('2D SPACE',''
  ) );
#8914 = PCURVE('',#6481,#8915);
#8915 = DEFINITIONAL_REPRESENTATION('',(#8916),#8920);
#8916 = CIRCLE('',#8917,3.1);
#8917 = AXIS2_PLACEMENT_2D('',#8918,#8919);
#8918 = CARTESIAN_POINT('',(4.1,0.6));
#8919 = DIRECTION('',(1.,0.));
#8920 = ( GEOMETRIC_REPRESENTATION_CONTEXT(2) 
PARAMETRIC_REPRESENTATION_CONTEXT() REPRESENTATION_CONTEXT('2D SPACE',''
  ) );
#8921 = ORIENTED_EDGE('',*,*,#8701,.T.);
#8922 = ORIENTED_EDGE('',*,*,#8923,.T.);
#8923 = EDGE_CURVE('',#8673,#8924,#8926,.T.);
#8924 = VERTEX_POINT('',#8925);
#8925 = CARTESIAN_POINT('',(9.204965,-17.21152326514,-1.8));
#8926 = SURFACE_CURVE('',#8927,(#8932,#8939),.PCURVE_S1.);
#8927 = CIRCLE('',#8928,3.1);
#8928 = AXIS2_PLACEMENT_3D('',#8929,#8930,#8931);
#8929 = CARTESIAN_POINT('',(9.804965,-14.170142,-1.8));
#8930 = DIRECTION('',(0.,0.,1.));
#8931 = DIRECTION('',(1.,0.,-0.));
#8932 = PCURVE('',#6510,#8933);
#8933 = DEFINITIONAL_REPRESENTATION('',(#8934),#8938);
#8934 = LINE('',#8935,#8936);
#8935 = CARTESIAN_POINT('',(0.,1.E-01));
#8936 = VECTOR('',#8937,1.);
#8937 = DIRECTION('',(1.,0.));
#8938 = ( GEOMETRIC_REPRESENTATION_CONTEXT(2) 
PARAMETRIC_REPRESENTATION_CONTEXT() REPRESENTATION_CONTEXT('2D SPACE',''
  ) );
#8939 = PCURVE('',#8689,#8940);
#8940 = DEFINITIONAL_REPRESENTATION('',(#8941),#8945);
#8941 = CIRCLE('',#8942,3.1);
#8942 = AXIS2_PLACEMENT_2D('',#8943,#8944);
#8943 = CARTESIAN_POINT('',(0.6,0.6));
#8944 = DIRECTION('',(1.,0.));
#8945 = ( GEOMETRIC_REPRESENTATION_CONTEXT(2) 
PARAMETRIC_REPRESENTATION_CONTEXT() REPRESENTATION_CONTEXT('2D SPACE',''
  ) );
#8946 = ORIENTED_EDGE('',*,*,#8947,.T.);
#8947 = EDGE_CURVE('',#8924,#8948,#8950,.T.);
#8948 = VERTEX_POINT('',#8949);
#8949 = CARTESIAN_POINT('',(10.404965,-17.21152326514,-1.8));
#8950 = SURFACE_CURVE('',#8951,(#8956,#8963),.PCURVE_S1.);
#8951 = CIRCLE('',#8952,3.1);
#8952 = AXIS2_PLACEMENT_3D('',#8953,#8954,#8955);
#8953 = CARTESIAN_POINT('',(9.804965,-14.170142,-1.8));
#8954 = DIRECTION('',(0.,0.,1.));
#8955 = DIRECTION('',(1.,0.,-0.));
#8956 = PCURVE('',#6510,#8957);
#8957 = DEFINITIONAL_REPRESENTATION('',(#8958),#8962);
#8958 = LINE('',#8959,#8960);
#8959 = CARTESIAN_POINT('',(0.,1.E-01));
#8960 = VECTOR('',#8961,1.);
#8961 = DIRECTION('',(1.,0.));
#8962 = ( GEOMETRIC_REPRESENTATION_CONTEXT(2) 
PARAMETRIC_REPRESENTATION_CONTEXT() REPRESENTATION_CONTEXT('2D SPACE',''
  ) );
#8963 = PCURVE('',#8964,#8969);
#8964 = PLANE('',#8965);
#8965 = AXIS2_PLACEMENT_3D('',#8966,#8967,#8968);
#8966 = CARTESIAN_POINT('',(9.204965,-18.270142,-1.8));
#8967 = DIRECTION('',(0.,0.,1.));
#8968 = DIRECTION('',(1.,0.,-0.));
#8969 = DEFINITIONAL_REPRESENTATION('',(#8970),#8974);
#8970 = CIRCLE('',#8971,3.1);
#8971 = AXIS2_PLACEMENT_2D('',#8972,#8973);
#8972 = CARTESIAN_POINT('',(0.6,4.1));
#8973 = DIRECTION('',(1.,0.));
#8974 = ( GEOMETRIC_REPRESENTATION_CONTEXT(2) 
PARAMETRIC_REPRESENTATION_CONTEXT() REPRESENTATION_CONTEXT('2D SPACE',''
  ) );
#8975 = ORIENTED_EDGE('',*,*,#8976,.T.);
#8976 = EDGE_CURVE('',#8948,#8977,#8979,.T.);
#8977 = VERTEX_POINT('',#8978);
#8978 = CARTESIAN_POINT('',(12.645798163196,-15.41097516319,-1.8));
#8979 = SURFACE_CURVE('',#8980,(#8985,#8992),.PCURVE_S1.);
#8980 = CIRCLE('',#8981,3.1);
#8981 = AXIS2_PLACEMENT_3D('',#8982,#8983,#8984);
#8982 = CARTESIAN_POINT('',(9.804965,-14.170142,-1.8));
#8983 = DIRECTION('',(0.,0.,1.));
#8984 = DIRECTION('',(1.,0.,-0.));
#8985 = PCURVE('',#6510,#8986);
#8986 = DEFINITIONAL_REPRESENTATION('',(#8987),#8991);
#8987 = LINE('',#8988,#8989);
#8988 = CARTESIAN_POINT('',(0.,1.E-01));
#8989 = VECTOR('',#8990,1.);
#8990 = DIRECTION('',(1.,0.));
#8991 = ( GEOMETRIC_REPRESENTATION_CONTEXT(2) 
PARAMETRIC_REPRESENTATION_CONTEXT() REPRESENTATION_CONTEXT('2D SPACE',''
  ) );
#8992 = PCURVE('',#8993,#8998);
#8993 = PLANE('',#8994);
#8994 = AXIS2_PLACEMENT_3D('',#8995,#8996,#8997);
#8995 = CARTESIAN_POINT('',(9.204965,-14.770142,-1.8));
#8996 = DIRECTION('',(0.,0.,1.));
#8997 = DIRECTION('',(1.,0.,-0.));
#8998 = DEFINITIONAL_REPRESENTATION('',(#8999),#9003);
#8999 = CIRCLE('',#9000,3.1);
#9000 = AXIS2_PLACEMENT_2D('',#9001,#9002);
#9001 = CARTESIAN_POINT('',(0.6,0.6));
#9002 = DIRECTION('',(1.,0.));
#9003 = ( GEOMETRIC_REPRESENTATION_CONTEXT(2) 
PARAMETRIC_REPRESENTATION_CONTEXT() REPRESENTATION_CONTEXT('2D SPACE',''
  ) );
#9004 = ORIENTED_EDGE('',*,*,#9005,.T.);
#9005 = EDGE_CURVE('',#8977,#8800,#9006,.T.);
#9006 = SURFACE_CURVE('',#9007,(#9012,#9019),.PCURVE_S1.);
#9007 = CIRCLE('',#9008,3.1);
#9008 = AXIS2_PLACEMENT_3D('',#9009,#9010,#9011);
#9009 = CARTESIAN_POINT('',(9.804965,-14.170142,-1.8));
#9010 = DIRECTION('',(0.,0.,1.));
#9011 = DIRECTION('',(1.,0.,-0.));
#9012 = PCURVE('',#6510,#9013);
#9013 = DEFINITIONAL_REPRESENTATION('',(#9014),#9018);
#9014 = LINE('',#9015,#9016);
#9015 = CARTESIAN_POINT('',(0.,1.E-01));
#9016 = VECTOR('',#9017,1.);
#9017 = DIRECTION('',(1.,0.));
#9018 = ( GEOMETRIC_REPRESENTATION_CONTEXT(2) 
PARAMETRIC_REPRESENTATION_CONTEXT() REPRESENTATION_CONTEXT('2D SPACE',''
  ) );
#9019 = PCURVE('',#7657,#9020);
#9020 = DEFINITIONAL_REPRESENTATION('',(#9021),#9025);
#9021 = CIRCLE('',#9022,3.1);
#9022 = AXIS2_PLACEMENT_2D('',#9023,#9024);
#9023 = CARTESIAN_POINT('',(-0.6,0.6));
#9024 = DIRECTION('',(1.,0.));
#9025 = ( GEOMETRIC_REPRESENTATION_CONTEXT(2) 
PARAMETRIC_REPRESENTATION_CONTEXT() REPRESENTATION_CONTEXT('2D SPACE',''
  ) );
#9026 = ADVANCED_FACE('',(#9027),#6481,.F.);
#9027 = FACE_BOUND('',#9028,.F.);
#9028 = EDGE_LOOP('',(#9029,#9030,#9031));
#9029 = ORIENTED_EDGE('',*,*,#8900,.F.);
#9030 = ORIENTED_EDGE('',*,*,#6464,.T.);
#9031 = ORIENTED_EDGE('',*,*,#8620,.T.);
#9032 = ADVANCED_FACE('',(#9033),#6567,.F.);
#9033 = FACE_BOUND('',#9034,.F.);
#9034 = EDGE_LOOP('',(#9035,#9036,#9037));
#9035 = ORIENTED_EDGE('',*,*,#6551,.F.);
#9036 = ORIENTED_EDGE('',*,*,#6639,.T.);
#9037 = ORIENTED_EDGE('',*,*,#9038,.T.);
#9038 = EDGE_CURVE('',#6612,#6552,#9039,.T.);
#9039 = SURFACE_CURVE('',#9040,(#9044,#9051),.PCURVE_S1.);
#9040 = LINE('',#9041,#9042);
#9041 = CARTESIAN_POINT('',(9.204965,-18.270142,-1.8));
#9042 = VECTOR('',#9043,1.);
#9043 = DIRECTION('',(-0.,1.,0.));
#9044 = PCURVE('',#6567,#9045);
#9045 = DEFINITIONAL_REPRESENTATION('',(#9046),#9050);
#9046 = LINE('',#9047,#9048);
#9047 = CARTESIAN_POINT('',(3.5,-3.5));
#9048 = VECTOR('',#9049,1.);
#9049 = DIRECTION('',(0.,1.));
#9050 = ( GEOMETRIC_REPRESENTATION_CONTEXT(2) 
PARAMETRIC_REPRESENTATION_CONTEXT() REPRESENTATION_CONTEXT('2D SPACE',''
  ) );
#9051 = PCURVE('',#9052,#9057);
#9052 = PLANE('',#9053);
#9053 = AXIS2_PLACEMENT_3D('',#9054,#9055,#9056);
#9054 = CARTESIAN_POINT('',(9.204965,-18.270142,-1.8));
#9055 = DIRECTION('',(0.,0.,1.));
#9056 = DIRECTION('',(1.,0.,-0.));
#9057 = DEFINITIONAL_REPRESENTATION('',(#9058),#9062);
#9058 = LINE('',#9059,#9060);
#9059 = CARTESIAN_POINT('',(0.,0.));
#9060 = VECTOR('',#9061,1.);
#9061 = DIRECTION('',(0.,1.));
#9062 = ( GEOMETRIC_REPRESENTATION_CONTEXT(2) 
PARAMETRIC_REPRESENTATION_CONTEXT() REPRESENTATION_CONTEXT('2D SPACE',''
  ) );
#9063 = ADVANCED_FACE('',(#9064),#6593,.F.);
#9064 = FACE_BOUND('',#9065,.F.);
#9065 = EDGE_LOOP('',(#9066,#9067,#9088,#9089,#9090));
#9066 = ORIENTED_EDGE('',*,*,#6579,.F.);
#9067 = ORIENTED_EDGE('',*,*,#9068,.T.);
#9068 = EDGE_CURVE('',#6552,#7517,#9069,.T.);
#9069 = SURFACE_CURVE('',#9070,(#9074,#9081),.PCURVE_S1.);
#9070 = LINE('',#9071,#9072);
#9071 = CARTESIAN_POINT('',(5.704965,-7.5,-1.8));
#9072 = VECTOR('',#9073,1.);
#9073 = DIRECTION('',(1.,0.,-0.));
#9074 = PCURVE('',#6593,#9075);
#9075 = DEFINITIONAL_REPRESENTATION('',(#9076),#9080);
#9076 = LINE('',#9077,#9078);
#9077 = CARTESIAN_POINT('',(-3.5,10.770142));
#9078 = VECTOR('',#9079,1.);
#9079 = DIRECTION('',(1.,0.));
#9080 = ( GEOMETRIC_REPRESENTATION_CONTEXT(2) 
PARAMETRIC_REPRESENTATION_CONTEXT() REPRESENTATION_CONTEXT('2D SPACE',''
  ) );
#9081 = PCURVE('',#9052,#9082);
#9082 = DEFINITIONAL_REPRESENTATION('',(#9083),#9087);
#9083 = LINE('',#9084,#9085);
#9084 = CARTESIAN_POINT('',(-3.5,10.770142));
#9085 = VECTOR('',#9086,1.);
#9086 = DIRECTION('',(1.,0.));
#9087 = ( GEOMETRIC_REPRESENTATION_CONTEXT(2) 
PARAMETRIC_REPRESENTATION_CONTEXT() REPRESENTATION_CONTEXT('2D SPACE',''
  ) );
#9088 = ORIENTED_EDGE('',*,*,#7516,.T.);
#9089 = ORIENTED_EDGE('',*,*,#7565,.T.);
#9090 = ORIENTED_EDGE('',*,*,#6665,.T.);
#9091 = ADVANCED_FACE('',(#9092),#6627,.F.);
#9092 = FACE_BOUND('',#9093,.F.);
#9093 = EDGE_LOOP('',(#9094,#9095,#9096));
#9094 = ORIENTED_EDGE('',*,*,#6611,.F.);
#9095 = ORIENTED_EDGE('',*,*,#8774,.T.);
#9096 = ORIENTED_EDGE('',*,*,#9097,.F.);
#9097 = EDGE_CURVE('',#6612,#8751,#9098,.T.);
#9098 = SURFACE_CURVE('',#9099,(#9104,#9111),.PCURVE_S1.);
#9099 = CIRCLE('',#9100,3.5);
#9100 = AXIS2_PLACEMENT_3D('',#9101,#9102,#9103);
#9101 = CARTESIAN_POINT('',(10.404965,-7.5,-1.8));
#9102 = DIRECTION('',(0.,0.,1.));
#9103 = DIRECTION('',(1.,0.,-0.));
#9104 = PCURVE('',#6627,#9105);
#9105 = DEFINITIONAL_REPRESENTATION('',(#9106),#9110);
#9106 = CIRCLE('',#9107,3.5);
#9107 = AXIS2_PLACEMENT_2D('',#9108,#9109);
#9108 = CARTESIAN_POINT('',(1.2,10.770142));
#9109 = DIRECTION('',(1.,0.));
#9110 = ( GEOMETRIC_REPRESENTATION_CONTEXT(2) 
PARAMETRIC_REPRESENTATION_CONTEXT() REPRESENTATION_CONTEXT('2D SPACE',''
  ) );
#9111 = PCURVE('',#9052,#9112);
#9112 = DEFINITIONAL_REPRESENTATION('',(#9113),#9117);
#9113 = CIRCLE('',#9114,3.5);
#9114 = AXIS2_PLACEMENT_2D('',#9115,#9116);
#9115 = CARTESIAN_POINT('',(1.2,10.770142));
#9116 = DIRECTION('',(1.,0.));
#9117 = ( GEOMETRIC_REPRESENTATION_CONTEXT(2) 
PARAMETRIC_REPRESENTATION_CONTEXT() REPRESENTATION_CONTEXT('2D SPACE',''
  ) );
#9118 = ADVANCED_FACE('',(#9119),#6837,.F.);
#9119 = FACE_BOUND('',#9120,.F.);
#9120 = EDGE_LOOP('',(#9121,#9150,#9172));
#9121 = ORIENTED_EDGE('',*,*,#9122,.F.);
#9122 = EDGE_CURVE('',#9123,#6793,#9125,.T.);
#9123 = VERTEX_POINT('',#9124);
#9124 = CARTESIAN_POINT('',(-9.804941,-10.94818792991,-1.8));
#9125 = SURFACE_CURVE('',#9126,(#9131,#9138),.PCURVE_S1.);
#9126 = CIRCLE('',#9127,3.5);
#9127 = AXIS2_PLACEMENT_3D('',#9128,#9129,#9130);
#9128 = CARTESIAN_POINT('',(-10.404941,-7.5,-1.8));
#9129 = DIRECTION('',(0.,0.,1.));
#9130 = DIRECTION('',(1.,0.,-0.));
#9131 = PCURVE('',#6837,#9132);
#9132 = DEFINITIONAL_REPRESENTATION('',(#9133),#9137);
#9133 = CIRCLE('',#9134,3.5);
#9134 = AXIS2_PLACEMENT_2D('',#9135,#9136);
#9135 = CARTESIAN_POINT('',(0.,10.768516));
#9136 = DIRECTION('',(1.,0.));
#9137 = ( GEOMETRIC_REPRESENTATION_CONTEXT(2) 
PARAMETRIC_REPRESENTATION_CONTEXT() REPRESENTATION_CONTEXT('2D SPACE',''
  ) );
#9138 = PCURVE('',#9139,#9144);
#9139 = PLANE('',#9140);
#9140 = AXIS2_PLACEMENT_3D('',#9141,#9142,#9143);
#9141 = CARTESIAN_POINT('',(-10.404941,-18.268516,-1.8));
#9142 = DIRECTION('',(0.,0.,1.));
#9143 = DIRECTION('',(1.,0.,-0.));
#9144 = DEFINITIONAL_REPRESENTATION('',(#9145),#9149);
#9145 = CIRCLE('',#9146,3.5);
#9146 = AXIS2_PLACEMENT_2D('',#9147,#9148);
#9147 = CARTESIAN_POINT('',(0.,10.768516));
#9148 = DIRECTION('',(1.,0.));
#9149 = ( GEOMETRIC_REPRESENTATION_CONTEXT(2) 
PARAMETRIC_REPRESENTATION_CONTEXT() REPRESENTATION_CONTEXT('2D SPACE',''
  ) );
#9150 = ORIENTED_EDGE('',*,*,#9151,.T.);
#9151 = EDGE_CURVE('',#9123,#6822,#9152,.T.);
#9152 = SURFACE_CURVE('',#9153,(#9158,#9165),.PCURVE_S1.);
#9153 = CIRCLE('',#9154,3.5);
#9154 = AXIS2_PLACEMENT_3D('',#9155,#9156,#9157);
#9155 = CARTESIAN_POINT('',(-9.204941,-7.5,-1.8));
#9156 = DIRECTION('',(0.,0.,1.));
#9157 = DIRECTION('',(1.,0.,-0.));
#9158 = PCURVE('',#6837,#9159);
#9159 = DEFINITIONAL_REPRESENTATION('',(#9160),#9164);
#9160 = CIRCLE('',#9161,3.5);
#9161 = AXIS2_PLACEMENT_2D('',#9162,#9163);
#9162 = CARTESIAN_POINT('',(1.2,10.768516));
#9163 = DIRECTION('',(1.,0.));
#9164 = ( GEOMETRIC_REPRESENTATION_CONTEXT(2) 
PARAMETRIC_REPRESENTATION_CONTEXT() REPRESENTATION_CONTEXT('2D SPACE',''
  ) );
#9165 = PCURVE('',#7149,#9166);
#9166 = DEFINITIONAL_REPRESENTATION('',(#9167),#9171);
#9167 = CIRCLE('',#9168,3.5);
#9168 = AXIS2_PLACEMENT_2D('',#9169,#9170);
#9169 = CARTESIAN_POINT('',(1.2,10.768516));
#9170 = DIRECTION('',(1.,0.));
#9171 = ( GEOMETRIC_REPRESENTATION_CONTEXT(2) 
PARAMETRIC_REPRESENTATION_CONTEXT() REPRESENTATION_CONTEXT('2D SPACE',''
  ) );
#9172 = ORIENTED_EDGE('',*,*,#6821,.T.);
#9173 = ADVANCED_FACE('',(#9174),#6809,.F.);
#9174 = FACE_BOUND('',#9175,.F.);
#9175 = EDGE_LOOP('',(#9176,#9177,#9198));
#9176 = ORIENTED_EDGE('',*,*,#6903,.F.);
#9177 = ORIENTED_EDGE('',*,*,#9178,.F.);
#9178 = EDGE_CURVE('',#6793,#6876,#9179,.T.);
#9179 = SURFACE_CURVE('',#9180,(#9184,#9191),.PCURVE_S1.);
#9180 = LINE('',#9181,#9182);
#9181 = CARTESIAN_POINT('',(-9.204941,-18.268516,-1.8));
#9182 = VECTOR('',#9183,1.);
#9183 = DIRECTION('',(-0.,1.,0.));
#9184 = PCURVE('',#6809,#9185);
#9185 = DEFINITIONAL_REPRESENTATION('',(#9186),#9190);
#9186 = LINE('',#9187,#9188);
#9187 = CARTESIAN_POINT('',(4.7,-3.5));
#9188 = VECTOR('',#9189,1.);
#9189 = DIRECTION('',(0.,1.));
#9190 = ( GEOMETRIC_REPRESENTATION_CONTEXT(2) 
PARAMETRIC_REPRESENTATION_CONTEXT() REPRESENTATION_CONTEXT('2D SPACE',''
  ) );
#9191 = PCURVE('',#9139,#9192);
#9192 = DEFINITIONAL_REPRESENTATION('',(#9193),#9197);
#9193 = LINE('',#9194,#9195);
#9194 = CARTESIAN_POINT('',(1.2,0.));
#9195 = VECTOR('',#9196,1.);
#9196 = DIRECTION('',(0.,1.));
#9197 = ( GEOMETRIC_REPRESENTATION_CONTEXT(2) 
PARAMETRIC_REPRESENTATION_CONTEXT() REPRESENTATION_CONTEXT('2D SPACE',''
  ) );
#9198 = ORIENTED_EDGE('',*,*,#6792,.T.);
#9199 = ADVANCED_FACE('',(#9200),#6891,.F.);
#9200 = FACE_BOUND('',#9201,.F.);
#9201 = EDGE_LOOP('',(#9202,#9203,#9224,#9225,#9226));
#9202 = ORIENTED_EDGE('',*,*,#8186,.F.);
#9203 = ORIENTED_EDGE('',*,*,#9204,.T.);
#9204 = EDGE_CURVE('',#8159,#6876,#9205,.T.);
#9205 = SURFACE_CURVE('',#9206,(#9210,#9217),.PCURVE_S1.);
#9206 = LINE('',#9207,#9208);
#9207 = CARTESIAN_POINT('',(-13.904941,-7.5,-1.8));
#9208 = VECTOR('',#9209,1.);
#9209 = DIRECTION('',(1.,0.,-0.));
#9210 = PCURVE('',#6891,#9211);
#9211 = DEFINITIONAL_REPRESENTATION('',(#9212),#9216);
#9212 = LINE('',#9213,#9214);
#9213 = CARTESIAN_POINT('',(-3.5,10.768516));
#9214 = VECTOR('',#9215,1.);
#9215 = DIRECTION('',(1.,0.));
#9216 = ( GEOMETRIC_REPRESENTATION_CONTEXT(2) 
PARAMETRIC_REPRESENTATION_CONTEXT() REPRESENTATION_CONTEXT('2D SPACE',''
  ) );
#9217 = PCURVE('',#9139,#9218);
#9218 = DEFINITIONAL_REPRESENTATION('',(#9219),#9223);
#9219 = LINE('',#9220,#9221);
#9220 = CARTESIAN_POINT('',(-3.5,10.768516));
#9221 = VECTOR('',#9222,1.);
#9222 = DIRECTION('',(1.,0.));
#9223 = ( GEOMETRIC_REPRESENTATION_CONTEXT(2) 
PARAMETRIC_REPRESENTATION_CONTEXT() REPRESENTATION_CONTEXT('2D SPACE',''
  ) );
#9224 = ORIENTED_EDGE('',*,*,#6875,.T.);
#9225 = ORIENTED_EDGE('',*,*,#6929,.T.);
#9226 = ORIENTED_EDGE('',*,*,#8267,.T.);
#9227 = ADVANCED_FACE('',(#9228),#6971,.T.);
#9228 = FACE_BOUND('',#9229,.T.);
#9229 = EDGE_LOOP('',(#9230,#9258,#9259,#9282));
#9230 = ORIENTED_EDGE('',*,*,#9231,.F.);
#9231 = EDGE_CURVE('',#6955,#9232,#9234,.T.);
#9232 = VERTEX_POINT('',#9233);
#9233 = CARTESIAN_POINT('',(-9.204941,-18.05637244455,0.));
#9234 = SURFACE_CURVE('',#9235,(#9239,#9246),.PCURVE_S1.);
#9235 = LINE('',#9236,#9237);
#9236 = CARTESIAN_POINT('',(-9.204941,-18.268516,0.));
#9237 = VECTOR('',#9238,1.);
#9238 = DIRECTION('',(-0.,1.,0.));
#9239 = PCURVE('',#6971,#9240);
#9240 = DEFINITIONAL_REPRESENTATION('',(#9241),#9245);
#9241 = LINE('',#9242,#9243);
#9242 = CARTESIAN_POINT('',(0.,-3.5));
#9243 = VECTOR('',#9244,1.);
#9244 = DIRECTION('',(0.,1.));
#9245 = ( GEOMETRIC_REPRESENTATION_CONTEXT(2) 
PARAMETRIC_REPRESENTATION_CONTEXT() REPRESENTATION_CONTEXT('2D SPACE',''
  ) );
#9246 = PCURVE('',#9247,#9252);
#9247 = PLANE('',#9248);
#9248 = AXIS2_PLACEMENT_3D('',#9249,#9250,#9251);
#9249 = CARTESIAN_POINT('',(-10.404941,-18.268516,0.));
#9250 = DIRECTION('',(0.,0.,1.));
#9251 = DIRECTION('',(1.,0.,-0.));
#9252 = DEFINITIONAL_REPRESENTATION('',(#9253),#9257);
#9253 = LINE('',#9254,#9255);
#9254 = CARTESIAN_POINT('',(1.2,0.));
#9255 = VECTOR('',#9256,1.);
#9256 = DIRECTION('',(0.,1.));
#9257 = ( GEOMETRIC_REPRESENTATION_CONTEXT(2) 
PARAMETRIC_REPRESENTATION_CONTEXT() REPRESENTATION_CONTEXT('2D SPACE',''
  ) );
#9258 = ORIENTED_EDGE('',*,*,#6954,.T.);
#9259 = ORIENTED_EDGE('',*,*,#9260,.F.);
#9260 = EDGE_CURVE('',#9261,#5261,#9263,.T.);
#9261 = VERTEX_POINT('',#9262);
#9262 = CARTESIAN_POINT('',(-6.904941,-14.768516,0.));
#9263 = SURFACE_CURVE('',#9264,(#9268,#9275),.PCURVE_S1.);
#9264 = LINE('',#9265,#9266);
#9265 = CARTESIAN_POINT('',(-13.904941,-14.768516,0.));
#9266 = VECTOR('',#9267,1.);
#9267 = DIRECTION('',(1.,0.,-0.));
#9268 = PCURVE('',#6971,#9269);
#9269 = DEFINITIONAL_REPRESENTATION('',(#9270),#9274);
#9270 = LINE('',#9271,#9272);
#9271 = CARTESIAN_POINT('',(-4.7,0.));
#9272 = VECTOR('',#9273,1.);
#9273 = DIRECTION('',(1.,0.));
#9274 = ( GEOMETRIC_REPRESENTATION_CONTEXT(2) 
PARAMETRIC_REPRESENTATION_CONTEXT() REPRESENTATION_CONTEXT('2D SPACE',''
  ) );
#9275 = PCURVE('',#7087,#9276);
#9276 = DEFINITIONAL_REPRESENTATION('',(#9277),#9281);
#9277 = LINE('',#9278,#9279);
#9278 = CARTESIAN_POINT('',(0.,0.));
#9279 = VECTOR('',#9280,1.);
#9280 = DIRECTION('',(1.,0.));
#9281 = ( GEOMETRIC_REPRESENTATION_CONTEXT(2) 
PARAMETRIC_REPRESENTATION_CONTEXT() REPRESENTATION_CONTEXT('2D SPACE',''
  ) );
#9282 = ORIENTED_EDGE('',*,*,#9283,.F.);
#9283 = EDGE_CURVE('',#9232,#9261,#9284,.T.);
#9284 = SURFACE_CURVE('',#9285,(#9290,#9297),.PCURVE_S1.);
#9285 = CIRCLE('',#9286,3.5);
#9286 = AXIS2_PLACEMENT_3D('',#9287,#9288,#9289);
#9287 = CARTESIAN_POINT('',(-10.404941,-14.768516,0.));
#9288 = DIRECTION('',(0.,0.,1.));
#9289 = DIRECTION('',(1.,0.,-0.));
#9290 = PCURVE('',#6971,#9291);
#9291 = DEFINITIONAL_REPRESENTATION('',(#9292),#9296);
#9292 = CIRCLE('',#9293,3.5);
#9293 = AXIS2_PLACEMENT_2D('',#9294,#9295);
#9294 = CARTESIAN_POINT('',(-1.2,0.));
#9295 = DIRECTION('',(1.,0.));
#9296 = ( GEOMETRIC_REPRESENTATION_CONTEXT(2) 
PARAMETRIC_REPRESENTATION_CONTEXT() REPRESENTATION_CONTEXT('2D SPACE',''
  ) );
#9297 = PCURVE('',#9298,#9303);
#9298 = PLANE('',#9299);
#9299 = AXIS2_PLACEMENT_3D('',#9300,#9301,#9302);
#9300 = CARTESIAN_POINT('',(-10.404941,-14.768516,0.));
#9301 = DIRECTION('',(0.,0.,1.));
#9302 = DIRECTION('',(1.,0.,-0.));
#9303 = DEFINITIONAL_REPRESENTATION('',(#9304),#9308);
#9304 = CIRCLE('',#9305,3.5);
#9305 = AXIS2_PLACEMENT_2D('',#9306,#9307);
#9306 = CARTESIAN_POINT('',(0.,0.));
#9307 = DIRECTION('',(1.,0.));
#9308 = ( GEOMETRIC_REPRESENTATION_CONTEXT(2) 
PARAMETRIC_REPRESENTATION_CONTEXT() REPRESENTATION_CONTEXT('2D SPACE',''
  ) );
#9309 = ADVANCED_FACE('',(#9310),#7026,.F.);
#9310 = FACE_BOUND('',#9311,.F.);
#9311 = EDGE_LOOP('',(#9312,#9340,#9341,#9364,#9388));
#9312 = ORIENTED_EDGE('',*,*,#9313,.F.);
#9313 = EDGE_CURVE('',#6984,#9314,#9316,.T.);
#9314 = VERTEX_POINT('',#9315);
#9315 = CARTESIAN_POINT('',(-9.204941,-18.05637244455,-1.8));
#9316 = SURFACE_CURVE('',#9317,(#9321,#9328),.PCURVE_S1.);
#9317 = LINE('',#9318,#9319);
#9318 = CARTESIAN_POINT('',(-9.204941,-18.268516,-1.8));
#9319 = VECTOR('',#9320,1.);
#9320 = DIRECTION('',(-0.,1.,0.));
#9321 = PCURVE('',#7026,#9322);
#9322 = DEFINITIONAL_REPRESENTATION('',(#9323),#9327);
#9323 = LINE('',#9324,#9325);
#9324 = CARTESIAN_POINT('',(0.,-3.5));
#9325 = VECTOR('',#9326,1.);
#9326 = DIRECTION('',(0.,1.));
#9327 = ( GEOMETRIC_REPRESENTATION_CONTEXT(2) 
PARAMETRIC_REPRESENTATION_CONTEXT() REPRESENTATION_CONTEXT('2D SPACE',''
  ) );
#9328 = PCURVE('',#9329,#9334);
#9329 = PLANE('',#9330);
#9330 = AXIS2_PLACEMENT_3D('',#9331,#9332,#9333);
#9331 = CARTESIAN_POINT('',(-10.404941,-18.268516,-1.8));
#9332 = DIRECTION('',(0.,0.,1.));
#9333 = DIRECTION('',(1.,0.,-0.));
#9334 = DEFINITIONAL_REPRESENTATION('',(#9335),#9339);
#9335 = LINE('',#9336,#9337);
#9336 = CARTESIAN_POINT('',(1.2,0.));
#9337 = VECTOR('',#9338,1.);
#9338 = DIRECTION('',(0.,1.));
#9339 = ( GEOMETRIC_REPRESENTATION_CONTEXT(2) 
PARAMETRIC_REPRESENTATION_CONTEXT() REPRESENTATION_CONTEXT('2D SPACE',''
  ) );
#9340 = ORIENTED_EDGE('',*,*,#7011,.T.);
#9341 = ORIENTED_EDGE('',*,*,#9342,.F.);
#9342 = EDGE_CURVE('',#9343,#5259,#9345,.T.);
#9343 = VERTEX_POINT('',#9344);
#9344 = CARTESIAN_POINT('',(-6.763559734851,-14.768516,-1.8));
#9345 = SURFACE_CURVE('',#9346,(#9350,#9357),.PCURVE_S1.);
#9346 = LINE('',#9347,#9348);
#9347 = CARTESIAN_POINT('',(-13.904941,-14.768516,-1.8));
#9348 = VECTOR('',#9349,1.);
#9349 = DIRECTION('',(1.,0.,-0.));
#9350 = PCURVE('',#7026,#9351);
#9351 = DEFINITIONAL_REPRESENTATION('',(#9352),#9356);
#9352 = LINE('',#9353,#9354);
#9353 = CARTESIAN_POINT('',(-4.7,0.));
#9354 = VECTOR('',#9355,1.);
#9355 = DIRECTION('',(1.,0.));
#9356 = ( GEOMETRIC_REPRESENTATION_CONTEXT(2) 
PARAMETRIC_REPRESENTATION_CONTEXT() REPRESENTATION_CONTEXT('2D SPACE',''
  ) );
#9357 = PCURVE('',#7119,#9358);
#9358 = DEFINITIONAL_REPRESENTATION('',(#9359),#9363);
#9359 = LINE('',#9360,#9361);
#9360 = CARTESIAN_POINT('',(0.,0.));
#9361 = VECTOR('',#9362,1.);
#9362 = DIRECTION('',(1.,0.));
#9363 = ( GEOMETRIC_REPRESENTATION_CONTEXT(2) 
PARAMETRIC_REPRESENTATION_CONTEXT() REPRESENTATION_CONTEXT('2D SPACE',''
  ) );
#9364 = ORIENTED_EDGE('',*,*,#9365,.F.);
#9365 = EDGE_CURVE('',#9366,#9343,#9368,.T.);
#9366 = VERTEX_POINT('',#9367);
#9367 = CARTESIAN_POINT('',(-6.964107836804,-15.40934916319,-1.8));
#9368 = SURFACE_CURVE('',#9369,(#9374,#9381),.PCURVE_S1.);
#9369 = CIRCLE('',#9370,3.1);
#9370 = AXIS2_PLACEMENT_3D('',#9371,#9372,#9373);
#9371 = CARTESIAN_POINT('',(-9.804941,-14.168516,-1.8));
#9372 = DIRECTION('',(0.,0.,1.));
#9373 = DIRECTION('',(1.,0.,-0.));
#9374 = PCURVE('',#7026,#9375);
#9375 = DEFINITIONAL_REPRESENTATION('',(#9376),#9380);
#9376 = CIRCLE('',#9377,3.1);
#9377 = AXIS2_PLACEMENT_2D('',#9378,#9379);
#9378 = CARTESIAN_POINT('',(-0.6,0.6));
#9379 = DIRECTION('',(1.,0.));
#9380 = ( GEOMETRIC_REPRESENTATION_CONTEXT(2) 
PARAMETRIC_REPRESENTATION_CONTEXT() REPRESENTATION_CONTEXT('2D SPACE',''
  ) );
#9381 = PCURVE('',#7176,#9382);
#9382 = DEFINITIONAL_REPRESENTATION('',(#9383),#9387);
#9383 = LINE('',#9384,#9385);
#9384 = CARTESIAN_POINT('',(0.,1.E-01));
#9385 = VECTOR('',#9386,1.);
#9386 = DIRECTION('',(1.,0.));
#9387 = ( GEOMETRIC_REPRESENTATION_CONTEXT(2) 
PARAMETRIC_REPRESENTATION_CONTEXT() REPRESENTATION_CONTEXT('2D SPACE',''
  ) );
#9388 = ORIENTED_EDGE('',*,*,#9389,.F.);
#9389 = EDGE_CURVE('',#9314,#9366,#9390,.T.);
#9390 = SURFACE_CURVE('',#9391,(#9396,#9403),.PCURVE_S1.);
#9391 = CIRCLE('',#9392,3.5);
#9392 = AXIS2_PLACEMENT_3D('',#9393,#9394,#9395);
#9393 = CARTESIAN_POINT('',(-10.404941,-14.768516,-1.8));
#9394 = DIRECTION('',(0.,0.,1.));
#9395 = DIRECTION('',(1.,0.,-0.));
#9396 = PCURVE('',#7026,#9397);
#9397 = DEFINITIONAL_REPRESENTATION('',(#9398),#9402);
#9398 = CIRCLE('',#9399,3.5);
#9399 = AXIS2_PLACEMENT_2D('',#9400,#9401);
#9400 = CARTESIAN_POINT('',(-1.2,0.));
#9401 = DIRECTION('',(1.,0.));
#9402 = ( GEOMETRIC_REPRESENTATION_CONTEXT(2) 
PARAMETRIC_REPRESENTATION_CONTEXT() REPRESENTATION_CONTEXT('2D SPACE',''
  ) );
#9403 = PCURVE('',#9404,#9409);
#9404 = PLANE('',#9405);
#9405 = AXIS2_PLACEMENT_3D('',#9406,#9407,#9408);
#9406 = CARTESIAN_POINT('',(-10.404941,-14.768516,-1.8));
#9407 = DIRECTION('',(0.,0.,1.));
#9408 = DIRECTION('',(1.,0.,-0.));
#9409 = DEFINITIONAL_REPRESENTATION('',(#9410),#9414);
#9410 = CIRCLE('',#9411,3.5);
#9411 = AXIS2_PLACEMENT_2D('',#9412,#9413);
#9412 = CARTESIAN_POINT('',(0.,0.));
#9413 = DIRECTION('',(1.,0.));
#9414 = ( GEOMETRIC_REPRESENTATION_CONTEXT(2) 
PARAMETRIC_REPRESENTATION_CONTEXT() REPRESENTATION_CONTEXT('2D SPACE',''
  ) );
#9415 = ADVANCED_FACE('',(#9416),#6999,.F.);
#9416 = FACE_BOUND('',#9417,.F.);
#9417 = EDGE_LOOP('',(#9418,#9444,#9445,#9471));
#9418 = ORIENTED_EDGE('',*,*,#9419,.F.);
#9419 = EDGE_CURVE('',#7949,#6984,#9420,.T.);
#9420 = SURFACE_CURVE('',#9421,(#9425,#9432),.PCURVE_S1.);
#9421 = LINE('',#9422,#9423);
#9422 = CARTESIAN_POINT('',(-10.404941,-18.268516,-1.8));
#9423 = VECTOR('',#9424,1.);
#9424 = DIRECTION('',(1.,0.,-0.));
#9425 = PCURVE('',#6999,#9426);
#9426 = DEFINITIONAL_REPRESENTATION('',(#9427),#9431);
#9427 = LINE('',#9428,#9429);
#9428 = CARTESIAN_POINT('',(0.,0.));
#9429 = VECTOR('',#9430,1.);
#9430 = DIRECTION('',(0.,1.));
#9431 = ( GEOMETRIC_REPRESENTATION_CONTEXT(2) 
PARAMETRIC_REPRESENTATION_CONTEXT() REPRESENTATION_CONTEXT('2D SPACE',''
  ) );
#9432 = PCURVE('',#9433,#9438);
#9433 = PLANE('',#9434);
#9434 = AXIS2_PLACEMENT_3D('',#9435,#9436,#9437);
#9435 = CARTESIAN_POINT('',(-10.404941,-18.268516,-1.8));
#9436 = DIRECTION('',(0.,0.,1.));
#9437 = DIRECTION('',(1.,0.,-0.));
#9438 = DEFINITIONAL_REPRESENTATION('',(#9439),#9443);
#9439 = LINE('',#9440,#9441);
#9440 = CARTESIAN_POINT('',(0.,0.));
#9441 = VECTOR('',#9442,1.);
#9442 = DIRECTION('',(1.,0.));
#9443 = ( GEOMETRIC_REPRESENTATION_CONTEXT(2) 
PARAMETRIC_REPRESENTATION_CONTEXT() REPRESENTATION_CONTEXT('2D SPACE',''
  ) );
#9444 = ORIENTED_EDGE('',*,*,#7977,.T.);
#9445 = ORIENTED_EDGE('',*,*,#9446,.T.);
#9446 = EDGE_CURVE('',#7919,#6955,#9447,.T.);
#9447 = SURFACE_CURVE('',#9448,(#9452,#9459),.PCURVE_S1.);
#9448 = LINE('',#9449,#9450);
#9449 = CARTESIAN_POINT('',(-10.404941,-18.268516,0.));
#9450 = VECTOR('',#9451,1.);
#9451 = DIRECTION('',(1.,0.,-0.));
#9452 = PCURVE('',#6999,#9453);
#9453 = DEFINITIONAL_REPRESENTATION('',(#9454),#9458);
#9454 = LINE('',#9455,#9456);
#9455 = CARTESIAN_POINT('',(1.8,0.));
#9456 = VECTOR('',#9457,1.);
#9457 = DIRECTION('',(0.,1.));
#9458 = ( GEOMETRIC_REPRESENTATION_CONTEXT(2) 
PARAMETRIC_REPRESENTATION_CONTEXT() REPRESENTATION_CONTEXT('2D SPACE',''
  ) );
#9459 = PCURVE('',#9460,#9465);
#9460 = PLANE('',#9461);
#9461 = AXIS2_PLACEMENT_3D('',#9462,#9463,#9464);
#9462 = CARTESIAN_POINT('',(-10.404941,-18.268516,0.));
#9463 = DIRECTION('',(0.,0.,1.));
#9464 = DIRECTION('',(1.,0.,-0.));
#9465 = DEFINITIONAL_REPRESENTATION('',(#9466),#9470);
#9466 = LINE('',#9467,#9468);
#9467 = CARTESIAN_POINT('',(0.,0.));
#9468 = VECTOR('',#9469,1.);
#9469 = DIRECTION('',(1.,0.));
#9470 = ( GEOMETRIC_REPRESENTATION_CONTEXT(2) 
PARAMETRIC_REPRESENTATION_CONTEXT() REPRESENTATION_CONTEXT('2D SPACE',''
  ) );
#9471 = ORIENTED_EDGE('',*,*,#6983,.F.);
#9472 = ADVANCED_FACE('',(#9473),#7087,.T.);
#9473 = FACE_BOUND('',#9474,.T.);
#9474 = EDGE_LOOP('',(#9475,#9476,#9477,#9505));
#9475 = ORIENTED_EDGE('',*,*,#9260,.T.);
#9476 = ORIENTED_EDGE('',*,*,#7072,.T.);
#9477 = ORIENTED_EDGE('',*,*,#9478,.F.);
#9478 = EDGE_CURVE('',#9479,#7045,#9481,.T.);
#9479 = VERTEX_POINT('',#9480);
#9480 = CARTESIAN_POINT('',(-9.204941,-11.48065955544,0.));
#9481 = SURFACE_CURVE('',#9482,(#9486,#9493),.PCURVE_S1.);
#9482 = LINE('',#9483,#9484);
#9483 = CARTESIAN_POINT('',(-9.204941,-18.268516,0.));
#9484 = VECTOR('',#9485,1.);
#9485 = DIRECTION('',(-0.,1.,0.));
#9486 = PCURVE('',#7087,#9487);
#9487 = DEFINITIONAL_REPRESENTATION('',(#9488),#9492);
#9488 = LINE('',#9489,#9490);
#9489 = CARTESIAN_POINT('',(4.7,-3.5));
#9490 = VECTOR('',#9491,1.);
#9491 = DIRECTION('',(0.,1.));
#9492 = ( GEOMETRIC_REPRESENTATION_CONTEXT(2) 
PARAMETRIC_REPRESENTATION_CONTEXT() REPRESENTATION_CONTEXT('2D SPACE',''
  ) );
#9493 = PCURVE('',#9494,#9499);
#9494 = PLANE('',#9495);
#9495 = AXIS2_PLACEMENT_3D('',#9496,#9497,#9498);
#9496 = CARTESIAN_POINT('',(-10.404941,-18.268516,0.));
#9497 = DIRECTION('',(0.,0.,1.));
#9498 = DIRECTION('',(1.,0.,-0.));
#9499 = DEFINITIONAL_REPRESENTATION('',(#9500),#9504);
#9500 = LINE('',#9501,#9502);
#9501 = CARTESIAN_POINT('',(1.2,0.));
#9502 = VECTOR('',#9503,1.);
#9503 = DIRECTION('',(0.,1.));
#9504 = ( GEOMETRIC_REPRESENTATION_CONTEXT(2) 
PARAMETRIC_REPRESENTATION_CONTEXT() REPRESENTATION_CONTEXT('2D SPACE',''
  ) );
#9505 = ORIENTED_EDGE('',*,*,#9506,.F.);
#9506 = EDGE_CURVE('',#9261,#9479,#9507,.T.);
#9507 = SURFACE_CURVE('',#9508,(#9513,#9520),.PCURVE_S1.);
#9508 = CIRCLE('',#9509,3.5);
#9509 = AXIS2_PLACEMENT_3D('',#9510,#9511,#9512);
#9510 = CARTESIAN_POINT('',(-10.404941,-14.768516,0.));
#9511 = DIRECTION('',(0.,0.,1.));
#9512 = DIRECTION('',(1.,0.,-0.));
#9513 = PCURVE('',#7087,#9514);
#9514 = DEFINITIONAL_REPRESENTATION('',(#9515),#9519);
#9515 = CIRCLE('',#9516,3.5);
#9516 = AXIS2_PLACEMENT_2D('',#9517,#9518);
#9517 = CARTESIAN_POINT('',(3.5,0.));
#9518 = DIRECTION('',(1.,0.));
#9519 = ( GEOMETRIC_REPRESENTATION_CONTEXT(2) 
PARAMETRIC_REPRESENTATION_CONTEXT() REPRESENTATION_CONTEXT('2D SPACE',''
  ) );
#9520 = PCURVE('',#9521,#9526);
#9521 = PLANE('',#9522);
#9522 = AXIS2_PLACEMENT_3D('',#9523,#9524,#9525);
#9523 = CARTESIAN_POINT('',(-13.904941,-14.768516,0.));
#9524 = DIRECTION('',(0.,0.,1.));
#9525 = DIRECTION('',(1.,0.,-0.));
#9526 = DEFINITIONAL_REPRESENTATION('',(#9527),#9531);
#9527 = CIRCLE('',#9528,3.5);
#9528 = AXIS2_PLACEMENT_2D('',#9529,#9530);
#9529 = CARTESIAN_POINT('',(3.5,0.));
#9530 = DIRECTION('',(1.,0.));
#9531 = ( GEOMETRIC_REPRESENTATION_CONTEXT(2) 
PARAMETRIC_REPRESENTATION_CONTEXT() REPRESENTATION_CONTEXT('2D SPACE',''
  ) );
#9532 = ADVANCED_FACE('',(#9533),#7060,.T.);
#9533 = FACE_BOUND('',#9534,.T.);
#9534 = EDGE_LOOP('',(#9535,#9536,#9565,#9587,#9588,#9589));
#9535 = ORIENTED_EDGE('',*,*,#8032,.F.);
#9536 = ORIENTED_EDGE('',*,*,#9537,.F.);
#9537 = EDGE_CURVE('',#9538,#8004,#9540,.T.);
#9538 = VERTEX_POINT('',#9539);
#9539 = CARTESIAN_POINT('',(-9.804941,-11.32032807008,0.));
#9540 = SURFACE_CURVE('',#9541,(#9546,#9553),.PCURVE_S1.);
#9541 = CIRCLE('',#9542,3.5);
#9542 = AXIS2_PLACEMENT_3D('',#9543,#9544,#9545);
#9543 = CARTESIAN_POINT('',(-10.404941,-14.768516,0.));
#9544 = DIRECTION('',(0.,0.,1.));
#9545 = DIRECTION('',(1.,0.,-0.));
#9546 = PCURVE('',#7060,#9547);
#9547 = DEFINITIONAL_REPRESENTATION('',(#9548),#9552);
#9548 = CIRCLE('',#9549,3.5);
#9549 = AXIS2_PLACEMENT_2D('',#9550,#9551);
#9550 = CARTESIAN_POINT('',(0.,3.5));
#9551 = DIRECTION('',(1.,0.));
#9552 = ( GEOMETRIC_REPRESENTATION_CONTEXT(2) 
PARAMETRIC_REPRESENTATION_CONTEXT() REPRESENTATION_CONTEXT('2D SPACE',''
  ) );
#9553 = PCURVE('',#9554,#9559);
#9554 = PLANE('',#9555);
#9555 = AXIS2_PLACEMENT_3D('',#9556,#9557,#9558);
#9556 = CARTESIAN_POINT('',(-10.404941,-18.268516,0.));
#9557 = DIRECTION('',(0.,0.,1.));
#9558 = DIRECTION('',(1.,0.,-0.));
#9559 = DEFINITIONAL_REPRESENTATION('',(#9560),#9564);
#9560 = CIRCLE('',#9561,3.5);
#9561 = AXIS2_PLACEMENT_2D('',#9562,#9563);
#9562 = CARTESIAN_POINT('',(0.,3.5));
#9563 = DIRECTION('',(1.,0.));
#9564 = ( GEOMETRIC_REPRESENTATION_CONTEXT(2) 
PARAMETRIC_REPRESENTATION_CONTEXT() REPRESENTATION_CONTEXT('2D SPACE',''
  ) );
#9565 = ORIENTED_EDGE('',*,*,#9566,.F.);
#9566 = EDGE_CURVE('',#7045,#9538,#9567,.T.);
#9567 = SURFACE_CURVE('',#9568,(#9573,#9580),.PCURVE_S1.);
#9568 = CIRCLE('',#9569,3.5);
#9569 = AXIS2_PLACEMENT_3D('',#9570,#9571,#9572);
#9570 = CARTESIAN_POINT('',(-9.204941,-14.768516,0.));
#9571 = DIRECTION('',(0.,0.,1.));
#9572 = DIRECTION('',(1.,0.,-0.));
#9573 = PCURVE('',#7060,#9574);
#9574 = DEFINITIONAL_REPRESENTATION('',(#9575),#9579);
#9575 = CIRCLE('',#9576,3.5);
#9576 = AXIS2_PLACEMENT_2D('',#9577,#9578);
#9577 = CARTESIAN_POINT('',(1.2,3.5));
#9578 = DIRECTION('',(1.,0.));
#9579 = ( GEOMETRIC_REPRESENTATION_CONTEXT(2) 
PARAMETRIC_REPRESENTATION_CONTEXT() REPRESENTATION_CONTEXT('2D SPACE',''
  ) );
#9580 = PCURVE('',#9494,#9581);
#9581 = DEFINITIONAL_REPRESENTATION('',(#9582),#9586);
#9582 = CIRCLE('',#9583,3.5);
#9583 = AXIS2_PLACEMENT_2D('',#9584,#9585);
#9584 = CARTESIAN_POINT('',(1.2,3.5));
#9585 = DIRECTION('',(1.,0.));
#9586 = ( GEOMETRIC_REPRESENTATION_CONTEXT(2) 
PARAMETRIC_REPRESENTATION_CONTEXT() REPRESENTATION_CONTEXT('2D SPACE',''
  ) );
#9587 = ORIENTED_EDGE('',*,*,#7044,.T.);
#9588 = ORIENTED_EDGE('',*,*,#7295,.F.);
#9589 = ORIENTED_EDGE('',*,*,#9590,.F.);
#9590 = EDGE_CURVE('',#7842,#7272,#9591,.T.);
#9591 = SURFACE_CURVE('',#9592,(#9597,#9604),.PCURVE_S1.);
#9592 = CIRCLE('',#9593,3.5);
#9593 = AXIS2_PLACEMENT_3D('',#9594,#9595,#9596);
#9594 = CARTESIAN_POINT('',(-10.404941,-7.5,0.));
#9595 = DIRECTION('',(0.,0.,1.));
#9596 = DIRECTION('',(1.,0.,-0.));
#9597 = PCURVE('',#7060,#9598);
#9598 = DEFINITIONAL_REPRESENTATION('',(#9599),#9603);
#9599 = CIRCLE('',#9600,3.5);
#9600 = AXIS2_PLACEMENT_2D('',#9601,#9602);
#9601 = CARTESIAN_POINT('',(0.,10.768516));
#9602 = DIRECTION('',(1.,0.));
#9603 = ( GEOMETRIC_REPRESENTATION_CONTEXT(2) 
PARAMETRIC_REPRESENTATION_CONTEXT() REPRESENTATION_CONTEXT('2D SPACE',''
  ) );
#9604 = PCURVE('',#7881,#9605);
#9605 = DEFINITIONAL_REPRESENTATION('',(#9606),#9610);
#9606 = CIRCLE('',#9607,3.5);
#9607 = AXIS2_PLACEMENT_2D('',#9608,#9609);
#9608 = CARTESIAN_POINT('',(0.,10.768516));
#9609 = DIRECTION('',(1.,0.));
#9610 = ( GEOMETRIC_REPRESENTATION_CONTEXT(2) 
PARAMETRIC_REPRESENTATION_CONTEXT() REPRESENTATION_CONTEXT('2D SPACE',''
  ) );
#9611 = ADVANCED_FACE('',(#9612),#7119,.F.);
#9612 = FACE_BOUND('',#9613,.F.);
#9613 = EDGE_LOOP('',(#9614,#9638,#9639,#9640));
#9614 = ORIENTED_EDGE('',*,*,#9615,.F.);
#9615 = EDGE_CURVE('',#9343,#9616,#9618,.T.);
#9616 = VERTEX_POINT('',#9617);
#9617 = CARTESIAN_POINT('',(-6.704941,-14.168516,-1.8));
#9618 = SURFACE_CURVE('',#9619,(#9624,#9631),.PCURVE_S1.);
#9619 = CIRCLE('',#9620,3.1);
#9620 = AXIS2_PLACEMENT_3D('',#9621,#9622,#9623);
#9621 = CARTESIAN_POINT('',(-9.804941,-14.168516,-1.8));
#9622 = DIRECTION('',(0.,0.,1.));
#9623 = DIRECTION('',(1.,0.,-0.));
#9624 = PCURVE('',#7119,#9625);
#9625 = DEFINITIONAL_REPRESENTATION('',(#9626),#9630);
#9626 = CIRCLE('',#9627,3.1);
#9627 = AXIS2_PLACEMENT_2D('',#9628,#9629);
#9628 = CARTESIAN_POINT('',(4.1,0.6));
#9629 = DIRECTION('',(1.,0.));
#9630 = ( GEOMETRIC_REPRESENTATION_CONTEXT(2) 
PARAMETRIC_REPRESENTATION_CONTEXT() REPRESENTATION_CONTEXT('2D SPACE',''
  ) );
#9631 = PCURVE('',#7176,#9632);
#9632 = DEFINITIONAL_REPRESENTATION('',(#9633),#9637);
#9633 = LINE('',#9634,#9635);
#9634 = CARTESIAN_POINT('',(0.,1.E-01));
#9635 = VECTOR('',#9636,1.);
#9636 = DIRECTION('',(1.,0.));
#9637 = ( GEOMETRIC_REPRESENTATION_CONTEXT(2) 
PARAMETRIC_REPRESENTATION_CONTEXT() REPRESENTATION_CONTEXT('2D SPACE',''
  ) );
#9638 = ORIENTED_EDGE('',*,*,#9342,.T.);
#9639 = ORIENTED_EDGE('',*,*,#7102,.T.);
#9640 = ORIENTED_EDGE('',*,*,#9641,.F.);
#9641 = EDGE_CURVE('',#9616,#7103,#9642,.T.);
#9642 = SURFACE_CURVE('',#9643,(#9648,#9655),.PCURVE_S1.);
#9643 = CIRCLE('',#9644,3.1);
#9644 = AXIS2_PLACEMENT_3D('',#9645,#9646,#9647);
#9645 = CARTESIAN_POINT('',(-9.804941,-14.168516,-1.8));
#9646 = DIRECTION('',(0.,0.,1.));
#9647 = DIRECTION('',(1.,0.,-0.));
#9648 = PCURVE('',#7119,#9649);
#9649 = DEFINITIONAL_REPRESENTATION('',(#9650),#9654);
#9650 = CIRCLE('',#9651,3.1);
#9651 = AXIS2_PLACEMENT_2D('',#9652,#9653);
#9652 = CARTESIAN_POINT('',(4.1,0.6));
#9653 = DIRECTION('',(1.,0.));
#9654 = ( GEOMETRIC_REPRESENTATION_CONTEXT(2) 
PARAMETRIC_REPRESENTATION_CONTEXT() REPRESENTATION_CONTEXT('2D SPACE',''
  ) );
#9655 = PCURVE('',#7176,#9656);
#9656 = DEFINITIONAL_REPRESENTATION('',(#9657),#9661);
#9657 = LINE('',#9658,#9659);
#9658 = CARTESIAN_POINT('',(0.,1.E-01));
#9659 = VECTOR('',#9660,1.);
#9660 = DIRECTION('',(1.,0.));
#9661 = ( GEOMETRIC_REPRESENTATION_CONTEXT(2) 
PARAMETRIC_REPRESENTATION_CONTEXT() REPRESENTATION_CONTEXT('2D SPACE',''
  ) );
#9662 = ADVANCED_FACE('',(#9663),#7176,.F.);
#9663 = FACE_BOUND('',#9664,.F.);
#9664 = EDGE_LOOP('',(#9665,#9666,#9689,#9715,#9716,#9717,#9718,#9740,
    #9741,#9765,#9789,#9818,#9847,#9869));
#9665 = ORIENTED_EDGE('',*,*,#9615,.T.);
#9666 = ORIENTED_EDGE('',*,*,#9667,.T.);
#9667 = EDGE_CURVE('',#9616,#9668,#9670,.T.);
#9668 = VERTEX_POINT('',#9669);
#9669 = CARTESIAN_POINT('',(-6.704941,-14.168516,-1.6));
#9670 = SEAM_CURVE('',#9671,(#9675,#9682),.PCURVE_S1.);
#9671 = LINE('',#9672,#9673);
#9672 = CARTESIAN_POINT('',(-6.704941,-14.168516,-1.9));
#9673 = VECTOR('',#9674,1.);
#9674 = DIRECTION('',(0.,0.,1.));
#9675 = PCURVE('',#7176,#9676);
#9676 = DEFINITIONAL_REPRESENTATION('',(#9677),#9681);
#9677 = LINE('',#9678,#9679);
#9678 = CARTESIAN_POINT('',(0.,-0.));
#9679 = VECTOR('',#9680,1.);
#9680 = DIRECTION('',(0.,1.));
#9681 = ( GEOMETRIC_REPRESENTATION_CONTEXT(2) 
PARAMETRIC_REPRESENTATION_CONTEXT() REPRESENTATION_CONTEXT('2D SPACE',''
  ) );
#9682 = PCURVE('',#7176,#9683);
#9683 = DEFINITIONAL_REPRESENTATION('',(#9684),#9688);
#9684 = LINE('',#9685,#9686);
#9685 = CARTESIAN_POINT('',(6.28318530718,-0.));
#9686 = VECTOR('',#9687,1.);
#9687 = DIRECTION('',(0.,1.));
#9688 = ( GEOMETRIC_REPRESENTATION_CONTEXT(2) 
PARAMETRIC_REPRESENTATION_CONTEXT() REPRESENTATION_CONTEXT('2D SPACE',''
  ) );
#9689 = ORIENTED_EDGE('',*,*,#9690,.F.);
#9690 = EDGE_CURVE('',#9668,#9668,#9691,.T.);
#9691 = SURFACE_CURVE('',#9692,(#9697,#9704),.PCURVE_S1.);
#9692 = CIRCLE('',#9693,3.1);
#9693 = AXIS2_PLACEMENT_3D('',#9694,#9695,#9696);
#9694 = CARTESIAN_POINT('',(-9.804941,-14.168516,-1.6));
#9695 = DIRECTION('',(0.,0.,1.));
#9696 = DIRECTION('',(1.,0.,-0.));
#9697 = PCURVE('',#7176,#9698);
#9698 = DEFINITIONAL_REPRESENTATION('',(#9699),#9703);
#9699 = LINE('',#9700,#9701);
#9700 = CARTESIAN_POINT('',(0.,0.3));
#9701 = VECTOR('',#9702,1.);
#9702 = DIRECTION('',(1.,0.));
#9703 = ( GEOMETRIC_REPRESENTATION_CONTEXT(2) 
PARAMETRIC_REPRESENTATION_CONTEXT() REPRESENTATION_CONTEXT('2D SPACE',''
  ) );
#9704 = PCURVE('',#9705,#9710);
#9705 = CONICAL_SURFACE('',#9706,3.1,0.785398163397);
#9706 = AXIS2_PLACEMENT_3D('',#9707,#9708,#9709);
#9707 = CARTESIAN_POINT('',(-9.804941,-14.168516,-1.6));
#9708 = DIRECTION('',(-0.,-0.,-1.));
#9709 = DIRECTION('',(1.,0.,-0.));
#9710 = DEFINITIONAL_REPRESENTATION('',(#9711),#9714);
#9711 = B_SPLINE_CURVE_WITH_KNOTS('',1,(#9712,#9713),.UNSPECIFIED.,.F.,
  .F.,(2,2),(0.,6.28318530718),.PIECEWISE_BEZIER_KNOTS.);
#9712 = CARTESIAN_POINT('',(0.,0.));
#9713 = CARTESIAN_POINT('',(-6.28318530718,0.));
#9714 = ( GEOMETRIC_REPRESENTATION_CONTEXT(2) 
PARAMETRIC_REPRESENTATION_CONTEXT() REPRESENTATION_CONTEXT('2D SPACE',''
  ) );
#9715 = ORIENTED_EDGE('',*,*,#9667,.F.);
#9716 = ORIENTED_EDGE('',*,*,#9641,.T.);
#9717 = ORIENTED_EDGE('',*,*,#7161,.T.);
#9718 = ORIENTED_EDGE('',*,*,#9719,.T.);
#9719 = EDGE_CURVE('',#7134,#8111,#9720,.T.);
#9720 = SURFACE_CURVE('',#9721,(#9726,#9733),.PCURVE_S1.);
#9721 = CIRCLE('',#9722,3.1);
#9722 = AXIS2_PLACEMENT_3D('',#9723,#9724,#9725);
#9723 = CARTESIAN_POINT('',(-9.804941,-14.168516,-1.8));
#9724 = DIRECTION('',(0.,0.,1.));
#9725 = DIRECTION('',(1.,0.,-0.));
#9726 = PCURVE('',#7176,#9727);
#9727 = DEFINITIONAL_REPRESENTATION('',(#9728),#9732);
#9728 = LINE('',#9729,#9730);
#9729 = CARTESIAN_POINT('',(0.,1.E-01));
#9730 = VECTOR('',#9731,1.);
#9731 = DIRECTION('',(1.,0.));
#9732 = ( GEOMETRIC_REPRESENTATION_CONTEXT(2) 
PARAMETRIC_REPRESENTATION_CONTEXT() REPRESENTATION_CONTEXT('2D SPACE',''
  ) );
#9733 = PCURVE('',#7149,#9734);
#9734 = DEFINITIONAL_REPRESENTATION('',(#9735),#9739);
#9735 = CIRCLE('',#9736,3.1);
#9736 = AXIS2_PLACEMENT_2D('',#9737,#9738);
#9737 = CARTESIAN_POINT('',(0.6,4.1));
#9738 = DIRECTION('',(1.,0.));
#9739 = ( GEOMETRIC_REPRESENTATION_CONTEXT(2) 
PARAMETRIC_REPRESENTATION_CONTEXT() REPRESENTATION_CONTEXT('2D SPACE',''
  ) );
#9740 = ORIENTED_EDGE('',*,*,#8110,.T.);
#9741 = ORIENTED_EDGE('',*,*,#9742,.T.);
#9742 = EDGE_CURVE('',#8082,#9743,#9745,.T.);
#9743 = VERTEX_POINT('',#9744);
#9744 = CARTESIAN_POINT('',(-12.84632226514,-14.768516,-1.8));
#9745 = SURFACE_CURVE('',#9746,(#9751,#9758),.PCURVE_S1.);
#9746 = CIRCLE('',#9747,3.1);
#9747 = AXIS2_PLACEMENT_3D('',#9748,#9749,#9750);
#9748 = CARTESIAN_POINT('',(-9.804941,-14.168516,-1.8));
#9749 = DIRECTION('',(0.,0.,1.));
#9750 = DIRECTION('',(1.,0.,-0.));
#9751 = PCURVE('',#7176,#9752);
#9752 = DEFINITIONAL_REPRESENTATION('',(#9753),#9757);
#9753 = LINE('',#9754,#9755);
#9754 = CARTESIAN_POINT('',(0.,1.E-01));
#9755 = VECTOR('',#9756,1.);
#9756 = DIRECTION('',(1.,0.));
#9757 = ( GEOMETRIC_REPRESENTATION_CONTEXT(2) 
PARAMETRIC_REPRESENTATION_CONTEXT() REPRESENTATION_CONTEXT('2D SPACE',''
  ) );
#9758 = PCURVE('',#8098,#9759);
#9759 = DEFINITIONAL_REPRESENTATION('',(#9760),#9764);
#9760 = CIRCLE('',#9761,3.1);
#9761 = AXIS2_PLACEMENT_2D('',#9762,#9763);
#9762 = CARTESIAN_POINT('',(4.1,0.6));
#9763 = DIRECTION('',(1.,0.));
#9764 = ( GEOMETRIC_REPRESENTATION_CONTEXT(2) 
PARAMETRIC_REPRESENTATION_CONTEXT() REPRESENTATION_CONTEXT('2D SPACE',''
  ) );
#9765 = ORIENTED_EDGE('',*,*,#9766,.T.);
#9766 = EDGE_CURVE('',#9743,#9767,#9769,.T.);
#9767 = VERTEX_POINT('',#9768);
#9768 = CARTESIAN_POINT('',(-12.64577416319,-15.40934916319,-1.8));
#9769 = SURFACE_CURVE('',#9770,(#9775,#9782),.PCURVE_S1.);
#9770 = CIRCLE('',#9771,3.1);
#9771 = AXIS2_PLACEMENT_3D('',#9772,#9773,#9774);
#9772 = CARTESIAN_POINT('',(-9.804941,-14.168516,-1.8));
#9773 = DIRECTION('',(0.,0.,1.));
#9774 = DIRECTION('',(1.,0.,-0.));
#9775 = PCURVE('',#7176,#9776);
#9776 = DEFINITIONAL_REPRESENTATION('',(#9777),#9781);
#9777 = LINE('',#9778,#9779);
#9778 = CARTESIAN_POINT('',(0.,1.E-01));
#9779 = VECTOR('',#9780,1.);
#9780 = DIRECTION('',(1.,0.));
#9781 = ( GEOMETRIC_REPRESENTATION_CONTEXT(2) 
PARAMETRIC_REPRESENTATION_CONTEXT() REPRESENTATION_CONTEXT('2D SPACE',''
  ) );
#9782 = PCURVE('',#7965,#9783);
#9783 = DEFINITIONAL_REPRESENTATION('',(#9784),#9788);
#9784 = CIRCLE('',#9785,3.1);
#9785 = AXIS2_PLACEMENT_2D('',#9786,#9787);
#9786 = CARTESIAN_POINT('',(0.6,0.6));
#9787 = DIRECTION('',(1.,0.));
#9788 = ( GEOMETRIC_REPRESENTATION_CONTEXT(2) 
PARAMETRIC_REPRESENTATION_CONTEXT() REPRESENTATION_CONTEXT('2D SPACE',''
  ) );
#9789 = ORIENTED_EDGE('',*,*,#9790,.T.);
#9790 = EDGE_CURVE('',#9767,#9791,#9793,.T.);
#9791 = VERTEX_POINT('',#9792);
#9792 = CARTESIAN_POINT('',(-10.404941,-17.20989726514,-1.8));
#9793 = SURFACE_CURVE('',#9794,(#9799,#9806),.PCURVE_S1.);
#9794 = CIRCLE('',#9795,3.1);
#9795 = AXIS2_PLACEMENT_3D('',#9796,#9797,#9798);
#9796 = CARTESIAN_POINT('',(-9.804941,-14.168516,-1.8));
#9797 = DIRECTION('',(0.,0.,1.));
#9798 = DIRECTION('',(1.,0.,-0.));
#9799 = PCURVE('',#7176,#9800);
#9800 = DEFINITIONAL_REPRESENTATION('',(#9801),#9805);
#9801 = LINE('',#9802,#9803);
#9802 = CARTESIAN_POINT('',(0.,1.E-01));
#9803 = VECTOR('',#9804,1.);
#9804 = DIRECTION('',(1.,0.));
#9805 = ( GEOMETRIC_REPRESENTATION_CONTEXT(2) 
PARAMETRIC_REPRESENTATION_CONTEXT() REPRESENTATION_CONTEXT('2D SPACE',''
  ) );
#9806 = PCURVE('',#9807,#9812);
#9807 = PLANE('',#9808);
#9808 = AXIS2_PLACEMENT_3D('',#9809,#9810,#9811);
#9809 = CARTESIAN_POINT('',(-10.404941,-14.768516,-1.8));
#9810 = DIRECTION('',(0.,0.,1.));
#9811 = DIRECTION('',(1.,0.,-0.));
#9812 = DEFINITIONAL_REPRESENTATION('',(#9813),#9817);
#9813 = CIRCLE('',#9814,3.1);
#9814 = AXIS2_PLACEMENT_2D('',#9815,#9816);
#9815 = CARTESIAN_POINT('',(0.6,0.6));
#9816 = DIRECTION('',(1.,0.));
#9817 = ( GEOMETRIC_REPRESENTATION_CONTEXT(2) 
PARAMETRIC_REPRESENTATION_CONTEXT() REPRESENTATION_CONTEXT('2D SPACE',''
  ) );
#9818 = ORIENTED_EDGE('',*,*,#9819,.T.);
#9819 = EDGE_CURVE('',#9791,#9820,#9822,.T.);
#9820 = VERTEX_POINT('',#9821);
#9821 = CARTESIAN_POINT('',(-9.204941,-17.20989726514,-1.8));
#9822 = SURFACE_CURVE('',#9823,(#9828,#9835),.PCURVE_S1.);
#9823 = CIRCLE('',#9824,3.1);
#9824 = AXIS2_PLACEMENT_3D('',#9825,#9826,#9827);
#9825 = CARTESIAN_POINT('',(-9.804941,-14.168516,-1.8));
#9826 = DIRECTION('',(0.,0.,1.));
#9827 = DIRECTION('',(1.,0.,-0.));
#9828 = PCURVE('',#7176,#9829);
#9829 = DEFINITIONAL_REPRESENTATION('',(#9830),#9834);
#9830 = LINE('',#9831,#9832);
#9831 = CARTESIAN_POINT('',(0.,1.E-01));
#9832 = VECTOR('',#9833,1.);
#9833 = DIRECTION('',(1.,0.));
#9834 = ( GEOMETRIC_REPRESENTATION_CONTEXT(2) 
PARAMETRIC_REPRESENTATION_CONTEXT() REPRESENTATION_CONTEXT('2D SPACE',''
  ) );
#9835 = PCURVE('',#9836,#9841);
#9836 = PLANE('',#9837);
#9837 = AXIS2_PLACEMENT_3D('',#9838,#9839,#9840);
#9838 = CARTESIAN_POINT('',(-10.404941,-18.268516,-1.8));
#9839 = DIRECTION('',(0.,0.,1.));
#9840 = DIRECTION('',(1.,0.,-0.));
#9841 = DEFINITIONAL_REPRESENTATION('',(#9842),#9846);
#9842 = CIRCLE('',#9843,3.1);
#9843 = AXIS2_PLACEMENT_2D('',#9844,#9845);
#9844 = CARTESIAN_POINT('',(0.6,4.1));
#9845 = DIRECTION('',(1.,0.));
#9846 = ( GEOMETRIC_REPRESENTATION_CONTEXT(2) 
PARAMETRIC_REPRESENTATION_CONTEXT() REPRESENTATION_CONTEXT('2D SPACE',''
  ) );
#9847 = ORIENTED_EDGE('',*,*,#9848,.T.);
#9848 = EDGE_CURVE('',#9820,#9366,#9849,.T.);
#9849 = SURFACE_CURVE('',#9850,(#9855,#9862),.PCURVE_S1.);
#9850 = CIRCLE('',#9851,3.1);
#9851 = AXIS2_PLACEMENT_3D('',#9852,#9853,#9854);
#9852 = CARTESIAN_POINT('',(-9.804941,-14.168516,-1.8));
#9853 = DIRECTION('',(0.,0.,1.));
#9854 = DIRECTION('',(1.,0.,-0.));
#9855 = PCURVE('',#7176,#9856);
#9856 = DEFINITIONAL_REPRESENTATION('',(#9857),#9861);
#9857 = LINE('',#9858,#9859);
#9858 = CARTESIAN_POINT('',(0.,1.E-01));
#9859 = VECTOR('',#9860,1.);
#9860 = DIRECTION('',(1.,0.));
#9861 = ( GEOMETRIC_REPRESENTATION_CONTEXT(2) 
PARAMETRIC_REPRESENTATION_CONTEXT() REPRESENTATION_CONTEXT('2D SPACE',''
  ) );
#9862 = PCURVE('',#9404,#9863);
#9863 = DEFINITIONAL_REPRESENTATION('',(#9864),#9868);
#9864 = CIRCLE('',#9865,3.1);
#9865 = AXIS2_PLACEMENT_2D('',#9866,#9867);
#9866 = CARTESIAN_POINT('',(0.6,0.6));
#9867 = DIRECTION('',(1.,0.));
#9868 = ( GEOMETRIC_REPRESENTATION_CONTEXT(2) 
PARAMETRIC_REPRESENTATION_CONTEXT() REPRESENTATION_CONTEXT('2D SPACE',''
  ) );
#9869 = ORIENTED_EDGE('',*,*,#9365,.T.);
#9870 = ADVANCED_FACE('',(#9871),#7149,.F.);
#9871 = FACE_BOUND('',#9872,.F.);
#9872 = EDGE_LOOP('',(#9873,#9874,#9875,#9876,#9877));
#9873 = ORIENTED_EDGE('',*,*,#8134,.F.);
#9874 = ORIENTED_EDGE('',*,*,#9719,.F.);
#9875 = ORIENTED_EDGE('',*,*,#7133,.T.);
#9876 = ORIENTED_EDGE('',*,*,#9151,.F.);
#9877 = ORIENTED_EDGE('',*,*,#9878,.F.);
#9878 = EDGE_CURVE('',#8057,#9123,#9879,.T.);
#9879 = SURFACE_CURVE('',#9880,(#9885,#9892),.PCURVE_S1.);
#9880 = CIRCLE('',#9881,3.5);
#9881 = AXIS2_PLACEMENT_3D('',#9882,#9883,#9884);
#9882 = CARTESIAN_POINT('',(-10.404941,-7.5,-1.8));
#9883 = DIRECTION('',(0.,0.,1.));
#9884 = DIRECTION('',(1.,0.,-0.));
#9885 = PCURVE('',#7149,#9886);
#9886 = DEFINITIONAL_REPRESENTATION('',(#9887),#9891);
#9887 = CIRCLE('',#9888,3.5);
#9888 = AXIS2_PLACEMENT_2D('',#9889,#9890);
#9889 = CARTESIAN_POINT('',(0.,10.768516));
#9890 = DIRECTION('',(1.,0.));
#9891 = ( GEOMETRIC_REPRESENTATION_CONTEXT(2) 
PARAMETRIC_REPRESENTATION_CONTEXT() REPRESENTATION_CONTEXT('2D SPACE',''
  ) );
#9892 = PCURVE('',#8229,#9893);
#9893 = DEFINITIONAL_REPRESENTATION('',(#9894),#9898);
#9894 = CIRCLE('',#9895,3.5);
#9895 = AXIS2_PLACEMENT_2D('',#9896,#9897);
#9896 = CARTESIAN_POINT('',(0.,10.768516));
#9897 = DIRECTION('',(1.,0.));
#9898 = ( GEOMETRIC_REPRESENTATION_CONTEXT(2) 
PARAMETRIC_REPRESENTATION_CONTEXT() REPRESENTATION_CONTEXT('2D SPACE',''
  ) );
#9899 = ADVANCED_FACE('',(#9900),#7206,.T.);
#9900 = FACE_BOUND('',#9901,.T.);
#9901 = EDGE_LOOP('',(#9902,#9923,#9945,#9946,#9947));
#9902 = ORIENTED_EDGE('',*,*,#9903,.F.);
#9903 = EDGE_CURVE('',#7866,#7223,#9904,.T.);
#9904 = SURFACE_CURVE('',#9905,(#9909,#9916),.PCURVE_S1.);
#9905 = LINE('',#9906,#9907);
#9906 = CARTESIAN_POINT('',(-10.404941,-18.268516,0.));
#9907 = VECTOR('',#9908,1.);
#9908 = DIRECTION('',(-0.,1.,0.));
#9909 = PCURVE('',#7206,#9910);
#9910 = DEFINITIONAL_REPRESENTATION('',(#9911),#9915);
#9911 = LINE('',#9912,#9913);
#9912 = CARTESIAN_POINT('',(0.,0.));
#9913 = VECTOR('',#9914,1.);
#9914 = DIRECTION('',(0.,1.));
#9915 = ( GEOMETRIC_REPRESENTATION_CONTEXT(2) 
PARAMETRIC_REPRESENTATION_CONTEXT() REPRESENTATION_CONTEXT('2D SPACE',''
  ) );
#9916 = PCURVE('',#7822,#9917);
#9917 = DEFINITIONAL_REPRESENTATION('',(#9918),#9922);
#9918 = LINE('',#9919,#9920);
#9919 = CARTESIAN_POINT('',(3.5,-3.5));
#9920 = VECTOR('',#9921,1.);
#9921 = DIRECTION('',(0.,1.));
#9922 = ( GEOMETRIC_REPRESENTATION_CONTEXT(2) 
PARAMETRIC_REPRESENTATION_CONTEXT() REPRESENTATION_CONTEXT('2D SPACE',''
  ) );
#9923 = ORIENTED_EDGE('',*,*,#9924,.T.);
#9924 = EDGE_CURVE('',#7866,#7272,#9925,.T.);
#9925 = SURFACE_CURVE('',#9926,(#9931,#9938),.PCURVE_S1.);
#9926 = CIRCLE('',#9927,3.5);
#9927 = AXIS2_PLACEMENT_3D('',#9928,#9929,#9930);
#9928 = CARTESIAN_POINT('',(-9.204941,-7.5,0.));
#9929 = DIRECTION('',(0.,0.,1.));
#9930 = DIRECTION('',(1.,0.,-0.));
#9931 = PCURVE('',#7206,#9932);
#9932 = DEFINITIONAL_REPRESENTATION('',(#9933),#9937);
#9933 = CIRCLE('',#9934,3.5);
#9934 = AXIS2_PLACEMENT_2D('',#9935,#9936);
#9935 = CARTESIAN_POINT('',(1.2,10.768516));
#9936 = DIRECTION('',(1.,0.));
#9937 = ( GEOMETRIC_REPRESENTATION_CONTEXT(2) 
PARAMETRIC_REPRESENTATION_CONTEXT() REPRESENTATION_CONTEXT('2D SPACE',''
  ) );
#9938 = PCURVE('',#7881,#9939);
#9939 = DEFINITIONAL_REPRESENTATION('',(#9940),#9944);
#9940 = CIRCLE('',#9941,3.5);
#9941 = AXIS2_PLACEMENT_2D('',#9942,#9943);
#9942 = CARTESIAN_POINT('',(1.2,10.768516));
#9943 = DIRECTION('',(1.,0.));
#9944 = ( GEOMETRIC_REPRESENTATION_CONTEXT(2) 
PARAMETRIC_REPRESENTATION_CONTEXT() REPRESENTATION_CONTEXT('2D SPACE',''
  ) );
#9945 = ORIENTED_EDGE('',*,*,#7271,.T.);
#9946 = ORIENTED_EDGE('',*,*,#7192,.T.);
#9947 = ORIENTED_EDGE('',*,*,#7245,.F.);
#9948 = ADVANCED_FACE('',(#9949),#7335,.T.);
#9949 = FACE_BOUND('',#9950,.T.);
#9950 = EDGE_LOOP('',(#9951,#9952,#9953));
#9951 = ORIENTED_EDGE('',*,*,#7321,.F.);
#9952 = ORIENTED_EDGE('',*,*,#8317,.F.);
#9953 = ORIENTED_EDGE('',*,*,#7355,.T.);
#9954 = ADVANCED_FACE('',(#9955),#7395,.T.);
#9955 = FACE_BOUND('',#9956,.T.);
#9956 = EDGE_LOOP('',(#9957,#9958,#9959));
#9957 = ORIENTED_EDGE('',*,*,#8295,.F.);
#9958 = ORIENTED_EDGE('',*,*,#8400,.T.);
#9959 = ORIENTED_EDGE('',*,*,#7379,.T.);
#9960 = ADVANCED_FACE('',(#9961),#7478,.F.);
#9961 = FACE_BOUND('',#9962,.F.);
#9962 = EDGE_LOOP('',(#9963,#9985,#9986));
#9963 = ORIENTED_EDGE('',*,*,#9964,.F.);
#9964 = EDGE_CURVE('',#8751,#7434,#9965,.T.);
#9965 = SURFACE_CURVE('',#9966,(#9971,#9978),.PCURVE_S1.);
#9966 = CIRCLE('',#9967,3.5);
#9967 = AXIS2_PLACEMENT_3D('',#9968,#9969,#9970);
#9968 = CARTESIAN_POINT('',(9.204965,-7.5,-1.8));
#9969 = DIRECTION('',(0.,0.,1.));
#9970 = DIRECTION('',(1.,0.,-0.));
#9971 = PCURVE('',#7478,#9972);
#9972 = DEFINITIONAL_REPRESENTATION('',(#9973),#9977);
#9973 = CIRCLE('',#9974,3.5);
#9974 = AXIS2_PLACEMENT_2D('',#9975,#9976);
#9975 = CARTESIAN_POINT('',(0.,10.770142));
#9976 = DIRECTION('',(1.,0.));
#9977 = ( GEOMETRIC_REPRESENTATION_CONTEXT(2) 
PARAMETRIC_REPRESENTATION_CONTEXT() REPRESENTATION_CONTEXT('2D SPACE',''
  ) );
#9978 = PCURVE('',#9052,#9979);
#9979 = DEFINITIONAL_REPRESENTATION('',(#9980),#9984);
#9980 = CIRCLE('',#9981,3.5);
#9981 = AXIS2_PLACEMENT_2D('',#9982,#9983);
#9982 = CARTESIAN_POINT('',(0.,10.770142));
#9983 = DIRECTION('',(1.,0.));
#9984 = ( GEOMETRIC_REPRESENTATION_CONTEXT(2) 
PARAMETRIC_REPRESENTATION_CONTEXT() REPRESENTATION_CONTEXT('2D SPACE',''
  ) );
#9985 = ORIENTED_EDGE('',*,*,#8750,.T.);
#9986 = ORIENTED_EDGE('',*,*,#7462,.T.);
#9987 = ADVANCED_FACE('',(#9988),#7450,.F.);
#9988 = FACE_BOUND('',#9989,.F.);
#9989 = EDGE_LOOP('',(#9990,#9991,#10012));
#9990 = ORIENTED_EDGE('',*,*,#7539,.F.);
#9991 = ORIENTED_EDGE('',*,*,#9992,.F.);
#9992 = EDGE_CURVE('',#7434,#7517,#9993,.T.);
#9993 = SURFACE_CURVE('',#9994,(#9998,#10005),.PCURVE_S1.);
#9994 = LINE('',#9995,#9996);
#9995 = CARTESIAN_POINT('',(10.404965,-18.270142,-1.8));
#9996 = VECTOR('',#9997,1.);
#9997 = DIRECTION('',(-0.,1.,0.));
#9998 = PCURVE('',#7450,#9999);
#9999 = DEFINITIONAL_REPRESENTATION('',(#10000),#10004);
#10000 = LINE('',#10001,#10002);
#10001 = CARTESIAN_POINT('',(4.7,-3.5));
#10002 = VECTOR('',#10003,1.);
#10003 = DIRECTION('',(0.,1.));
#10004 = ( GEOMETRIC_REPRESENTATION_CONTEXT(2) 
PARAMETRIC_REPRESENTATION_CONTEXT() REPRESENTATION_CONTEXT('2D SPACE',''
  ) );
#10005 = PCURVE('',#9052,#10006);
#10006 = DEFINITIONAL_REPRESENTATION('',(#10007),#10011);
#10007 = LINE('',#10008,#10009);
#10008 = CARTESIAN_POINT('',(1.2,0.));
#10009 = VECTOR('',#10010,1.);
#10010 = DIRECTION('',(0.,1.));
#10011 = ( GEOMETRIC_REPRESENTATION_CONTEXT(2) 
PARAMETRIC_REPRESENTATION_CONTEXT() REPRESENTATION_CONTEXT('2D SPACE',''
  ) );
#10012 = ORIENTED_EDGE('',*,*,#7433,.T.);
#10013 = ADVANCED_FACE('',(#10014),#7607,.T.);
#10014 = FACE_BOUND('',#10015,.T.);
#10015 = EDGE_LOOP('',(#10016,#10044,#10045,#10068));
#10016 = ORIENTED_EDGE('',*,*,#10017,.F.);
#10017 = EDGE_CURVE('',#7591,#10018,#10020,.T.);
#10018 = VERTEX_POINT('',#10019);
#10019 = CARTESIAN_POINT('',(10.404965,-18.05799844455,0.));
#10020 = SURFACE_CURVE('',#10021,(#10025,#10032),.PCURVE_S1.);
#10021 = LINE('',#10022,#10023);
#10022 = CARTESIAN_POINT('',(10.404965,-18.270142,0.));
#10023 = VECTOR('',#10024,1.);
#10024 = DIRECTION('',(-0.,1.,0.));
#10025 = PCURVE('',#7607,#10026);
#10026 = DEFINITIONAL_REPRESENTATION('',(#10027),#10031);
#10027 = LINE('',#10028,#10029);
#10028 = CARTESIAN_POINT('',(0.,-3.5));
#10029 = VECTOR('',#10030,1.);
#10030 = DIRECTION('',(0.,1.));
#10031 = ( GEOMETRIC_REPRESENTATION_CONTEXT(2) 
PARAMETRIC_REPRESENTATION_CONTEXT() REPRESENTATION_CONTEXT('2D SPACE',''
  ) );
#10032 = PCURVE('',#10033,#10038);
#10033 = PLANE('',#10034);
#10034 = AXIS2_PLACEMENT_3D('',#10035,#10036,#10037);
#10035 = CARTESIAN_POINT('',(9.204965,-18.270142,0.));
#10036 = DIRECTION('',(0.,0.,1.));
#10037 = DIRECTION('',(1.,0.,-0.));
#10038 = DEFINITIONAL_REPRESENTATION('',(#10039),#10043);
#10039 = LINE('',#10040,#10041);
#10040 = CARTESIAN_POINT('',(1.2,0.));
#10041 = VECTOR('',#10042,1.);
#10042 = DIRECTION('',(0.,1.));
#10043 = ( GEOMETRIC_REPRESENTATION_CONTEXT(2) 
PARAMETRIC_REPRESENTATION_CONTEXT() REPRESENTATION_CONTEXT('2D SPACE',''
  ) );
#10044 = ORIENTED_EDGE('',*,*,#7590,.T.);
#10045 = ORIENTED_EDGE('',*,*,#10046,.F.);
#10046 = EDGE_CURVE('',#10047,#5724,#10049,.T.);
#10047 = VERTEX_POINT('',#10048);
#10048 = CARTESIAN_POINT('',(12.704965,-14.770142,0.));
#10049 = SURFACE_CURVE('',#10050,(#10054,#10061),.PCURVE_S1.);
#10050 = LINE('',#10051,#10052);
#10051 = CARTESIAN_POINT('',(5.704965,-14.770142,0.));
#10052 = VECTOR('',#10053,1.);
#10053 = DIRECTION('',(1.,0.,-0.));
#10054 = PCURVE('',#7607,#10055);
#10055 = DEFINITIONAL_REPRESENTATION('',(#10056),#10060);
#10056 = LINE('',#10057,#10058);
#10057 = CARTESIAN_POINT('',(-4.7,0.));
#10058 = VECTOR('',#10059,1.);
#10059 = DIRECTION('',(1.,0.));
#10060 = ( GEOMETRIC_REPRESENTATION_CONTEXT(2) 
PARAMETRIC_REPRESENTATION_CONTEXT() REPRESENTATION_CONTEXT('2D SPACE',''
  ) );
#10061 = PCURVE('',#7713,#10062);
#10062 = DEFINITIONAL_REPRESENTATION('',(#10063),#10067);
#10063 = LINE('',#10064,#10065);
#10064 = CARTESIAN_POINT('',(0.,0.));
#10065 = VECTOR('',#10066,1.);
#10066 = DIRECTION('',(1.,0.));
#10067 = ( GEOMETRIC_REPRESENTATION_CONTEXT(2) 
PARAMETRIC_REPRESENTATION_CONTEXT() REPRESENTATION_CONTEXT('2D SPACE',''
  ) );
#10068 = ORIENTED_EDGE('',*,*,#10069,.F.);
#10069 = EDGE_CURVE('',#10018,#10047,#10070,.T.);
#10070 = SURFACE_CURVE('',#10071,(#10076,#10083),.PCURVE_S1.);
#10071 = CIRCLE('',#10072,3.5);
#10072 = AXIS2_PLACEMENT_3D('',#10073,#10074,#10075);
#10073 = CARTESIAN_POINT('',(9.204965,-14.770142,0.));
#10074 = DIRECTION('',(0.,0.,1.));
#10075 = DIRECTION('',(1.,0.,-0.));
#10076 = PCURVE('',#7607,#10077);
#10077 = DEFINITIONAL_REPRESENTATION('',(#10078),#10082);
#10078 = CIRCLE('',#10079,3.5);
#10079 = AXIS2_PLACEMENT_2D('',#10080,#10081);
#10080 = CARTESIAN_POINT('',(-1.2,0.));
#10081 = DIRECTION('',(1.,0.));
#10082 = ( GEOMETRIC_REPRESENTATION_CONTEXT(2) 
PARAMETRIC_REPRESENTATION_CONTEXT() REPRESENTATION_CONTEXT('2D SPACE',''
  ) );
#10083 = PCURVE('',#10084,#10089);
#10084 = PLANE('',#10085);
#10085 = AXIS2_PLACEMENT_3D('',#10086,#10087,#10088);
#10086 = CARTESIAN_POINT('',(9.204965,-14.770142,0.));
#10087 = DIRECTION('',(0.,0.,1.));
#10088 = DIRECTION('',(1.,0.,-0.));
#10089 = DEFINITIONAL_REPRESENTATION('',(#10090),#10094);
#10090 = CIRCLE('',#10091,3.5);
#10091 = AXIS2_PLACEMENT_2D('',#10092,#10093);
#10092 = CARTESIAN_POINT('',(0.,0.));
#10093 = DIRECTION('',(1.,0.));
#10094 = ( GEOMETRIC_REPRESENTATION_CONTEXT(2) 
PARAMETRIC_REPRESENTATION_CONTEXT() REPRESENTATION_CONTEXT('2D SPACE',''
  ) );
#10095 = ADVANCED_FACE('',(#10096),#7657,.F.);
#10096 = FACE_BOUND('',#10097,.F.);
#10097 = EDGE_LOOP('',(#10098,#10126,#10127,#10148,#10149));
#10098 = ORIENTED_EDGE('',*,*,#10099,.F.);
#10099 = EDGE_CURVE('',#7620,#10100,#10102,.T.);
#10100 = VERTEX_POINT('',#10101);
#10101 = CARTESIAN_POINT('',(10.404965,-18.05799844455,-1.8));
#10102 = SURFACE_CURVE('',#10103,(#10107,#10114),.PCURVE_S1.);
#10103 = LINE('',#10104,#10105);
#10104 = CARTESIAN_POINT('',(10.404965,-18.270142,-1.8));
#10105 = VECTOR('',#10106,1.);
#10106 = DIRECTION('',(-0.,1.,0.));
#10107 = PCURVE('',#7657,#10108);
#10108 = DEFINITIONAL_REPRESENTATION('',(#10109),#10113);
#10109 = LINE('',#10110,#10111);
#10110 = CARTESIAN_POINT('',(0.,-3.5));
#10111 = VECTOR('',#10112,1.);
#10112 = DIRECTION('',(0.,1.));
#10113 = ( GEOMETRIC_REPRESENTATION_CONTEXT(2) 
PARAMETRIC_REPRESENTATION_CONTEXT() REPRESENTATION_CONTEXT('2D SPACE',''
  ) );
#10114 = PCURVE('',#10115,#10120);
#10115 = PLANE('',#10116);
#10116 = AXIS2_PLACEMENT_3D('',#10117,#10118,#10119);
#10117 = CARTESIAN_POINT('',(9.204965,-18.270142,-1.8));
#10118 = DIRECTION('',(0.,0.,1.));
#10119 = DIRECTION('',(1.,0.,-0.));
#10120 = DEFINITIONAL_REPRESENTATION('',(#10121),#10125);
#10121 = LINE('',#10122,#10123);
#10122 = CARTESIAN_POINT('',(1.2,0.));
#10123 = VECTOR('',#10124,1.);
#10124 = DIRECTION('',(0.,1.));
#10125 = ( GEOMETRIC_REPRESENTATION_CONTEXT(2) 
PARAMETRIC_REPRESENTATION_CONTEXT() REPRESENTATION_CONTEXT('2D SPACE',''
  ) );
#10126 = ORIENTED_EDGE('',*,*,#7642,.T.);
#10127 = ORIENTED_EDGE('',*,*,#10128,.F.);
#10128 = EDGE_CURVE('',#8800,#5722,#10129,.T.);
#10129 = SURFACE_CURVE('',#10130,(#10134,#10141),.PCURVE_S1.);
#10130 = LINE('',#10131,#10132);
#10131 = CARTESIAN_POINT('',(5.704965,-14.770142,-1.8));
#10132 = VECTOR('',#10133,1.);
#10133 = DIRECTION('',(1.,0.,-0.));
#10134 = PCURVE('',#7657,#10135);
#10135 = DEFINITIONAL_REPRESENTATION('',(#10136),#10140);
#10136 = LINE('',#10137,#10138);
#10137 = CARTESIAN_POINT('',(-4.7,0.));
#10138 = VECTOR('',#10139,1.);
#10139 = DIRECTION('',(1.,0.));
#10140 = ( GEOMETRIC_REPRESENTATION_CONTEXT(2) 
PARAMETRIC_REPRESENTATION_CONTEXT() REPRESENTATION_CONTEXT('2D SPACE',''
  ) );
#10141 = PCURVE('',#7745,#10142);
#10142 = DEFINITIONAL_REPRESENTATION('',(#10143),#10147);
#10143 = LINE('',#10144,#10145);
#10144 = CARTESIAN_POINT('',(0.,0.));
#10145 = VECTOR('',#10146,1.);
#10146 = DIRECTION('',(1.,0.));
#10147 = ( GEOMETRIC_REPRESENTATION_CONTEXT(2) 
PARAMETRIC_REPRESENTATION_CONTEXT() REPRESENTATION_CONTEXT('2D SPACE',''
  ) );
#10148 = ORIENTED_EDGE('',*,*,#9005,.F.);
#10149 = ORIENTED_EDGE('',*,*,#10150,.F.);
#10150 = EDGE_CURVE('',#10100,#8977,#10151,.T.);
#10151 = SURFACE_CURVE('',#10152,(#10157,#10164),.PCURVE_S1.);
#10152 = CIRCLE('',#10153,3.5);
#10153 = AXIS2_PLACEMENT_3D('',#10154,#10155,#10156);
#10154 = CARTESIAN_POINT('',(9.204965,-14.770142,-1.8));
#10155 = DIRECTION('',(0.,0.,1.));
#10156 = DIRECTION('',(1.,0.,-0.));
#10157 = PCURVE('',#7657,#10158);
#10158 = DEFINITIONAL_REPRESENTATION('',(#10159),#10163);
#10159 = CIRCLE('',#10160,3.5);
#10160 = AXIS2_PLACEMENT_2D('',#10161,#10162);
#10161 = CARTESIAN_POINT('',(-1.2,0.));
#10162 = DIRECTION('',(1.,0.));
#10163 = ( GEOMETRIC_REPRESENTATION_CONTEXT(2) 
PARAMETRIC_REPRESENTATION_CONTEXT() REPRESENTATION_CONTEXT('2D SPACE',''
  ) );
#10164 = PCURVE('',#8993,#10165);
#10165 = DEFINITIONAL_REPRESENTATION('',(#10166),#10170);
#10166 = CIRCLE('',#10167,3.5);
#10167 = AXIS2_PLACEMENT_2D('',#10168,#10169);
#10168 = CARTESIAN_POINT('',(0.,0.));
#10169 = DIRECTION('',(1.,0.));
#10170 = ( GEOMETRIC_REPRESENTATION_CONTEXT(2) 
PARAMETRIC_REPRESENTATION_CONTEXT() REPRESENTATION_CONTEXT('2D SPACE',''
  ) );
#10171 = ADVANCED_FACE('',(#10172),#7713,.T.);
#10172 = FACE_BOUND('',#10173,.T.);
#10173 = EDGE_LOOP('',(#10174,#10175,#10176,#10199));
#10174 = ORIENTED_EDGE('',*,*,#10046,.T.);
#10175 = ORIENTED_EDGE('',*,*,#7698,.T.);
#10176 = ORIENTED_EDGE('',*,*,#10177,.F.);
#10177 = EDGE_CURVE('',#10178,#7676,#10180,.T.);
#10178 = VERTEX_POINT('',#10179);
#10179 = CARTESIAN_POINT('',(10.404965,-11.48228555544,0.));
#10180 = SURFACE_CURVE('',#10181,(#10185,#10192),.PCURVE_S1.);
#10181 = LINE('',#10182,#10183);
#10182 = CARTESIAN_POINT('',(10.404965,-18.270142,0.));
#10183 = VECTOR('',#10184,1.);
#10184 = DIRECTION('',(-0.,1.,0.));
#10185 = PCURVE('',#7713,#10186);
#10186 = DEFINITIONAL_REPRESENTATION('',(#10187),#10191);
#10187 = LINE('',#10188,#10189);
#10188 = CARTESIAN_POINT('',(4.7,-3.5));
#10189 = VECTOR('',#10190,1.);
#10190 = DIRECTION('',(0.,1.));
#10191 = ( GEOMETRIC_REPRESENTATION_CONTEXT(2) 
PARAMETRIC_REPRESENTATION_CONTEXT() REPRESENTATION_CONTEXT('2D SPACE',''
  ) );
#10192 = PCURVE('',#8387,#10193);
#10193 = DEFINITIONAL_REPRESENTATION('',(#10194),#10198);
#10194 = LINE('',#10195,#10196);
#10195 = CARTESIAN_POINT('',(1.2,0.));
#10196 = VECTOR('',#10197,1.);
#10197 = DIRECTION('',(0.,1.));
#10198 = ( GEOMETRIC_REPRESENTATION_CONTEXT(2) 
PARAMETRIC_REPRESENTATION_CONTEXT() REPRESENTATION_CONTEXT('2D SPACE',''
  ) );
#10199 = ORIENTED_EDGE('',*,*,#10200,.F.);
#10200 = EDGE_CURVE('',#10047,#10178,#10201,.T.);
#10201 = SURFACE_CURVE('',#10202,(#10207,#10214),.PCURVE_S1.);
#10202 = CIRCLE('',#10203,3.5);
#10203 = AXIS2_PLACEMENT_3D('',#10204,#10205,#10206);
#10204 = CARTESIAN_POINT('',(9.204965,-14.770142,0.));
#10205 = DIRECTION('',(0.,0.,1.));
#10206 = DIRECTION('',(1.,0.,-0.));
#10207 = PCURVE('',#7713,#10208);
#10208 = DEFINITIONAL_REPRESENTATION('',(#10209),#10213);
#10209 = CIRCLE('',#10210,3.5);
#10210 = AXIS2_PLACEMENT_2D('',#10211,#10212);
#10211 = CARTESIAN_POINT('',(3.5,0.));
#10212 = DIRECTION('',(1.,0.));
#10213 = ( GEOMETRIC_REPRESENTATION_CONTEXT(2) 
PARAMETRIC_REPRESENTATION_CONTEXT() REPRESENTATION_CONTEXT('2D SPACE',''
  ) );
#10214 = PCURVE('',#10215,#10220);
#10215 = PLANE('',#10216);
#10216 = AXIS2_PLACEMENT_3D('',#10217,#10218,#10219);
#10217 = CARTESIAN_POINT('',(5.704965,-14.770142,0.));
#10218 = DIRECTION('',(0.,0.,1.));
#10219 = DIRECTION('',(1.,0.,-0.));
#10220 = DEFINITIONAL_REPRESENTATION('',(#10221),#10225);
#10221 = CIRCLE('',#10222,3.5);
#10222 = AXIS2_PLACEMENT_2D('',#10223,#10224);
#10223 = CARTESIAN_POINT('',(3.5,0.));
#10224 = DIRECTION('',(1.,0.));
#10225 = ( GEOMETRIC_REPRESENTATION_CONTEXT(2) 
PARAMETRIC_REPRESENTATION_CONTEXT() REPRESENTATION_CONTEXT('2D SPACE',''
  ) );
#10226 = ADVANCED_FACE('',(#10227),#7745,.F.);
#10227 = FACE_BOUND('',#10228,.F.);
#10228 = EDGE_LOOP('',(#10229,#10230,#10231,#10232));
#10229 = ORIENTED_EDGE('',*,*,#8799,.F.);
#10230 = ORIENTED_EDGE('',*,*,#10128,.T.);
#10231 = ORIENTED_EDGE('',*,*,#7728,.T.);
#10232 = ORIENTED_EDGE('',*,*,#8875,.F.);
#10233 = ADVANCED_FACE('',(#10234),#7822,.T.);
#10234 = FACE_BOUND('',#10235,.T.);
#10235 = EDGE_LOOP('',(#10236,#10237,#10238));
#10236 = ORIENTED_EDGE('',*,*,#7808,.F.);
#10237 = ORIENTED_EDGE('',*,*,#7893,.T.);
#10238 = ORIENTED_EDGE('',*,*,#9903,.T.);
#10239 = ADVANCED_FACE('',(#10240),#7881,.T.);
#10240 = FACE_BOUND('',#10241,.T.);
#10241 = EDGE_LOOP('',(#10242,#10243,#10244));
#10242 = ORIENTED_EDGE('',*,*,#7865,.F.);
#10243 = ORIENTED_EDGE('',*,*,#9590,.T.);
#10244 = ORIENTED_EDGE('',*,*,#9924,.F.);
#10245 = ADVANCED_FACE('',(#10246),#7935,.T.);
#10246 = FACE_BOUND('',#10247,.T.);
#10247 = EDGE_LOOP('',(#10248,#10271,#10272,#10300));
#10248 = ORIENTED_EDGE('',*,*,#10249,.F.);
#10249 = EDGE_CURVE('',#5923,#10250,#10252,.T.);
#10250 = VERTEX_POINT('',#10251);
#10251 = CARTESIAN_POINT('',(-12.704941,-14.768516,0.));
#10252 = SURFACE_CURVE('',#10253,(#10257,#10264),.PCURVE_S1.);
#10253 = LINE('',#10254,#10255);
#10254 = CARTESIAN_POINT('',(-13.904941,-14.768516,0.));
#10255 = VECTOR('',#10256,1.);
#10256 = DIRECTION('',(1.,0.,-0.));
#10257 = PCURVE('',#7935,#10258);
#10258 = DEFINITIONAL_REPRESENTATION('',(#10259),#10263);
#10259 = LINE('',#10260,#10261);
#10260 = CARTESIAN_POINT('',(-3.5,0.));
#10261 = VECTOR('',#10262,1.);
#10262 = DIRECTION('',(1.,0.));
#10263 = ( GEOMETRIC_REPRESENTATION_CONTEXT(2) 
PARAMETRIC_REPRESENTATION_CONTEXT() REPRESENTATION_CONTEXT('2D SPACE',''
  ) );
#10264 = PCURVE('',#8020,#10265);
#10265 = DEFINITIONAL_REPRESENTATION('',(#10266),#10270);
#10266 = LINE('',#10267,#10268);
#10267 = CARTESIAN_POINT('',(0.,0.));
#10268 = VECTOR('',#10269,1.);
#10269 = DIRECTION('',(1.,0.));
#10270 = ( GEOMETRIC_REPRESENTATION_CONTEXT(2) 
PARAMETRIC_REPRESENTATION_CONTEXT() REPRESENTATION_CONTEXT('2D SPACE',''
  ) );
#10271 = ORIENTED_EDGE('',*,*,#7918,.T.);
#10272 = ORIENTED_EDGE('',*,*,#10273,.T.);
#10273 = EDGE_CURVE('',#7919,#10274,#10276,.T.);
#10274 = VERTEX_POINT('',#10275);
#10275 = CARTESIAN_POINT('',(-10.404941,-18.05637244455,0.));
#10276 = SURFACE_CURVE('',#10277,(#10281,#10288),.PCURVE_S1.);
#10277 = LINE('',#10278,#10279);
#10278 = CARTESIAN_POINT('',(-10.404941,-18.268516,0.));
#10279 = VECTOR('',#10280,1.);
#10280 = DIRECTION('',(-0.,1.,0.));
#10281 = PCURVE('',#7935,#10282);
#10282 = DEFINITIONAL_REPRESENTATION('',(#10283),#10287);
#10283 = LINE('',#10284,#10285);
#10284 = CARTESIAN_POINT('',(0.,-3.5));
#10285 = VECTOR('',#10286,1.);
#10286 = DIRECTION('',(0.,1.));
#10287 = ( GEOMETRIC_REPRESENTATION_CONTEXT(2) 
PARAMETRIC_REPRESENTATION_CONTEXT() REPRESENTATION_CONTEXT('2D SPACE',''
  ) );
#10288 = PCURVE('',#10289,#10294);
#10289 = PLANE('',#10290);
#10290 = AXIS2_PLACEMENT_3D('',#10291,#10292,#10293);
#10291 = CARTESIAN_POINT('',(-10.404941,-18.268516,0.));
#10292 = DIRECTION('',(0.,0.,1.));
#10293 = DIRECTION('',(1.,0.,-0.));
#10294 = DEFINITIONAL_REPRESENTATION('',(#10295),#10299);
#10295 = LINE('',#10296,#10297);
#10296 = CARTESIAN_POINT('',(0.,0.));
#10297 = VECTOR('',#10298,1.);
#10298 = DIRECTION('',(0.,1.));
#10299 = ( GEOMETRIC_REPRESENTATION_CONTEXT(2) 
PARAMETRIC_REPRESENTATION_CONTEXT() REPRESENTATION_CONTEXT('2D SPACE',''
  ) );
#10300 = ORIENTED_EDGE('',*,*,#10301,.F.);
#10301 = EDGE_CURVE('',#10250,#10274,#10302,.T.);
#10302 = SURFACE_CURVE('',#10303,(#10308,#10315),.PCURVE_S1.);
#10303 = CIRCLE('',#10304,3.5);
#10304 = AXIS2_PLACEMENT_3D('',#10305,#10306,#10307);
#10305 = CARTESIAN_POINT('',(-9.204941,-14.768516,0.));
#10306 = DIRECTION('',(0.,0.,1.));
#10307 = DIRECTION('',(1.,0.,-0.));
#10308 = PCURVE('',#7935,#10309);
#10309 = DEFINITIONAL_REPRESENTATION('',(#10310),#10314);
#10310 = CIRCLE('',#10311,3.5);
#10311 = AXIS2_PLACEMENT_2D('',#10312,#10313);
#10312 = CARTESIAN_POINT('',(1.2,0.));
#10313 = DIRECTION('',(1.,0.));
#10314 = ( GEOMETRIC_REPRESENTATION_CONTEXT(2) 
PARAMETRIC_REPRESENTATION_CONTEXT() REPRESENTATION_CONTEXT('2D SPACE',''
  ) );
#10315 = PCURVE('',#10316,#10321);
#10316 = PLANE('',#10317);
#10317 = AXIS2_PLACEMENT_3D('',#10318,#10319,#10320);
#10318 = CARTESIAN_POINT('',(-10.404941,-14.768516,0.));
#10319 = DIRECTION('',(0.,0.,1.));
#10320 = DIRECTION('',(1.,0.,-0.));
#10321 = DEFINITIONAL_REPRESENTATION('',(#10322),#10326);
#10322 = CIRCLE('',#10323,3.5);
#10323 = AXIS2_PLACEMENT_2D('',#10324,#10325);
#10324 = CARTESIAN_POINT('',(1.2,0.));
#10325 = DIRECTION('',(1.,0.));
#10326 = ( GEOMETRIC_REPRESENTATION_CONTEXT(2) 
PARAMETRIC_REPRESENTATION_CONTEXT() REPRESENTATION_CONTEXT('2D SPACE',''
  ) );
#10327 = ADVANCED_FACE('',(#10328),#7965,.F.);
#10328 = FACE_BOUND('',#10329,.F.);
#10329 = EDGE_LOOP('',(#10330,#10351,#10352,#10380,#10402));
#10330 = ORIENTED_EDGE('',*,*,#10331,.F.);
#10331 = EDGE_CURVE('',#5921,#9743,#10332,.T.);
#10332 = SURFACE_CURVE('',#10333,(#10337,#10344),.PCURVE_S1.);
#10333 = LINE('',#10334,#10335);
#10334 = CARTESIAN_POINT('',(-13.904941,-14.768516,-1.8));
#10335 = VECTOR('',#10336,1.);
#10336 = DIRECTION('',(1.,0.,-0.));
#10337 = PCURVE('',#7965,#10338);
#10338 = DEFINITIONAL_REPRESENTATION('',(#10339),#10343);
#10339 = LINE('',#10340,#10341);
#10340 = CARTESIAN_POINT('',(-3.5,0.));
#10341 = VECTOR('',#10342,1.);
#10342 = DIRECTION('',(1.,0.));
#10343 = ( GEOMETRIC_REPRESENTATION_CONTEXT(2) 
PARAMETRIC_REPRESENTATION_CONTEXT() REPRESENTATION_CONTEXT('2D SPACE',''
  ) );
#10344 = PCURVE('',#8098,#10345);
#10345 = DEFINITIONAL_REPRESENTATION('',(#10346),#10350);
#10346 = LINE('',#10347,#10348);
#10347 = CARTESIAN_POINT('',(0.,0.));
#10348 = VECTOR('',#10349,1.);
#10349 = DIRECTION('',(1.,0.));
#10350 = ( GEOMETRIC_REPRESENTATION_CONTEXT(2) 
PARAMETRIC_REPRESENTATION_CONTEXT() REPRESENTATION_CONTEXT('2D SPACE',''
  ) );
#10351 = ORIENTED_EDGE('',*,*,#7948,.T.);
#10352 = ORIENTED_EDGE('',*,*,#10353,.T.);
#10353 = EDGE_CURVE('',#7949,#10354,#10356,.T.);
#10354 = VERTEX_POINT('',#10355);
#10355 = CARTESIAN_POINT('',(-10.404941,-18.05637244455,-1.8));
#10356 = SURFACE_CURVE('',#10357,(#10361,#10368),.PCURVE_S1.);
#10357 = LINE('',#10358,#10359);
#10358 = CARTESIAN_POINT('',(-10.404941,-18.268516,-1.8));
#10359 = VECTOR('',#10360,1.);
#10360 = DIRECTION('',(-0.,1.,0.));
#10361 = PCURVE('',#7965,#10362);
#10362 = DEFINITIONAL_REPRESENTATION('',(#10363),#10367);
#10363 = LINE('',#10364,#10365);
#10364 = CARTESIAN_POINT('',(0.,-3.5));
#10365 = VECTOR('',#10366,1.);
#10366 = DIRECTION('',(0.,1.));
#10367 = ( GEOMETRIC_REPRESENTATION_CONTEXT(2) 
PARAMETRIC_REPRESENTATION_CONTEXT() REPRESENTATION_CONTEXT('2D SPACE',''
  ) );
#10368 = PCURVE('',#10369,#10374);
#10369 = PLANE('',#10370);
#10370 = AXIS2_PLACEMENT_3D('',#10371,#10372,#10373);
#10371 = CARTESIAN_POINT('',(-10.404941,-18.268516,-1.8));
#10372 = DIRECTION('',(0.,0.,1.));
#10373 = DIRECTION('',(1.,0.,-0.));
#10374 = DEFINITIONAL_REPRESENTATION('',(#10375),#10379);
#10375 = LINE('',#10376,#10377);
#10376 = CARTESIAN_POINT('',(0.,0.));
#10377 = VECTOR('',#10378,1.);
#10378 = DIRECTION('',(0.,1.));
#10379 = ( GEOMETRIC_REPRESENTATION_CONTEXT(2) 
PARAMETRIC_REPRESENTATION_CONTEXT() REPRESENTATION_CONTEXT('2D SPACE',''
  ) );
#10380 = ORIENTED_EDGE('',*,*,#10381,.F.);
#10381 = EDGE_CURVE('',#9767,#10354,#10382,.T.);
#10382 = SURFACE_CURVE('',#10383,(#10388,#10395),.PCURVE_S1.);
#10383 = CIRCLE('',#10384,3.5);
#10384 = AXIS2_PLACEMENT_3D('',#10385,#10386,#10387);
#10385 = CARTESIAN_POINT('',(-9.204941,-14.768516,-1.8));
#10386 = DIRECTION('',(0.,0.,1.));
#10387 = DIRECTION('',(1.,0.,-0.));
#10388 = PCURVE('',#7965,#10389);
#10389 = DEFINITIONAL_REPRESENTATION('',(#10390),#10394);
#10390 = CIRCLE('',#10391,3.5);
#10391 = AXIS2_PLACEMENT_2D('',#10392,#10393);
#10392 = CARTESIAN_POINT('',(1.2,0.));
#10393 = DIRECTION('',(1.,0.));
#10394 = ( GEOMETRIC_REPRESENTATION_CONTEXT(2) 
PARAMETRIC_REPRESENTATION_CONTEXT() REPRESENTATION_CONTEXT('2D SPACE',''
  ) );
#10395 = PCURVE('',#9807,#10396);
#10396 = DEFINITIONAL_REPRESENTATION('',(#10397),#10401);
#10397 = CIRCLE('',#10398,3.5);
#10398 = AXIS2_PLACEMENT_2D('',#10399,#10400);
#10399 = CARTESIAN_POINT('',(1.2,0.));
#10400 = DIRECTION('',(1.,0.));
#10401 = ( GEOMETRIC_REPRESENTATION_CONTEXT(2) 
PARAMETRIC_REPRESENTATION_CONTEXT() REPRESENTATION_CONTEXT('2D SPACE',''
  ) );
#10402 = ORIENTED_EDGE('',*,*,#9766,.F.);
#10403 = ADVANCED_FACE('',(#10404),#8020,.T.);
#10404 = FACE_BOUND('',#10405,.T.);
#10405 = EDGE_LOOP('',(#10406,#10429,#10430,#10431));
#10406 = ORIENTED_EDGE('',*,*,#10407,.T.);
#10407 = EDGE_CURVE('',#10408,#8004,#10410,.T.);
#10408 = VERTEX_POINT('',#10409);
#10409 = CARTESIAN_POINT('',(-10.404941,-11.48065955544,0.));
#10410 = SURFACE_CURVE('',#10411,(#10415,#10422),.PCURVE_S1.);
#10411 = LINE('',#10412,#10413);
#10412 = CARTESIAN_POINT('',(-10.404941,-18.268516,0.));
#10413 = VECTOR('',#10414,1.);
#10414 = DIRECTION('',(-0.,1.,0.));
#10415 = PCURVE('',#8020,#10416);
#10416 = DEFINITIONAL_REPRESENTATION('',(#10417),#10421);
#10417 = LINE('',#10418,#10419);
#10418 = CARTESIAN_POINT('',(3.5,-3.5));
#10419 = VECTOR('',#10420,1.);
#10420 = DIRECTION('',(0.,1.));
#10421 = ( GEOMETRIC_REPRESENTATION_CONTEXT(2) 
PARAMETRIC_REPRESENTATION_CONTEXT() REPRESENTATION_CONTEXT('2D SPACE',''
  ) );
#10422 = PCURVE('',#9554,#10423);
#10423 = DEFINITIONAL_REPRESENTATION('',(#10424),#10428);
#10424 = LINE('',#10425,#10426);
#10425 = CARTESIAN_POINT('',(0.,0.));
#10426 = VECTOR('',#10427,1.);
#10427 = DIRECTION('',(0.,1.));
#10428 = ( GEOMETRIC_REPRESENTATION_CONTEXT(2) 
PARAMETRIC_REPRESENTATION_CONTEXT() REPRESENTATION_CONTEXT('2D SPACE',''
  ) );
#10429 = ORIENTED_EDGE('',*,*,#8003,.T.);
#10430 = ORIENTED_EDGE('',*,*,#10249,.T.);
#10431 = ORIENTED_EDGE('',*,*,#10432,.F.);
#10432 = EDGE_CURVE('',#10408,#10250,#10433,.T.);
#10433 = SURFACE_CURVE('',#10434,(#10439,#10446),.PCURVE_S1.);
#10434 = CIRCLE('',#10435,3.5);
#10435 = AXIS2_PLACEMENT_3D('',#10436,#10437,#10438);
#10436 = CARTESIAN_POINT('',(-9.204941,-14.768516,0.));
#10437 = DIRECTION('',(0.,0.,1.));
#10438 = DIRECTION('',(1.,0.,-0.));
#10439 = PCURVE('',#8020,#10440);
#10440 = DEFINITIONAL_REPRESENTATION('',(#10441),#10445);
#10441 = CIRCLE('',#10442,3.5);
#10442 = AXIS2_PLACEMENT_2D('',#10443,#10444);
#10443 = CARTESIAN_POINT('',(4.7,0.));
#10444 = DIRECTION('',(1.,0.));
#10445 = ( GEOMETRIC_REPRESENTATION_CONTEXT(2) 
PARAMETRIC_REPRESENTATION_CONTEXT() REPRESENTATION_CONTEXT('2D SPACE',''
  ) );
#10446 = PCURVE('',#10447,#10452);
#10447 = PLANE('',#10448);
#10448 = AXIS2_PLACEMENT_3D('',#10449,#10450,#10451);
#10449 = CARTESIAN_POINT('',(-13.904941,-14.768516,0.));
#10450 = DIRECTION('',(0.,0.,1.));
#10451 = DIRECTION('',(1.,0.,-0.));
#10452 = DEFINITIONAL_REPRESENTATION('',(#10453),#10457);
#10453 = CIRCLE('',#10454,3.5);
#10454 = AXIS2_PLACEMENT_2D('',#10455,#10456);
#10455 = CARTESIAN_POINT('',(4.7,0.));
#10456 = DIRECTION('',(1.,0.));
#10457 = ( GEOMETRIC_REPRESENTATION_CONTEXT(2) 
PARAMETRIC_REPRESENTATION_CONTEXT() REPRESENTATION_CONTEXT('2D SPACE',''
  ) );
#10458 = ADVANCED_FACE('',(#10459),#8098,.F.);
#10459 = FACE_BOUND('',#10460,.F.);
#10460 = EDGE_LOOP('',(#10461,#10462,#10463));
#10461 = ORIENTED_EDGE('',*,*,#9742,.F.);
#10462 = ORIENTED_EDGE('',*,*,#8081,.T.);
#10463 = ORIENTED_EDGE('',*,*,#10331,.T.);
#10464 = ADVANCED_FACE('',(#10465),#8174,.F.);
#10465 = FACE_BOUND('',#10466,.F.);
#10466 = EDGE_LOOP('',(#10467,#10468,#10469));
#10467 = ORIENTED_EDGE('',*,*,#8158,.F.);
#10468 = ORIENTED_EDGE('',*,*,#8241,.T.);
#10469 = ORIENTED_EDGE('',*,*,#10470,.T.);
#10470 = EDGE_CURVE('',#8214,#8159,#10471,.T.);
#10471 = SURFACE_CURVE('',#10472,(#10476,#10483),.PCURVE_S1.);
#10472 = LINE('',#10473,#10474);
#10473 = CARTESIAN_POINT('',(-10.404941,-18.268516,-1.8));
#10474 = VECTOR('',#10475,1.);
#10475 = DIRECTION('',(-0.,1.,0.));
#10476 = PCURVE('',#8174,#10477);
#10477 = DEFINITIONAL_REPRESENTATION('',(#10478),#10482);
#10478 = LINE('',#10479,#10480);
#10479 = CARTESIAN_POINT('',(3.5,-3.5));
#10480 = VECTOR('',#10481,1.);
#10481 = DIRECTION('',(0.,1.));
#10482 = ( GEOMETRIC_REPRESENTATION_CONTEXT(2) 
PARAMETRIC_REPRESENTATION_CONTEXT() REPRESENTATION_CONTEXT('2D SPACE',''
  ) );
#10483 = PCURVE('',#9139,#10484);
#10484 = DEFINITIONAL_REPRESENTATION('',(#10485),#10489);
#10485 = LINE('',#10486,#10487);
#10486 = CARTESIAN_POINT('',(0.,0.));
#10487 = VECTOR('',#10488,1.);
#10488 = DIRECTION('',(0.,1.));
#10489 = ( GEOMETRIC_REPRESENTATION_CONTEXT(2) 
PARAMETRIC_REPRESENTATION_CONTEXT() REPRESENTATION_CONTEXT('2D SPACE',''
  ) );
#10490 = ADVANCED_FACE('',(#10491),#8229,.F.);
#10491 = FACE_BOUND('',#10492,.F.);
#10492 = EDGE_LOOP('',(#10493,#10494,#10495));
#10493 = ORIENTED_EDGE('',*,*,#8213,.F.);
#10494 = ORIENTED_EDGE('',*,*,#9878,.T.);
#10495 = ORIENTED_EDGE('',*,*,#10496,.F.);
#10496 = EDGE_CURVE('',#8214,#9123,#10497,.T.);
#10497 = SURFACE_CURVE('',#10498,(#10503,#10510),.PCURVE_S1.);
#10498 = CIRCLE('',#10499,3.5);
#10499 = AXIS2_PLACEMENT_3D('',#10500,#10501,#10502);
#10500 = CARTESIAN_POINT('',(-9.204941,-7.5,-1.8));
#10501 = DIRECTION('',(0.,0.,1.));
#10502 = DIRECTION('',(1.,0.,-0.));
#10503 = PCURVE('',#8229,#10504);
#10504 = DEFINITIONAL_REPRESENTATION('',(#10505),#10509);
#10505 = CIRCLE('',#10506,3.5);
#10506 = AXIS2_PLACEMENT_2D('',#10507,#10508);
#10507 = CARTESIAN_POINT('',(1.2,10.768516));
#10508 = DIRECTION('',(1.,0.));
#10509 = ( GEOMETRIC_REPRESENTATION_CONTEXT(2) 
PARAMETRIC_REPRESENTATION_CONTEXT() REPRESENTATION_CONTEXT('2D SPACE',''
  ) );
#10510 = PCURVE('',#9139,#10511);
#10511 = DEFINITIONAL_REPRESENTATION('',(#10512),#10516);
#10512 = CIRCLE('',#10513,3.5);
#10513 = AXIS2_PLACEMENT_2D('',#10514,#10515);
#10514 = CARTESIAN_POINT('',(1.2,10.768516));
#10515 = DIRECTION('',(1.,0.));
#10516 = ( GEOMETRIC_REPRESENTATION_CONTEXT(2) 
PARAMETRIC_REPRESENTATION_CONTEXT() REPRESENTATION_CONTEXT('2D SPACE',''
  ) );
#10517 = ADVANCED_FACE('',(#10518),#8387,.T.);
#10518 = FACE_BOUND('',#10519,.T.);
#10519 = EDGE_LOOP('',(#10520,#10521,#10548));
#10520 = ORIENTED_EDGE('',*,*,#8372,.T.);
#10521 = ORIENTED_EDGE('',*,*,#10522,.F.);
#10522 = EDGE_CURVE('',#10178,#8344,#10523,.T.);
#10523 = SURFACE_CURVE('',#10524,(#10529,#10536),.PCURVE_S1.);
#10524 = CIRCLE('',#10525,3.5);
#10525 = AXIS2_PLACEMENT_3D('',#10526,#10527,#10528);
#10526 = CARTESIAN_POINT('',(9.204965,-14.770142,0.));
#10527 = DIRECTION('',(0.,0.,1.));
#10528 = DIRECTION('',(1.,0.,-0.));
#10529 = PCURVE('',#8387,#10530);
#10530 = DEFINITIONAL_REPRESENTATION('',(#10531),#10535);
#10531 = CIRCLE('',#10532,3.5);
#10532 = AXIS2_PLACEMENT_2D('',#10533,#10534);
#10533 = CARTESIAN_POINT('',(0.,3.5));
#10534 = DIRECTION('',(1.,0.));
#10535 = ( GEOMETRIC_REPRESENTATION_CONTEXT(2) 
PARAMETRIC_REPRESENTATION_CONTEXT() REPRESENTATION_CONTEXT('2D SPACE',''
  ) );
#10536 = PCURVE('',#10537,#10542);
#10537 = PLANE('',#10538);
#10538 = AXIS2_PLACEMENT_3D('',#10539,#10540,#10541);
#10539 = CARTESIAN_POINT('',(9.204965,-18.270142,0.));
#10540 = DIRECTION('',(0.,0.,1.));
#10541 = DIRECTION('',(1.,0.,-0.));
#10542 = DEFINITIONAL_REPRESENTATION('',(#10543),#10547);
#10543 = CIRCLE('',#10544,3.5);
#10544 = AXIS2_PLACEMENT_2D('',#10545,#10546);
#10545 = CARTESIAN_POINT('',(0.,3.5));
#10546 = DIRECTION('',(1.,0.));
#10547 = ( GEOMETRIC_REPRESENTATION_CONTEXT(2) 
PARAMETRIC_REPRESENTATION_CONTEXT() REPRESENTATION_CONTEXT('2D SPACE',''
  ) );
#10548 = ORIENTED_EDGE('',*,*,#10177,.T.);
#10549 = ADVANCED_FACE('',(#10550),#8360,.T.);
#10550 = FACE_BOUND('',#10551,.T.);
#10551 = EDGE_LOOP('',(#10552,#10553,#10575));
#10552 = ORIENTED_EDGE('',*,*,#8426,.F.);
#10553 = ORIENTED_EDGE('',*,*,#10554,.F.);
#10554 = EDGE_CURVE('',#8344,#8427,#10555,.T.);
#10555 = SURFACE_CURVE('',#10556,(#10561,#10568),.PCURVE_S1.);
#10556 = CIRCLE('',#10557,3.5);
#10557 = AXIS2_PLACEMENT_3D('',#10558,#10559,#10560);
#10558 = CARTESIAN_POINT('',(10.404965,-14.770142,0.));
#10559 = DIRECTION('',(0.,0.,1.));
#10560 = DIRECTION('',(1.,0.,-0.));
#10561 = PCURVE('',#8360,#10562);
#10562 = DEFINITIONAL_REPRESENTATION('',(#10563),#10567);
#10563 = CIRCLE('',#10564,3.5);
#10564 = AXIS2_PLACEMENT_2D('',#10565,#10566);
#10565 = CARTESIAN_POINT('',(1.2,3.5));
#10566 = DIRECTION('',(1.,0.));
#10567 = ( GEOMETRIC_REPRESENTATION_CONTEXT(2) 
PARAMETRIC_REPRESENTATION_CONTEXT() REPRESENTATION_CONTEXT('2D SPACE',''
  ) );
#10568 = PCURVE('',#10537,#10569);
#10569 = DEFINITIONAL_REPRESENTATION('',(#10570),#10574);
#10570 = CIRCLE('',#10571,3.5);
#10571 = AXIS2_PLACEMENT_2D('',#10572,#10573);
#10572 = CARTESIAN_POINT('',(1.2,3.5));
#10573 = DIRECTION('',(1.,0.));
#10574 = ( GEOMETRIC_REPRESENTATION_CONTEXT(2) 
PARAMETRIC_REPRESENTATION_CONTEXT() REPRESENTATION_CONTEXT('2D SPACE',''
  ) );
#10575 = ORIENTED_EDGE('',*,*,#8343,.T.);
#10576 = ADVANCED_FACE('',(#10577),#8488,.T.);
#10577 = FACE_BOUND('',#10578,.T.);
#10578 = EDGE_LOOP('',(#10579,#10610,#10631,#10632));
#10579 = ORIENTED_EDGE('',*,*,#10580,.F.);
#10580 = EDGE_CURVE('',#10581,#10583,#10585,.T.);
#10581 = VERTEX_POINT('',#10582);
#10582 = CARTESIAN_POINT('',(9.204965,-12.6330993851,0.));
#10583 = VERTEX_POINT('',#10584);
#10584 = CARTESIAN_POINT('',(8.267922385106,-14.770142,0.));
#10585 = SURFACE_CURVE('',#10586,(#10591,#10598),.PCURVE_S1.);
#10586 = CIRCLE('',#10587,1.65);
#10587 = AXIS2_PLACEMENT_3D('',#10588,#10589,#10590);
#10588 = CARTESIAN_POINT('',(9.804965,-14.170142,0.));
#10589 = DIRECTION('',(0.,0.,1.));
#10590 = DIRECTION('',(1.,0.,-0.));
#10591 = PCURVE('',#8488,#10592);
#10592 = DEFINITIONAL_REPRESENTATION('',(#10593),#10597);
#10593 = CIRCLE('',#10594,1.65);
#10594 = AXIS2_PLACEMENT_2D('',#10595,#10596);
#10595 = CARTESIAN_POINT('',(4.1,0.6));
#10596 = DIRECTION('',(1.,0.));
#10597 = ( GEOMETRIC_REPRESENTATION_CONTEXT(2) 
PARAMETRIC_REPRESENTATION_CONTEXT() REPRESENTATION_CONTEXT('2D SPACE',''
  ) );
#10598 = PCURVE('',#10599,#10604);
#10599 = CYLINDRICAL_SURFACE('',#10600,1.65);
#10600 = AXIS2_PLACEMENT_3D('',#10601,#10602,#10603);
#10601 = CARTESIAN_POINT('',(9.804965,-14.170142,-0.15));
#10602 = DIRECTION('',(0.,0.,1.));
#10603 = DIRECTION('',(1.,0.,-0.));
#10604 = DEFINITIONAL_REPRESENTATION('',(#10605),#10609);
#10605 = LINE('',#10606,#10607);
#10606 = CARTESIAN_POINT('',(0.,0.15));
#10607 = VECTOR('',#10608,1.);
#10608 = DIRECTION('',(1.,0.));
#10609 = ( GEOMETRIC_REPRESENTATION_CONTEXT(2) 
PARAMETRIC_REPRESENTATION_CONTEXT() REPRESENTATION_CONTEXT('2D SPACE',''
  ) );
#10610 = ORIENTED_EDGE('',*,*,#10611,.T.);
#10611 = EDGE_CURVE('',#10581,#8427,#10612,.T.);
#10612 = SURFACE_CURVE('',#10613,(#10617,#10624),.PCURVE_S1.);
#10613 = LINE('',#10614,#10615);
#10614 = CARTESIAN_POINT('',(9.204965,-18.270142,0.));
#10615 = VECTOR('',#10616,1.);
#10616 = DIRECTION('',(-0.,1.,0.));
#10617 = PCURVE('',#8488,#10618);
#10618 = DEFINITIONAL_REPRESENTATION('',(#10619),#10623);
#10619 = LINE('',#10620,#10621);
#10620 = CARTESIAN_POINT('',(3.5,-3.5));
#10621 = VECTOR('',#10622,1.);
#10622 = DIRECTION('',(0.,1.));
#10623 = ( GEOMETRIC_REPRESENTATION_CONTEXT(2) 
PARAMETRIC_REPRESENTATION_CONTEXT() REPRESENTATION_CONTEXT('2D SPACE',''
  ) );
#10624 = PCURVE('',#10537,#10625);
#10625 = DEFINITIONAL_REPRESENTATION('',(#10626),#10630);
#10626 = LINE('',#10627,#10628);
#10627 = CARTESIAN_POINT('',(0.,0.));
#10628 = VECTOR('',#10629,1.);
#10629 = DIRECTION('',(0.,1.));
#10630 = ( GEOMETRIC_REPRESENTATION_CONTEXT(2) 
PARAMETRIC_REPRESENTATION_CONTEXT() REPRESENTATION_CONTEXT('2D SPACE',''
  ) );
#10631 = ORIENTED_EDGE('',*,*,#8473,.T.);
#10632 = ORIENTED_EDGE('',*,*,#10633,.T.);
#10633 = EDGE_CURVE('',#8451,#10583,#10634,.T.);
#10634 = SURFACE_CURVE('',#10635,(#10639,#10646),.PCURVE_S1.);
#10635 = LINE('',#10636,#10637);
#10636 = CARTESIAN_POINT('',(5.704965,-14.770142,0.));
#10637 = VECTOR('',#10638,1.);
#10638 = DIRECTION('',(1.,0.,-0.));
#10639 = PCURVE('',#8488,#10640);
#10640 = DEFINITIONAL_REPRESENTATION('',(#10641),#10645);
#10641 = LINE('',#10642,#10643);
#10642 = CARTESIAN_POINT('',(0.,0.));
#10643 = VECTOR('',#10644,1.);
#10644 = DIRECTION('',(1.,0.));
#10645 = ( GEOMETRIC_REPRESENTATION_CONTEXT(2) 
PARAMETRIC_REPRESENTATION_CONTEXT() REPRESENTATION_CONTEXT('2D SPACE',''
  ) );
#10646 = PCURVE('',#8548,#10647);
#10647 = DEFINITIONAL_REPRESENTATION('',(#10648),#10652);
#10648 = LINE('',#10649,#10650);
#10649 = CARTESIAN_POINT('',(-3.5,0.));
#10650 = VECTOR('',#10651,1.);
#10651 = DIRECTION('',(1.,0.));
#10652 = ( GEOMETRIC_REPRESENTATION_CONTEXT(2) 
PARAMETRIC_REPRESENTATION_CONTEXT() REPRESENTATION_CONTEXT('2D SPACE',''
  ) );
#10653 = ADVANCED_FACE('',(#10654),#8548,.T.);
#10654 = FACE_BOUND('',#10655,.T.);
#10655 = EDGE_LOOP('',(#10656,#10657,#10658,#10686));
#10656 = ORIENTED_EDGE('',*,*,#10633,.F.);
#10657 = ORIENTED_EDGE('',*,*,#8533,.T.);
#10658 = ORIENTED_EDGE('',*,*,#10659,.T.);
#10659 = EDGE_CURVE('',#8506,#10660,#10662,.T.);
#10660 = VERTEX_POINT('',#10661);
#10661 = CARTESIAN_POINT('',(9.204965,-15.70718461489,0.));
#10662 = SURFACE_CURVE('',#10663,(#10667,#10674),.PCURVE_S1.);
#10663 = LINE('',#10664,#10665);
#10664 = CARTESIAN_POINT('',(9.204965,-18.270142,0.));
#10665 = VECTOR('',#10666,1.);
#10666 = DIRECTION('',(-0.,1.,0.));
#10667 = PCURVE('',#8548,#10668);
#10668 = DEFINITIONAL_REPRESENTATION('',(#10669),#10673);
#10669 = LINE('',#10670,#10671);
#10670 = CARTESIAN_POINT('',(0.,-3.5));
#10671 = VECTOR('',#10672,1.);
#10672 = DIRECTION('',(0.,1.));
#10673 = ( GEOMETRIC_REPRESENTATION_CONTEXT(2) 
PARAMETRIC_REPRESENTATION_CONTEXT() REPRESENTATION_CONTEXT('2D SPACE',''
  ) );
#10674 = PCURVE('',#10675,#10680);
#10675 = PLANE('',#10676);
#10676 = AXIS2_PLACEMENT_3D('',#10677,#10678,#10679);
#10677 = CARTESIAN_POINT('',(9.204965,-18.270142,0.));
#10678 = DIRECTION('',(0.,0.,1.));
#10679 = DIRECTION('',(1.,0.,-0.));
#10680 = DEFINITIONAL_REPRESENTATION('',(#10681),#10685);
#10681 = LINE('',#10682,#10683);
#10682 = CARTESIAN_POINT('',(0.,0.));
#10683 = VECTOR('',#10684,1.);
#10684 = DIRECTION('',(0.,1.));
#10685 = ( GEOMETRIC_REPRESENTATION_CONTEXT(2) 
PARAMETRIC_REPRESENTATION_CONTEXT() REPRESENTATION_CONTEXT('2D SPACE',''
  ) );
#10686 = ORIENTED_EDGE('',*,*,#10687,.F.);
#10687 = EDGE_CURVE('',#10583,#10660,#10688,.T.);
#10688 = SURFACE_CURVE('',#10689,(#10694,#10701),.PCURVE_S1.);
#10689 = CIRCLE('',#10690,1.65);
#10690 = AXIS2_PLACEMENT_3D('',#10691,#10692,#10693);
#10691 = CARTESIAN_POINT('',(9.804965,-14.170142,0.));
#10692 = DIRECTION('',(0.,0.,1.));
#10693 = DIRECTION('',(1.,0.,-0.));
#10694 = PCURVE('',#8548,#10695);
#10695 = DEFINITIONAL_REPRESENTATION('',(#10696),#10700);
#10696 = CIRCLE('',#10697,1.65);
#10697 = AXIS2_PLACEMENT_2D('',#10698,#10699);
#10698 = CARTESIAN_POINT('',(0.6,0.6));
#10699 = DIRECTION('',(1.,0.));
#10700 = ( GEOMETRIC_REPRESENTATION_CONTEXT(2) 
PARAMETRIC_REPRESENTATION_CONTEXT() REPRESENTATION_CONTEXT('2D SPACE',''
  ) );
#10701 = PCURVE('',#10599,#10702);
#10702 = DEFINITIONAL_REPRESENTATION('',(#10703),#10707);
#10703 = LINE('',#10704,#10705);
#10704 = CARTESIAN_POINT('',(0.,0.15));
#10705 = VECTOR('',#10706,1.);
#10706 = DIRECTION('',(1.,0.));
#10707 = ( GEOMETRIC_REPRESENTATION_CONTEXT(2) 
PARAMETRIC_REPRESENTATION_CONTEXT() REPRESENTATION_CONTEXT('2D SPACE',''
  ) );
#10708 = ADVANCED_FACE('',(#10709),#8521,.T.);
#10709 = FACE_BOUND('',#10710,.T.);
#10710 = EDGE_LOOP('',(#10711,#10712,#10736));
#10711 = ORIENTED_EDGE('',*,*,#8505,.F.);
#10712 = ORIENTED_EDGE('',*,*,#10713,.T.);
#10713 = EDGE_CURVE('',#6352,#10714,#10716,.T.);
#10714 = VERTEX_POINT('',#10715);
#10715 = CARTESIAN_POINT('',(9.804965,-18.21832992991,0.));
#10716 = SURFACE_CURVE('',#10717,(#10722,#10729),.PCURVE_S1.);
#10717 = CIRCLE('',#10718,3.5);
#10718 = AXIS2_PLACEMENT_3D('',#10719,#10720,#10721);
#10719 = CARTESIAN_POINT('',(9.204965,-14.770142,0.));
#10720 = DIRECTION('',(0.,0.,1.));
#10721 = DIRECTION('',(1.,0.,-0.));
#10722 = PCURVE('',#8521,#10723);
#10723 = DEFINITIONAL_REPRESENTATION('',(#10724),#10728);
#10724 = CIRCLE('',#10725,3.5);
#10725 = AXIS2_PLACEMENT_2D('',#10726,#10727);
#10726 = CARTESIAN_POINT('',(0.,3.5));
#10727 = DIRECTION('',(1.,0.));
#10728 = ( GEOMETRIC_REPRESENTATION_CONTEXT(2) 
PARAMETRIC_REPRESENTATION_CONTEXT() REPRESENTATION_CONTEXT('2D SPACE',''
  ) );
#10729 = PCURVE('',#8604,#10730);
#10730 = DEFINITIONAL_REPRESENTATION('',(#10731),#10735);
#10731 = CIRCLE('',#10732,3.5);
#10732 = AXIS2_PLACEMENT_2D('',#10733,#10734);
#10733 = CARTESIAN_POINT('',(0.,3.5));
#10734 = DIRECTION('',(1.,0.));
#10735 = ( GEOMETRIC_REPRESENTATION_CONTEXT(2) 
PARAMETRIC_REPRESENTATION_CONTEXT() REPRESENTATION_CONTEXT('2D SPACE',''
  ) );
#10736 = ORIENTED_EDGE('',*,*,#10737,.F.);
#10737 = EDGE_CURVE('',#8506,#10714,#10738,.T.);
#10738 = SURFACE_CURVE('',#10739,(#10744,#10751),.PCURVE_S1.);
#10739 = CIRCLE('',#10740,3.5);
#10740 = AXIS2_PLACEMENT_3D('',#10741,#10742,#10743);
#10741 = CARTESIAN_POINT('',(10.404965,-14.770142,0.));
#10742 = DIRECTION('',(0.,0.,1.));
#10743 = DIRECTION('',(1.,0.,-0.));
#10744 = PCURVE('',#8521,#10745);
#10745 = DEFINITIONAL_REPRESENTATION('',(#10746),#10750);
#10746 = CIRCLE('',#10747,3.5);
#10747 = AXIS2_PLACEMENT_2D('',#10748,#10749);
#10748 = CARTESIAN_POINT('',(1.2,3.5));
#10749 = DIRECTION('',(1.,0.));
#10750 = ( GEOMETRIC_REPRESENTATION_CONTEXT(2) 
PARAMETRIC_REPRESENTATION_CONTEXT() REPRESENTATION_CONTEXT('2D SPACE',''
  ) );
#10751 = PCURVE('',#10675,#10752);
#10752 = DEFINITIONAL_REPRESENTATION('',(#10753),#10757);
#10753 = CIRCLE('',#10754,3.5);
#10754 = AXIS2_PLACEMENT_2D('',#10755,#10756);
#10755 = CARTESIAN_POINT('',(1.2,3.5));
#10756 = DIRECTION('',(1.,0.));
#10757 = ( GEOMETRIC_REPRESENTATION_CONTEXT(2) 
PARAMETRIC_REPRESENTATION_CONTEXT() REPRESENTATION_CONTEXT('2D SPACE',''
  ) );
#10758 = ADVANCED_FACE('',(#10759),#8577,.F.);
#10759 = FACE_BOUND('',#10760,.F.);
#10760 = EDGE_LOOP('',(#10761,#10785,#10786));
#10761 = ORIENTED_EDGE('',*,*,#10762,.F.);
#10762 = EDGE_CURVE('',#6382,#10763,#10765,.T.);
#10763 = VERTEX_POINT('',#10764);
#10764 = CARTESIAN_POINT('',(9.804965,-18.21832992991,-1.8));
#10765 = SURFACE_CURVE('',#10766,(#10771,#10778),.PCURVE_S1.);
#10766 = CIRCLE('',#10767,3.5);
#10767 = AXIS2_PLACEMENT_3D('',#10768,#10769,#10770);
#10768 = CARTESIAN_POINT('',(9.204965,-14.770142,-1.8));
#10769 = DIRECTION('',(0.,0.,1.));
#10770 = DIRECTION('',(1.,0.,-0.));
#10771 = PCURVE('',#8577,#10772);
#10772 = DEFINITIONAL_REPRESENTATION('',(#10773),#10777);
#10773 = CIRCLE('',#10774,3.5);
#10774 = AXIS2_PLACEMENT_2D('',#10775,#10776);
#10775 = CARTESIAN_POINT('',(0.,3.5));
#10776 = DIRECTION('',(1.,0.));
#10777 = ( GEOMETRIC_REPRESENTATION_CONTEXT(2) 
PARAMETRIC_REPRESENTATION_CONTEXT() REPRESENTATION_CONTEXT('2D SPACE',''
  ) );
#10778 = PCURVE('',#8660,#10779);
#10779 = DEFINITIONAL_REPRESENTATION('',(#10780),#10784);
#10780 = CIRCLE('',#10781,3.5);
#10781 = AXIS2_PLACEMENT_2D('',#10782,#10783);
#10782 = CARTESIAN_POINT('',(0.,3.5));
#10783 = DIRECTION('',(1.,0.));
#10784 = ( GEOMETRIC_REPRESENTATION_CONTEXT(2) 
PARAMETRIC_REPRESENTATION_CONTEXT() REPRESENTATION_CONTEXT('2D SPACE',''
  ) );
#10785 = ORIENTED_EDGE('',*,*,#8563,.T.);
#10786 = ORIENTED_EDGE('',*,*,#10787,.F.);
#10787 = EDGE_CURVE('',#10763,#7620,#10788,.T.);
#10788 = SURFACE_CURVE('',#10789,(#10794,#10801),.PCURVE_S1.);
#10789 = CIRCLE('',#10790,3.5);
#10790 = AXIS2_PLACEMENT_3D('',#10791,#10792,#10793);
#10791 = CARTESIAN_POINT('',(10.404965,-14.770142,-1.8));
#10792 = DIRECTION('',(0.,0.,1.));
#10793 = DIRECTION('',(1.,0.,-0.));
#10794 = PCURVE('',#8577,#10795);
#10795 = DEFINITIONAL_REPRESENTATION('',(#10796),#10800);
#10796 = CIRCLE('',#10797,3.5);
#10797 = AXIS2_PLACEMENT_2D('',#10798,#10799);
#10798 = CARTESIAN_POINT('',(1.2,3.5));
#10799 = DIRECTION('',(1.,0.));
#10800 = ( GEOMETRIC_REPRESENTATION_CONTEXT(2) 
PARAMETRIC_REPRESENTATION_CONTEXT() REPRESENTATION_CONTEXT('2D SPACE',''
  ) );
#10801 = PCURVE('',#10115,#10802);
#10802 = DEFINITIONAL_REPRESENTATION('',(#10803),#10807);
#10803 = CIRCLE('',#10804,3.5);
#10804 = AXIS2_PLACEMENT_2D('',#10805,#10806);
#10805 = CARTESIAN_POINT('',(1.2,3.5));
#10806 = DIRECTION('',(1.,0.));
#10807 = ( GEOMETRIC_REPRESENTATION_CONTEXT(2) 
PARAMETRIC_REPRESENTATION_CONTEXT() REPRESENTATION_CONTEXT('2D SPACE',''
  ) );
#10808 = ADVANCED_FACE('',(#10809),#8604,.T.);
#10809 = FACE_BOUND('',#10810,.T.);
#10810 = EDGE_LOOP('',(#10811,#10812,#10813));
#10811 = ORIENTED_EDGE('',*,*,#10713,.F.);
#10812 = ORIENTED_EDGE('',*,*,#8590,.T.);
#10813 = ORIENTED_EDGE('',*,*,#10814,.F.);
#10814 = EDGE_CURVE('',#10714,#7591,#10815,.T.);
#10815 = SURFACE_CURVE('',#10816,(#10821,#10828),.PCURVE_S1.);
#10816 = CIRCLE('',#10817,3.5);
#10817 = AXIS2_PLACEMENT_3D('',#10818,#10819,#10820);
#10818 = CARTESIAN_POINT('',(10.404965,-14.770142,0.));
#10819 = DIRECTION('',(0.,0.,1.));
#10820 = DIRECTION('',(1.,0.,-0.));
#10821 = PCURVE('',#8604,#10822);
#10822 = DEFINITIONAL_REPRESENTATION('',(#10823),#10827);
#10823 = CIRCLE('',#10824,3.5);
#10824 = AXIS2_PLACEMENT_2D('',#10825,#10826);
#10825 = CARTESIAN_POINT('',(1.2,3.5));
#10826 = DIRECTION('',(1.,0.));
#10827 = ( GEOMETRIC_REPRESENTATION_CONTEXT(2) 
PARAMETRIC_REPRESENTATION_CONTEXT() REPRESENTATION_CONTEXT('2D SPACE',''
  ) );
#10828 = PCURVE('',#10033,#10829);
#10829 = DEFINITIONAL_REPRESENTATION('',(#10830),#10834);
#10830 = CIRCLE('',#10831,3.5);
#10831 = AXIS2_PLACEMENT_2D('',#10832,#10833);
#10832 = CARTESIAN_POINT('',(1.2,3.5));
#10833 = DIRECTION('',(1.,0.));
#10834 = ( GEOMETRIC_REPRESENTATION_CONTEXT(2) 
PARAMETRIC_REPRESENTATION_CONTEXT() REPRESENTATION_CONTEXT('2D SPACE',''
  ) );
#10835 = ADVANCED_FACE('',(#10836),#8689,.F.);
#10836 = FACE_BOUND('',#10837,.F.);
#10837 = EDGE_LOOP('',(#10838,#10839,#10840));
#10838 = ORIENTED_EDGE('',*,*,#8923,.F.);
#10839 = ORIENTED_EDGE('',*,*,#8672,.T.);
#10840 = ORIENTED_EDGE('',*,*,#10841,.T.);
#10841 = EDGE_CURVE('',#8645,#8924,#10842,.T.);
#10842 = SURFACE_CURVE('',#10843,(#10847,#10854),.PCURVE_S1.);
#10843 = LINE('',#10844,#10845);
#10844 = CARTESIAN_POINT('',(9.204965,-18.270142,-1.8));
#10845 = VECTOR('',#10846,1.);
#10846 = DIRECTION('',(-0.,1.,0.));
#10847 = PCURVE('',#8689,#10848);
#10848 = DEFINITIONAL_REPRESENTATION('',(#10849),#10853);
#10849 = LINE('',#10850,#10851);
#10850 = CARTESIAN_POINT('',(0.,-3.5));
#10851 = VECTOR('',#10852,1.);
#10852 = DIRECTION('',(0.,1.));
#10853 = ( GEOMETRIC_REPRESENTATION_CONTEXT(2) 
PARAMETRIC_REPRESENTATION_CONTEXT() REPRESENTATION_CONTEXT('2D SPACE',''
  ) );
#10854 = PCURVE('',#8964,#10855);
#10855 = DEFINITIONAL_REPRESENTATION('',(#10856),#10860);
#10856 = LINE('',#10857,#10858);
#10857 = CARTESIAN_POINT('',(0.,0.));
#10858 = VECTOR('',#10859,1.);
#10859 = DIRECTION('',(0.,1.));
#10860 = ( GEOMETRIC_REPRESENTATION_CONTEXT(2) 
PARAMETRIC_REPRESENTATION_CONTEXT() REPRESENTATION_CONTEXT('2D SPACE',''
  ) );
#10861 = ADVANCED_FACE('',(#10862),#8660,.F.);
#10862 = FACE_BOUND('',#10863,.F.);
#10863 = EDGE_LOOP('',(#10864,#10865,#10866));
#10864 = ORIENTED_EDGE('',*,*,#8644,.F.);
#10865 = ORIENTED_EDGE('',*,*,#10762,.T.);
#10866 = ORIENTED_EDGE('',*,*,#10867,.F.);
#10867 = EDGE_CURVE('',#8645,#10763,#10868,.T.);
#10868 = SURFACE_CURVE('',#10869,(#10874,#10881),.PCURVE_S1.);
#10869 = CIRCLE('',#10870,3.5);
#10870 = AXIS2_PLACEMENT_3D('',#10871,#10872,#10873);
#10871 = CARTESIAN_POINT('',(10.404965,-14.770142,-1.8));
#10872 = DIRECTION('',(0.,0.,1.));
#10873 = DIRECTION('',(1.,0.,-0.));
#10874 = PCURVE('',#8660,#10875);
#10875 = DEFINITIONAL_REPRESENTATION('',(#10876),#10880);
#10876 = CIRCLE('',#10877,3.5);
#10877 = AXIS2_PLACEMENT_2D('',#10878,#10879);
#10878 = CARTESIAN_POINT('',(1.2,3.5));
#10879 = DIRECTION('',(1.,0.));
#10880 = ( GEOMETRIC_REPRESENTATION_CONTEXT(2) 
PARAMETRIC_REPRESENTATION_CONTEXT() REPRESENTATION_CONTEXT('2D SPACE',''
  ) );
#10881 = PCURVE('',#8964,#10882);
#10882 = DEFINITIONAL_REPRESENTATION('',(#10883),#10887);
#10883 = CIRCLE('',#10884,3.5);
#10884 = AXIS2_PLACEMENT_2D('',#10885,#10886);
#10885 = CARTESIAN_POINT('',(1.2,3.5));
#10886 = DIRECTION('',(1.,0.));
#10887 = ( GEOMETRIC_REPRESENTATION_CONTEXT(2) 
PARAMETRIC_REPRESENTATION_CONTEXT() REPRESENTATION_CONTEXT('2D SPACE',''
  ) );
#10888 = ADVANCED_FACE('',(#10889),#8993,.F.);
#10889 = FACE_BOUND('',#10890,.F.);
#10890 = EDGE_LOOP('',(#10891,#10912,#10913));
#10891 = ORIENTED_EDGE('',*,*,#10892,.F.);
#10892 = EDGE_CURVE('',#10100,#8948,#10893,.T.);
#10893 = SURFACE_CURVE('',#10894,(#10898,#10905),.PCURVE_S1.);
#10894 = LINE('',#10895,#10896);
#10895 = CARTESIAN_POINT('',(10.404965,-18.270142,-1.8));
#10896 = VECTOR('',#10897,1.);
#10897 = DIRECTION('',(-0.,1.,0.));
#10898 = PCURVE('',#8993,#10899);
#10899 = DEFINITIONAL_REPRESENTATION('',(#10900),#10904);
#10900 = LINE('',#10901,#10902);
#10901 = CARTESIAN_POINT('',(1.2,-3.5));
#10902 = VECTOR('',#10903,1.);
#10903 = DIRECTION('',(0.,1.));
#10904 = ( GEOMETRIC_REPRESENTATION_CONTEXT(2) 
PARAMETRIC_REPRESENTATION_CONTEXT() REPRESENTATION_CONTEXT('2D SPACE',''
  ) );
#10905 = PCURVE('',#8964,#10906);
#10906 = DEFINITIONAL_REPRESENTATION('',(#10907),#10911);
#10907 = LINE('',#10908,#10909);
#10908 = CARTESIAN_POINT('',(1.2,0.));
#10909 = VECTOR('',#10910,1.);
#10910 = DIRECTION('',(0.,1.));
#10911 = ( GEOMETRIC_REPRESENTATION_CONTEXT(2) 
PARAMETRIC_REPRESENTATION_CONTEXT() REPRESENTATION_CONTEXT('2D SPACE',''
  ) );
#10912 = ORIENTED_EDGE('',*,*,#10150,.T.);
#10913 = ORIENTED_EDGE('',*,*,#8976,.F.);
#10914 = ADVANCED_FACE('',(#10915),#8964,.F.);
#10915 = FACE_BOUND('',#10916,.F.);
#10916 = EDGE_LOOP('',(#10917,#10918,#10919,#10941,#10942));
#10917 = ORIENTED_EDGE('',*,*,#10841,.F.);
#10918 = ORIENTED_EDGE('',*,*,#10867,.T.);
#10919 = ORIENTED_EDGE('',*,*,#10920,.T.);
#10920 = EDGE_CURVE('',#10763,#10100,#10921,.T.);
#10921 = SURFACE_CURVE('',#10922,(#10927,#10934),.PCURVE_S1.);
#10922 = CIRCLE('',#10923,3.5);
#10923 = AXIS2_PLACEMENT_3D('',#10924,#10925,#10926);
#10924 = CARTESIAN_POINT('',(9.204965,-14.770142,-1.8));
#10925 = DIRECTION('',(0.,0.,1.));
#10926 = DIRECTION('',(1.,0.,-0.));
#10927 = PCURVE('',#8964,#10928);
#10928 = DEFINITIONAL_REPRESENTATION('',(#10929),#10933);
#10929 = CIRCLE('',#10930,3.5);
#10930 = AXIS2_PLACEMENT_2D('',#10931,#10932);
#10931 = CARTESIAN_POINT('',(0.,3.5));
#10932 = DIRECTION('',(1.,0.));
#10933 = ( GEOMETRIC_REPRESENTATION_CONTEXT(2) 
PARAMETRIC_REPRESENTATION_CONTEXT() REPRESENTATION_CONTEXT('2D SPACE',''
  ) );
#10934 = PCURVE('',#10115,#10935);
#10935 = DEFINITIONAL_REPRESENTATION('',(#10936),#10940);
#10936 = CIRCLE('',#10937,3.5);
#10937 = AXIS2_PLACEMENT_2D('',#10938,#10939);
#10938 = CARTESIAN_POINT('',(0.,3.5));
#10939 = DIRECTION('',(1.,0.));
#10940 = ( GEOMETRIC_REPRESENTATION_CONTEXT(2) 
PARAMETRIC_REPRESENTATION_CONTEXT() REPRESENTATION_CONTEXT('2D SPACE',''
  ) );
#10941 = ORIENTED_EDGE('',*,*,#10892,.T.);
#10942 = ORIENTED_EDGE('',*,*,#8947,.F.);
#10943 = ADVANCED_FACE('',(#10944),#8863,.F.);
#10944 = FACE_BOUND('',#10945,.F.);
#10945 = EDGE_LOOP('',(#10946,#10969,#10990,#10991));
#10946 = ORIENTED_EDGE('',*,*,#10947,.F.);
#10947 = EDGE_CURVE('',#10948,#10948,#10950,.T.);
#10948 = VERTEX_POINT('',#10949);
#10949 = CARTESIAN_POINT('',(11.454965,-14.170142,-0.15));
#10950 = SURFACE_CURVE('',#10951,(#10956,#10963),.PCURVE_S1.);
#10951 = CIRCLE('',#10952,1.65);
#10952 = AXIS2_PLACEMENT_3D('',#10953,#10954,#10955);
#10953 = CARTESIAN_POINT('',(9.804965,-14.170142,-0.15));
#10954 = DIRECTION('',(0.,0.,1.));
#10955 = DIRECTION('',(1.,0.,-0.));
#10956 = PCURVE('',#8863,#10957);
#10957 = DEFINITIONAL_REPRESENTATION('',(#10958),#10962);
#10958 = LINE('',#10959,#10960);
#10959 = CARTESIAN_POINT('',(-0.,-1.45));
#10960 = VECTOR('',#10961,1.);
#10961 = DIRECTION('',(-1.,-0.));
#10962 = ( GEOMETRIC_REPRESENTATION_CONTEXT(2) 
PARAMETRIC_REPRESENTATION_CONTEXT() REPRESENTATION_CONTEXT('2D SPACE',''
  ) );
#10963 = PCURVE('',#10599,#10964);
#10964 = DEFINITIONAL_REPRESENTATION('',(#10965),#10968);
#10965 = B_SPLINE_CURVE_WITH_KNOTS('',1,(#10966,#10967),.UNSPECIFIED.,
  .F.,.F.,(2,2),(0.,6.28318530718),.PIECEWISE_BEZIER_KNOTS.);
#10966 = CARTESIAN_POINT('',(0.,0.));
#10967 = CARTESIAN_POINT('',(6.28318530718,0.));
#10968 = ( GEOMETRIC_REPRESENTATION_CONTEXT(2) 
PARAMETRIC_REPRESENTATION_CONTEXT() REPRESENTATION_CONTEXT('2D SPACE',''
  ) );
#10969 = ORIENTED_EDGE('',*,*,#10970,.F.);
#10970 = EDGE_CURVE('',#8826,#10948,#10971,.T.);
#10971 = SEAM_CURVE('',#10972,(#10976,#10983),.PCURVE_S1.);
#10972 = LINE('',#10973,#10974);
#10973 = CARTESIAN_POINT('',(12.904965,-14.170142,-1.6));
#10974 = VECTOR('',#10975,1.);
#10975 = DIRECTION('',(-0.707106781187,1.731912112471E-16,0.707106781187
    ));
#10976 = PCURVE('',#8863,#10977);
#10977 = DEFINITIONAL_REPRESENTATION('',(#10978),#10982);
#10978 = LINE('',#10979,#10980);
#10979 = CARTESIAN_POINT('',(-6.28318530718,0.));
#10980 = VECTOR('',#10981,1.);
#10981 = DIRECTION('',(-0.,-1.));
#10982 = ( GEOMETRIC_REPRESENTATION_CONTEXT(2) 
PARAMETRIC_REPRESENTATION_CONTEXT() REPRESENTATION_CONTEXT('2D SPACE',''
  ) );
#10983 = PCURVE('',#8863,#10984);
#10984 = DEFINITIONAL_REPRESENTATION('',(#10985),#10989);
#10985 = LINE('',#10986,#10987);
#10986 = CARTESIAN_POINT('',(0.,-0.));
#10987 = VECTOR('',#10988,1.);
#10988 = DIRECTION('',(-0.,-1.));
#10989 = ( GEOMETRIC_REPRESENTATION_CONTEXT(2) 
PARAMETRIC_REPRESENTATION_CONTEXT() REPRESENTATION_CONTEXT('2D SPACE',''
  ) );
#10990 = ORIENTED_EDGE('',*,*,#8848,.T.);
#10991 = ORIENTED_EDGE('',*,*,#10970,.T.);
#10992 = ADVANCED_FACE('',(#10993),#9052,.F.);
#10993 = FACE_BOUND('',#10994,.F.);
#10994 = EDGE_LOOP('',(#10995,#10996,#10997,#10998,#10999));
#10995 = ORIENTED_EDGE('',*,*,#9038,.F.);
#10996 = ORIENTED_EDGE('',*,*,#9097,.T.);
#10997 = ORIENTED_EDGE('',*,*,#9964,.T.);
#10998 = ORIENTED_EDGE('',*,*,#9992,.T.);
#10999 = ORIENTED_EDGE('',*,*,#9068,.F.);
#11000 = ADVANCED_FACE('',(#11001),#9139,.F.);
#11001 = FACE_BOUND('',#11002,.F.);
#11002 = EDGE_LOOP('',(#11003,#11004,#11005,#11006,#11007));
#11003 = ORIENTED_EDGE('',*,*,#10470,.F.);
#11004 = ORIENTED_EDGE('',*,*,#10496,.T.);
#11005 = ORIENTED_EDGE('',*,*,#9122,.T.);
#11006 = ORIENTED_EDGE('',*,*,#9178,.T.);
#11007 = ORIENTED_EDGE('',*,*,#9204,.F.);
#11008 = ADVANCED_FACE('',(#11009),#9247,.T.);
#11009 = FACE_BOUND('',#11010,.T.);
#11010 = EDGE_LOOP('',(#11011,#11040,#11062));
#11011 = ORIENTED_EDGE('',*,*,#11012,.F.);
#11012 = EDGE_CURVE('',#11013,#9232,#11015,.T.);
#11013 = VERTEX_POINT('',#11014);
#11014 = CARTESIAN_POINT('',(-9.804941,-18.21670392991,0.));
#11015 = SURFACE_CURVE('',#11016,(#11021,#11028),.PCURVE_S1.);
#11016 = CIRCLE('',#11017,3.5);
#11017 = AXIS2_PLACEMENT_3D('',#11018,#11019,#11020);
#11018 = CARTESIAN_POINT('',(-10.404941,-14.768516,0.));
#11019 = DIRECTION('',(0.,0.,1.));
#11020 = DIRECTION('',(1.,0.,-0.));
#11021 = PCURVE('',#9247,#11022);
#11022 = DEFINITIONAL_REPRESENTATION('',(#11023),#11027);
#11023 = CIRCLE('',#11024,3.5);
#11024 = AXIS2_PLACEMENT_2D('',#11025,#11026);
#11025 = CARTESIAN_POINT('',(0.,3.5));
#11026 = DIRECTION('',(1.,0.));
#11027 = ( GEOMETRIC_REPRESENTATION_CONTEXT(2) 
PARAMETRIC_REPRESENTATION_CONTEXT() REPRESENTATION_CONTEXT('2D SPACE',''
  ) );
#11028 = PCURVE('',#11029,#11034);
#11029 = PLANE('',#11030);
#11030 = AXIS2_PLACEMENT_3D('',#11031,#11032,#11033);
#11031 = CARTESIAN_POINT('',(-10.404941,-18.268516,0.));
#11032 = DIRECTION('',(0.,0.,1.));
#11033 = DIRECTION('',(1.,0.,-0.));
#11034 = DEFINITIONAL_REPRESENTATION('',(#11035),#11039);
#11035 = CIRCLE('',#11036,3.5);
#11036 = AXIS2_PLACEMENT_2D('',#11037,#11038);
#11037 = CARTESIAN_POINT('',(0.,3.5));
#11038 = DIRECTION('',(1.,0.));
#11039 = ( GEOMETRIC_REPRESENTATION_CONTEXT(2) 
PARAMETRIC_REPRESENTATION_CONTEXT() REPRESENTATION_CONTEXT('2D SPACE',''
  ) );
#11040 = ORIENTED_EDGE('',*,*,#11041,.T.);
#11041 = EDGE_CURVE('',#11013,#6955,#11042,.T.);
#11042 = SURFACE_CURVE('',#11043,(#11048,#11055),.PCURVE_S1.);
#11043 = CIRCLE('',#11044,3.5);
#11044 = AXIS2_PLACEMENT_3D('',#11045,#11046,#11047);
#11045 = CARTESIAN_POINT('',(-9.204941,-14.768516,0.));
#11046 = DIRECTION('',(0.,0.,1.));
#11047 = DIRECTION('',(1.,0.,-0.));
#11048 = PCURVE('',#9247,#11049);
#11049 = DEFINITIONAL_REPRESENTATION('',(#11050),#11054);
#11050 = CIRCLE('',#11051,3.5);
#11051 = AXIS2_PLACEMENT_2D('',#11052,#11053);
#11052 = CARTESIAN_POINT('',(1.2,3.5));
#11053 = DIRECTION('',(1.,0.));
#11054 = ( GEOMETRIC_REPRESENTATION_CONTEXT(2) 
PARAMETRIC_REPRESENTATION_CONTEXT() REPRESENTATION_CONTEXT('2D SPACE',''
  ) );
#11055 = PCURVE('',#9460,#11056);
#11056 = DEFINITIONAL_REPRESENTATION('',(#11057),#11061);
#11057 = CIRCLE('',#11058,3.5);
#11058 = AXIS2_PLACEMENT_2D('',#11059,#11060);
#11059 = CARTESIAN_POINT('',(1.2,3.5));
#11060 = DIRECTION('',(1.,0.));
#11061 = ( GEOMETRIC_REPRESENTATION_CONTEXT(2) 
PARAMETRIC_REPRESENTATION_CONTEXT() REPRESENTATION_CONTEXT('2D SPACE',''
  ) );
#11062 = ORIENTED_EDGE('',*,*,#9231,.T.);
#11063 = ADVANCED_FACE('',(#11064),#9298,.T.);
#11064 = FACE_BOUND('',#11065,.T.);
#11065 = EDGE_LOOP('',(#11066,#11089,#11090,#11113));
#11066 = ORIENTED_EDGE('',*,*,#11067,.F.);
#11067 = EDGE_CURVE('',#9232,#11068,#11070,.T.);
#11068 = VERTEX_POINT('',#11069);
#11069 = CARTESIAN_POINT('',(-9.204941,-15.70555861489,0.));
#11070 = SURFACE_CURVE('',#11071,(#11075,#11082),.PCURVE_S1.);
#11071 = LINE('',#11072,#11073);
#11072 = CARTESIAN_POINT('',(-9.204941,-18.268516,0.));
#11073 = VECTOR('',#11074,1.);
#11074 = DIRECTION('',(-0.,1.,0.));
#11075 = PCURVE('',#9298,#11076);
#11076 = DEFINITIONAL_REPRESENTATION('',(#11077),#11081);
#11077 = LINE('',#11078,#11079);
#11078 = CARTESIAN_POINT('',(1.2,-3.5));
#11079 = VECTOR('',#11080,1.);
#11080 = DIRECTION('',(0.,1.));
#11081 = ( GEOMETRIC_REPRESENTATION_CONTEXT(2) 
PARAMETRIC_REPRESENTATION_CONTEXT() REPRESENTATION_CONTEXT('2D SPACE',''
  ) );
#11082 = PCURVE('',#11029,#11083);
#11083 = DEFINITIONAL_REPRESENTATION('',(#11084),#11088);
#11084 = LINE('',#11085,#11086);
#11085 = CARTESIAN_POINT('',(1.2,0.));
#11086 = VECTOR('',#11087,1.);
#11087 = DIRECTION('',(0.,1.));
#11088 = ( GEOMETRIC_REPRESENTATION_CONTEXT(2) 
PARAMETRIC_REPRESENTATION_CONTEXT() REPRESENTATION_CONTEXT('2D SPACE',''
  ) );
#11089 = ORIENTED_EDGE('',*,*,#9283,.T.);
#11090 = ORIENTED_EDGE('',*,*,#11091,.F.);
#11091 = EDGE_CURVE('',#11092,#9261,#11094,.T.);
#11092 = VERTEX_POINT('',#11093);
#11093 = CARTESIAN_POINT('',(-8.267898385106,-14.768516,0.));
#11094 = SURFACE_CURVE('',#11095,(#11099,#11106),.PCURVE_S1.);
#11095 = LINE('',#11096,#11097);
#11096 = CARTESIAN_POINT('',(-13.904941,-14.768516,0.));
#11097 = VECTOR('',#11098,1.);
#11098 = DIRECTION('',(1.,0.,-0.));
#11099 = PCURVE('',#9298,#11100);
#11100 = DEFINITIONAL_REPRESENTATION('',(#11101),#11105);
#11101 = LINE('',#11102,#11103);
#11102 = CARTESIAN_POINT('',(-3.5,0.));
#11103 = VECTOR('',#11104,1.);
#11104 = DIRECTION('',(1.,0.));
#11105 = ( GEOMETRIC_REPRESENTATION_CONTEXT(2) 
PARAMETRIC_REPRESENTATION_CONTEXT() REPRESENTATION_CONTEXT('2D SPACE',''
  ) );
#11106 = PCURVE('',#9521,#11107);
#11107 = DEFINITIONAL_REPRESENTATION('',(#11108),#11112);
#11108 = LINE('',#11109,#11110);
#11109 = CARTESIAN_POINT('',(0.,0.));
#11110 = VECTOR('',#11111,1.);
#11111 = DIRECTION('',(1.,0.));
#11112 = ( GEOMETRIC_REPRESENTATION_CONTEXT(2) 
PARAMETRIC_REPRESENTATION_CONTEXT() REPRESENTATION_CONTEXT('2D SPACE',''
  ) );
#11113 = ORIENTED_EDGE('',*,*,#11114,.F.);
#11114 = EDGE_CURVE('',#11068,#11092,#11115,.T.);
#11115 = SURFACE_CURVE('',#11116,(#11121,#11128),.PCURVE_S1.);
#11116 = CIRCLE('',#11117,1.65);
#11117 = AXIS2_PLACEMENT_3D('',#11118,#11119,#11120);
#11118 = CARTESIAN_POINT('',(-9.804941,-14.168516,0.));
#11119 = DIRECTION('',(0.,0.,1.));
#11120 = DIRECTION('',(1.,0.,-0.));
#11121 = PCURVE('',#9298,#11122);
#11122 = DEFINITIONAL_REPRESENTATION('',(#11123),#11127);
#11123 = CIRCLE('',#11124,1.65);
#11124 = AXIS2_PLACEMENT_2D('',#11125,#11126);
#11125 = CARTESIAN_POINT('',(0.6,0.6));
#11126 = DIRECTION('',(1.,0.));
#11127 = ( GEOMETRIC_REPRESENTATION_CONTEXT(2) 
PARAMETRIC_REPRESENTATION_CONTEXT() REPRESENTATION_CONTEXT('2D SPACE',''
  ) );
#11128 = PCURVE('',#11129,#11134);
#11129 = CYLINDRICAL_SURFACE('',#11130,1.65);
#11130 = AXIS2_PLACEMENT_3D('',#11131,#11132,#11133);
#11131 = CARTESIAN_POINT('',(-9.804941,-14.168516,-0.15));
#11132 = DIRECTION('',(0.,0.,1.));
#11133 = DIRECTION('',(1.,0.,-0.));
#11134 = DEFINITIONAL_REPRESENTATION('',(#11135),#11139);
#11135 = LINE('',#11136,#11137);
#11136 = CARTESIAN_POINT('',(0.,0.15));
#11137 = VECTOR('',#11138,1.);
#11138 = DIRECTION('',(1.,0.));
#11139 = ( GEOMETRIC_REPRESENTATION_CONTEXT(2) 
PARAMETRIC_REPRESENTATION_CONTEXT() REPRESENTATION_CONTEXT('2D SPACE',''
  ) );
#11140 = ADVANCED_FACE('',(#11141),#9329,.F.);
#11141 = FACE_BOUND('',#11142,.F.);
#11142 = EDGE_LOOP('',(#11143,#11167,#11189));
#11143 = ORIENTED_EDGE('',*,*,#11144,.F.);
#11144 = EDGE_CURVE('',#11145,#9314,#11147,.T.);
#11145 = VERTEX_POINT('',#11146);
#11146 = CARTESIAN_POINT('',(-9.804941,-18.21670392991,-1.8));
#11147 = SURFACE_CURVE('',#11148,(#11153,#11160),.PCURVE_S1.);
#11148 = CIRCLE('',#11149,3.5);
#11149 = AXIS2_PLACEMENT_3D('',#11150,#11151,#11152);
#11150 = CARTESIAN_POINT('',(-10.404941,-14.768516,-1.8));
#11151 = DIRECTION('',(0.,0.,1.));
#11152 = DIRECTION('',(1.,0.,-0.));
#11153 = PCURVE('',#9329,#11154);
#11154 = DEFINITIONAL_REPRESENTATION('',(#11155),#11159);
#11155 = CIRCLE('',#11156,3.5);
#11156 = AXIS2_PLACEMENT_2D('',#11157,#11158);
#11157 = CARTESIAN_POINT('',(0.,3.5));
#11158 = DIRECTION('',(1.,0.));
#11159 = ( GEOMETRIC_REPRESENTATION_CONTEXT(2) 
PARAMETRIC_REPRESENTATION_CONTEXT() REPRESENTATION_CONTEXT('2D SPACE',''
  ) );
#11160 = PCURVE('',#9836,#11161);
#11161 = DEFINITIONAL_REPRESENTATION('',(#11162),#11166);
#11162 = CIRCLE('',#11163,3.5);
#11163 = AXIS2_PLACEMENT_2D('',#11164,#11165);
#11164 = CARTESIAN_POINT('',(0.,3.5));
#11165 = DIRECTION('',(1.,0.));
#11166 = ( GEOMETRIC_REPRESENTATION_CONTEXT(2) 
PARAMETRIC_REPRESENTATION_CONTEXT() REPRESENTATION_CONTEXT('2D SPACE',''
  ) );
#11167 = ORIENTED_EDGE('',*,*,#11168,.T.);
#11168 = EDGE_CURVE('',#11145,#6984,#11169,.T.);
#11169 = SURFACE_CURVE('',#11170,(#11175,#11182),.PCURVE_S1.);
#11170 = CIRCLE('',#11171,3.5);
#11171 = AXIS2_PLACEMENT_3D('',#11172,#11173,#11174);
#11172 = CARTESIAN_POINT('',(-9.204941,-14.768516,-1.8));
#11173 = DIRECTION('',(0.,0.,1.));
#11174 = DIRECTION('',(1.,0.,-0.));
#11175 = PCURVE('',#9329,#11176);
#11176 = DEFINITIONAL_REPRESENTATION('',(#11177),#11181);
#11177 = CIRCLE('',#11178,3.5);
#11178 = AXIS2_PLACEMENT_2D('',#11179,#11180);
#11179 = CARTESIAN_POINT('',(1.2,3.5));
#11180 = DIRECTION('',(1.,0.));
#11181 = ( GEOMETRIC_REPRESENTATION_CONTEXT(2) 
PARAMETRIC_REPRESENTATION_CONTEXT() REPRESENTATION_CONTEXT('2D SPACE',''
  ) );
#11182 = PCURVE('',#9433,#11183);
#11183 = DEFINITIONAL_REPRESENTATION('',(#11184),#11188);
#11184 = CIRCLE('',#11185,3.5);
#11185 = AXIS2_PLACEMENT_2D('',#11186,#11187);
#11186 = CARTESIAN_POINT('',(1.2,3.5));
#11187 = DIRECTION('',(1.,0.));
#11188 = ( GEOMETRIC_REPRESENTATION_CONTEXT(2) 
PARAMETRIC_REPRESENTATION_CONTEXT() REPRESENTATION_CONTEXT('2D SPACE',''
  ) );
#11189 = ORIENTED_EDGE('',*,*,#9313,.T.);
#11190 = ADVANCED_FACE('',(#11191),#9404,.F.);
#11191 = FACE_BOUND('',#11192,.F.);
#11192 = EDGE_LOOP('',(#11193,#11214,#11215));
#11193 = ORIENTED_EDGE('',*,*,#11194,.F.);
#11194 = EDGE_CURVE('',#9314,#9820,#11195,.T.);
#11195 = SURFACE_CURVE('',#11196,(#11200,#11207),.PCURVE_S1.);
#11196 = LINE('',#11197,#11198);
#11197 = CARTESIAN_POINT('',(-9.204941,-18.268516,-1.8));
#11198 = VECTOR('',#11199,1.);
#11199 = DIRECTION('',(-0.,1.,0.));
#11200 = PCURVE('',#9404,#11201);
#11201 = DEFINITIONAL_REPRESENTATION('',(#11202),#11206);
#11202 = LINE('',#11203,#11204);
#11203 = CARTESIAN_POINT('',(1.2,-3.5));
#11204 = VECTOR('',#11205,1.);
#11205 = DIRECTION('',(0.,1.));
#11206 = ( GEOMETRIC_REPRESENTATION_CONTEXT(2) 
PARAMETRIC_REPRESENTATION_CONTEXT() REPRESENTATION_CONTEXT('2D SPACE',''
  ) );
#11207 = PCURVE('',#9836,#11208);
#11208 = DEFINITIONAL_REPRESENTATION('',(#11209),#11213);
#11209 = LINE('',#11210,#11211);
#11210 = CARTESIAN_POINT('',(1.2,0.));
#11211 = VECTOR('',#11212,1.);
#11212 = DIRECTION('',(0.,1.));
#11213 = ( GEOMETRIC_REPRESENTATION_CONTEXT(2) 
PARAMETRIC_REPRESENTATION_CONTEXT() REPRESENTATION_CONTEXT('2D SPACE',''
  ) );
#11214 = ORIENTED_EDGE('',*,*,#9389,.T.);
#11215 = ORIENTED_EDGE('',*,*,#9848,.F.);
#11216 = ADVANCED_FACE('',(#11217),#9433,.F.);
#11217 = FACE_BOUND('',#11218,.F.);
#11218 = EDGE_LOOP('',(#11219,#11241,#11242));
#11219 = ORIENTED_EDGE('',*,*,#11220,.F.);
#11220 = EDGE_CURVE('',#7949,#11145,#11221,.T.);
#11221 = SURFACE_CURVE('',#11222,(#11227,#11234),.PCURVE_S1.);
#11222 = CIRCLE('',#11223,3.5);
#11223 = AXIS2_PLACEMENT_3D('',#11224,#11225,#11226);
#11224 = CARTESIAN_POINT('',(-10.404941,-14.768516,-1.8));
#11225 = DIRECTION('',(0.,0.,1.));
#11226 = DIRECTION('',(1.,0.,-0.));
#11227 = PCURVE('',#9433,#11228);
#11228 = DEFINITIONAL_REPRESENTATION('',(#11229),#11233);
#11229 = CIRCLE('',#11230,3.5);
#11230 = AXIS2_PLACEMENT_2D('',#11231,#11232);
#11231 = CARTESIAN_POINT('',(0.,3.5));
#11232 = DIRECTION('',(1.,0.));
#11233 = ( GEOMETRIC_REPRESENTATION_CONTEXT(2) 
PARAMETRIC_REPRESENTATION_CONTEXT() REPRESENTATION_CONTEXT('2D SPACE',''
  ) );
#11234 = PCURVE('',#10369,#11235);
#11235 = DEFINITIONAL_REPRESENTATION('',(#11236),#11240);
#11236 = CIRCLE('',#11237,3.5);
#11237 = AXIS2_PLACEMENT_2D('',#11238,#11239);
#11238 = CARTESIAN_POINT('',(0.,3.5));
#11239 = DIRECTION('',(1.,0.));
#11240 = ( GEOMETRIC_REPRESENTATION_CONTEXT(2) 
PARAMETRIC_REPRESENTATION_CONTEXT() REPRESENTATION_CONTEXT('2D SPACE',''
  ) );
#11241 = ORIENTED_EDGE('',*,*,#9419,.T.);
#11242 = ORIENTED_EDGE('',*,*,#11168,.F.);
#11243 = ADVANCED_FACE('',(#11244),#9460,.T.);
#11244 = FACE_BOUND('',#11245,.T.);
#11245 = EDGE_LOOP('',(#11246,#11268,#11269));
#11246 = ORIENTED_EDGE('',*,*,#11247,.F.);
#11247 = EDGE_CURVE('',#7919,#11013,#11248,.T.);
#11248 = SURFACE_CURVE('',#11249,(#11254,#11261),.PCURVE_S1.);
#11249 = CIRCLE('',#11250,3.5);
#11250 = AXIS2_PLACEMENT_3D('',#11251,#11252,#11253);
#11251 = CARTESIAN_POINT('',(-10.404941,-14.768516,0.));
#11252 = DIRECTION('',(0.,0.,1.));
#11253 = DIRECTION('',(1.,0.,-0.));
#11254 = PCURVE('',#9460,#11255);
#11255 = DEFINITIONAL_REPRESENTATION('',(#11256),#11260);
#11256 = CIRCLE('',#11257,3.5);
#11257 = AXIS2_PLACEMENT_2D('',#11258,#11259);
#11258 = CARTESIAN_POINT('',(0.,3.5));
#11259 = DIRECTION('',(1.,0.));
#11260 = ( GEOMETRIC_REPRESENTATION_CONTEXT(2) 
PARAMETRIC_REPRESENTATION_CONTEXT() REPRESENTATION_CONTEXT('2D SPACE',''
  ) );
#11261 = PCURVE('',#10289,#11262);
#11262 = DEFINITIONAL_REPRESENTATION('',(#11263),#11267);
#11263 = CIRCLE('',#11264,3.5);
#11264 = AXIS2_PLACEMENT_2D('',#11265,#11266);
#11265 = CARTESIAN_POINT('',(0.,3.5));
#11266 = DIRECTION('',(1.,0.));
#11267 = ( GEOMETRIC_REPRESENTATION_CONTEXT(2) 
PARAMETRIC_REPRESENTATION_CONTEXT() REPRESENTATION_CONTEXT('2D SPACE',''
  ) );
#11268 = ORIENTED_EDGE('',*,*,#9446,.T.);
#11269 = ORIENTED_EDGE('',*,*,#11041,.F.);
#11270 = ADVANCED_FACE('',(#11271),#9521,.T.);
#11271 = FACE_BOUND('',#11272,.T.);
#11272 = EDGE_LOOP('',(#11273,#11274,#11275,#11303,#11327));
#11273 = ORIENTED_EDGE('',*,*,#11091,.T.);
#11274 = ORIENTED_EDGE('',*,*,#9506,.T.);
#11275 = ORIENTED_EDGE('',*,*,#11276,.F.);
#11276 = EDGE_CURVE('',#11277,#9479,#11279,.T.);
#11277 = VERTEX_POINT('',#11278);
#11278 = CARTESIAN_POINT('',(-9.204941,-12.6314733851,0.));
#11279 = SURFACE_CURVE('',#11280,(#11284,#11291),.PCURVE_S1.);
#11280 = LINE('',#11281,#11282);
#11281 = CARTESIAN_POINT('',(-9.204941,-18.268516,0.));
#11282 = VECTOR('',#11283,1.);
#11283 = DIRECTION('',(-0.,1.,0.));
#11284 = PCURVE('',#9521,#11285);
#11285 = DEFINITIONAL_REPRESENTATION('',(#11286),#11290);
#11286 = LINE('',#11287,#11288);
#11287 = CARTESIAN_POINT('',(4.7,-3.5));
#11288 = VECTOR('',#11289,1.);
#11289 = DIRECTION('',(0.,1.));
#11290 = ( GEOMETRIC_REPRESENTATION_CONTEXT(2) 
PARAMETRIC_REPRESENTATION_CONTEXT() REPRESENTATION_CONTEXT('2D SPACE',''
  ) );
#11291 = PCURVE('',#11292,#11297);
#11292 = PLANE('',#11293);
#11293 = AXIS2_PLACEMENT_3D('',#11294,#11295,#11296);
#11294 = CARTESIAN_POINT('',(-10.404941,-18.268516,0.));
#11295 = DIRECTION('',(0.,0.,1.));
#11296 = DIRECTION('',(1.,0.,-0.));
#11297 = DEFINITIONAL_REPRESENTATION('',(#11298),#11302);
#11298 = LINE('',#11299,#11300);
#11299 = CARTESIAN_POINT('',(1.2,0.));
#11300 = VECTOR('',#11301,1.);
#11301 = DIRECTION('',(0.,1.));
#11302 = ( GEOMETRIC_REPRESENTATION_CONTEXT(2) 
PARAMETRIC_REPRESENTATION_CONTEXT() REPRESENTATION_CONTEXT('2D SPACE',''
  ) );
#11303 = ORIENTED_EDGE('',*,*,#11304,.F.);
#11304 = EDGE_CURVE('',#11305,#11277,#11307,.T.);
#11305 = VERTEX_POINT('',#11306);
#11306 = CARTESIAN_POINT('',(-8.154941,-14.168516,0.));
#11307 = SURFACE_CURVE('',#11308,(#11313,#11320),.PCURVE_S1.);
#11308 = CIRCLE('',#11309,1.65);
#11309 = AXIS2_PLACEMENT_3D('',#11310,#11311,#11312);
#11310 = CARTESIAN_POINT('',(-9.804941,-14.168516,0.));
#11311 = DIRECTION('',(0.,0.,1.));
#11312 = DIRECTION('',(1.,0.,-0.));
#11313 = PCURVE('',#9521,#11314);
#11314 = DEFINITIONAL_REPRESENTATION('',(#11315),#11319);
#11315 = CIRCLE('',#11316,1.65);
#11316 = AXIS2_PLACEMENT_2D('',#11317,#11318);
#11317 = CARTESIAN_POINT('',(4.1,0.6));
#11318 = DIRECTION('',(1.,0.));
#11319 = ( GEOMETRIC_REPRESENTATION_CONTEXT(2) 
PARAMETRIC_REPRESENTATION_CONTEXT() REPRESENTATION_CONTEXT('2D SPACE',''
  ) );
#11320 = PCURVE('',#11129,#11321);
#11321 = DEFINITIONAL_REPRESENTATION('',(#11322),#11326);
#11322 = LINE('',#11323,#11324);
#11323 = CARTESIAN_POINT('',(0.,0.15));
#11324 = VECTOR('',#11325,1.);
#11325 = DIRECTION('',(1.,0.));
#11326 = ( GEOMETRIC_REPRESENTATION_CONTEXT(2) 
PARAMETRIC_REPRESENTATION_CONTEXT() REPRESENTATION_CONTEXT('2D SPACE',''
  ) );
#11327 = ORIENTED_EDGE('',*,*,#11328,.F.);
#11328 = EDGE_CURVE('',#11092,#11305,#11329,.T.);
#11329 = SURFACE_CURVE('',#11330,(#11335,#11342),.PCURVE_S1.);
#11330 = CIRCLE('',#11331,1.65);
#11331 = AXIS2_PLACEMENT_3D('',#11332,#11333,#11334);
#11332 = CARTESIAN_POINT('',(-9.804941,-14.168516,0.));
#11333 = DIRECTION('',(0.,0.,1.));
#11334 = DIRECTION('',(1.,0.,-0.));
#11335 = PCURVE('',#9521,#11336);
#11336 = DEFINITIONAL_REPRESENTATION('',(#11337),#11341);
#11337 = CIRCLE('',#11338,1.65);
#11338 = AXIS2_PLACEMENT_2D('',#11339,#11340);
#11339 = CARTESIAN_POINT('',(4.1,0.6));
#11340 = DIRECTION('',(1.,0.));
#11341 = ( GEOMETRIC_REPRESENTATION_CONTEXT(2) 
PARAMETRIC_REPRESENTATION_CONTEXT() REPRESENTATION_CONTEXT('2D SPACE',''
  ) );
#11342 = PCURVE('',#11129,#11343);
#11343 = DEFINITIONAL_REPRESENTATION('',(#11344),#11348);
#11344 = LINE('',#11345,#11346);
#11345 = CARTESIAN_POINT('',(0.,0.15));
#11346 = VECTOR('',#11347,1.);
#11347 = DIRECTION('',(1.,0.));
#11348 = ( GEOMETRIC_REPRESENTATION_CONTEXT(2) 
PARAMETRIC_REPRESENTATION_CONTEXT() REPRESENTATION_CONTEXT('2D SPACE',''
  ) );
#11349 = ADVANCED_FACE('',(#11350),#9494,.T.);
#11350 = FACE_BOUND('',#11351,.T.);
#11351 = EDGE_LOOP('',(#11352,#11353,#11375));
#11352 = ORIENTED_EDGE('',*,*,#9566,.T.);
#11353 = ORIENTED_EDGE('',*,*,#11354,.F.);
#11354 = EDGE_CURVE('',#9479,#9538,#11355,.T.);
#11355 = SURFACE_CURVE('',#11356,(#11361,#11368),.PCURVE_S1.);
#11356 = CIRCLE('',#11357,3.5);
#11357 = AXIS2_PLACEMENT_3D('',#11358,#11359,#11360);
#11358 = CARTESIAN_POINT('',(-10.404941,-14.768516,0.));
#11359 = DIRECTION('',(0.,0.,1.));
#11360 = DIRECTION('',(1.,0.,-0.));
#11361 = PCURVE('',#9494,#11362);
#11362 = DEFINITIONAL_REPRESENTATION('',(#11363),#11367);
#11363 = CIRCLE('',#11364,3.5);
#11364 = AXIS2_PLACEMENT_2D('',#11365,#11366);
#11365 = CARTESIAN_POINT('',(0.,3.5));
#11366 = DIRECTION('',(1.,0.));
#11367 = ( GEOMETRIC_REPRESENTATION_CONTEXT(2) 
PARAMETRIC_REPRESENTATION_CONTEXT() REPRESENTATION_CONTEXT('2D SPACE',''
  ) );
#11368 = PCURVE('',#11292,#11369);
#11369 = DEFINITIONAL_REPRESENTATION('',(#11370),#11374);
#11370 = CIRCLE('',#11371,3.5);
#11371 = AXIS2_PLACEMENT_2D('',#11372,#11373);
#11372 = CARTESIAN_POINT('',(0.,3.5));
#11373 = DIRECTION('',(1.,0.));
#11374 = ( GEOMETRIC_REPRESENTATION_CONTEXT(2) 
PARAMETRIC_REPRESENTATION_CONTEXT() REPRESENTATION_CONTEXT('2D SPACE',''
  ) );
#11375 = ORIENTED_EDGE('',*,*,#9478,.T.);
#11376 = ADVANCED_FACE('',(#11377),#9554,.T.);
#11377 = FACE_BOUND('',#11378,.T.);
#11378 = EDGE_LOOP('',(#11379,#11380,#11402));
#11379 = ORIENTED_EDGE('',*,*,#10407,.F.);
#11380 = ORIENTED_EDGE('',*,*,#11381,.F.);
#11381 = EDGE_CURVE('',#9538,#10408,#11382,.T.);
#11382 = SURFACE_CURVE('',#11383,(#11388,#11395),.PCURVE_S1.);
#11383 = CIRCLE('',#11384,3.5);
#11384 = AXIS2_PLACEMENT_3D('',#11385,#11386,#11387);
#11385 = CARTESIAN_POINT('',(-9.204941,-14.768516,0.));
#11386 = DIRECTION('',(0.,0.,1.));
#11387 = DIRECTION('',(1.,0.,-0.));
#11388 = PCURVE('',#9554,#11389);
#11389 = DEFINITIONAL_REPRESENTATION('',(#11390),#11394);
#11390 = CIRCLE('',#11391,3.5);
#11391 = AXIS2_PLACEMENT_2D('',#11392,#11393);
#11392 = CARTESIAN_POINT('',(1.2,3.5));
#11393 = DIRECTION('',(1.,0.));
#11394 = ( GEOMETRIC_REPRESENTATION_CONTEXT(2) 
PARAMETRIC_REPRESENTATION_CONTEXT() REPRESENTATION_CONTEXT('2D SPACE',''
  ) );
#11395 = PCURVE('',#11292,#11396);
#11396 = DEFINITIONAL_REPRESENTATION('',(#11397),#11401);
#11397 = CIRCLE('',#11398,3.5);
#11398 = AXIS2_PLACEMENT_2D('',#11399,#11400);
#11399 = CARTESIAN_POINT('',(1.2,3.5));
#11400 = DIRECTION('',(1.,0.));
#11401 = ( GEOMETRIC_REPRESENTATION_CONTEXT(2) 
PARAMETRIC_REPRESENTATION_CONTEXT() REPRESENTATION_CONTEXT('2D SPACE',''
  ) );
#11402 = ORIENTED_EDGE('',*,*,#9537,.T.);
#11403 = ADVANCED_FACE('',(#11404),#9836,.F.);
#11404 = FACE_BOUND('',#11405,.F.);
#11405 = EDGE_LOOP('',(#11406,#11427,#11449,#11450,#11451));
#11406 = ORIENTED_EDGE('',*,*,#11407,.F.);
#11407 = EDGE_CURVE('',#10354,#9791,#11408,.T.);
#11408 = SURFACE_CURVE('',#11409,(#11413,#11420),.PCURVE_S1.);
#11409 = LINE('',#11410,#11411);
#11410 = CARTESIAN_POINT('',(-10.404941,-18.268516,-1.8));
#11411 = VECTOR('',#11412,1.);
#11412 = DIRECTION('',(-0.,1.,0.));
#11413 = PCURVE('',#9836,#11414);
#11414 = DEFINITIONAL_REPRESENTATION('',(#11415),#11419);
#11415 = LINE('',#11416,#11417);
#11416 = CARTESIAN_POINT('',(0.,0.));
#11417 = VECTOR('',#11418,1.);
#11418 = DIRECTION('',(0.,1.));
#11419 = ( GEOMETRIC_REPRESENTATION_CONTEXT(2) 
PARAMETRIC_REPRESENTATION_CONTEXT() REPRESENTATION_CONTEXT('2D SPACE',''
  ) );
#11420 = PCURVE('',#9807,#11421);
#11421 = DEFINITIONAL_REPRESENTATION('',(#11422),#11426);
#11422 = LINE('',#11423,#11424);
#11423 = CARTESIAN_POINT('',(0.,-3.5));
#11424 = VECTOR('',#11425,1.);
#11425 = DIRECTION('',(0.,1.));
#11426 = ( GEOMETRIC_REPRESENTATION_CONTEXT(2) 
PARAMETRIC_REPRESENTATION_CONTEXT() REPRESENTATION_CONTEXT('2D SPACE',''
  ) );
#11427 = ORIENTED_EDGE('',*,*,#11428,.T.);
#11428 = EDGE_CURVE('',#10354,#11145,#11429,.T.);
#11429 = SURFACE_CURVE('',#11430,(#11435,#11442),.PCURVE_S1.);
#11430 = CIRCLE('',#11431,3.5);
#11431 = AXIS2_PLACEMENT_3D('',#11432,#11433,#11434);
#11432 = CARTESIAN_POINT('',(-9.204941,-14.768516,-1.8));
#11433 = DIRECTION('',(0.,0.,1.));
#11434 = DIRECTION('',(1.,0.,-0.));
#11435 = PCURVE('',#9836,#11436);
#11436 = DEFINITIONAL_REPRESENTATION('',(#11437),#11441);
#11437 = CIRCLE('',#11438,3.5);
#11438 = AXIS2_PLACEMENT_2D('',#11439,#11440);
#11439 = CARTESIAN_POINT('',(1.2,3.5));
#11440 = DIRECTION('',(1.,0.));
#11441 = ( GEOMETRIC_REPRESENTATION_CONTEXT(2) 
PARAMETRIC_REPRESENTATION_CONTEXT() REPRESENTATION_CONTEXT('2D SPACE',''
  ) );
#11442 = PCURVE('',#10369,#11443);
#11443 = DEFINITIONAL_REPRESENTATION('',(#11444),#11448);
#11444 = CIRCLE('',#11445,3.5);
#11445 = AXIS2_PLACEMENT_2D('',#11446,#11447);
#11446 = CARTESIAN_POINT('',(1.2,3.5));
#11447 = DIRECTION('',(1.,0.));
#11448 = ( GEOMETRIC_REPRESENTATION_CONTEXT(2) 
PARAMETRIC_REPRESENTATION_CONTEXT() REPRESENTATION_CONTEXT('2D SPACE',''
  ) );
#11449 = ORIENTED_EDGE('',*,*,#11144,.T.);
#11450 = ORIENTED_EDGE('',*,*,#11194,.T.);
#11451 = ORIENTED_EDGE('',*,*,#9819,.F.);
#11452 = ADVANCED_FACE('',(#11453),#9807,.F.);
#11453 = FACE_BOUND('',#11454,.F.);
#11454 = EDGE_LOOP('',(#11455,#11456,#11457));
#11455 = ORIENTED_EDGE('',*,*,#9790,.F.);
#11456 = ORIENTED_EDGE('',*,*,#10381,.T.);
#11457 = ORIENTED_EDGE('',*,*,#11407,.T.);
#11458 = ADVANCED_FACE('',(#11459),#9705,.F.);
#11459 = FACE_BOUND('',#11460,.F.);
#11460 = EDGE_LOOP('',(#11461,#11484,#11505,#11506));
#11461 = ORIENTED_EDGE('',*,*,#11462,.F.);
#11462 = EDGE_CURVE('',#11463,#11463,#11465,.T.);
#11463 = VERTEX_POINT('',#11464);
#11464 = CARTESIAN_POINT('',(-8.154941,-14.168516,-0.15));
#11465 = SURFACE_CURVE('',#11466,(#11471,#11478),.PCURVE_S1.);
#11466 = CIRCLE('',#11467,1.65);
#11467 = AXIS2_PLACEMENT_3D('',#11468,#11469,#11470);
#11468 = CARTESIAN_POINT('',(-9.804941,-14.168516,-0.15));
#11469 = DIRECTION('',(0.,0.,1.));
#11470 = DIRECTION('',(1.,0.,-0.));
#11471 = PCURVE('',#9705,#11472);
#11472 = DEFINITIONAL_REPRESENTATION('',(#11473),#11477);
#11473 = LINE('',#11474,#11475);
#11474 = CARTESIAN_POINT('',(-0.,-1.45));
#11475 = VECTOR('',#11476,1.);
#11476 = DIRECTION('',(-1.,-0.));
#11477 = ( GEOMETRIC_REPRESENTATION_CONTEXT(2) 
PARAMETRIC_REPRESENTATION_CONTEXT() REPRESENTATION_CONTEXT('2D SPACE',''
  ) );
#11478 = PCURVE('',#11129,#11479);
#11479 = DEFINITIONAL_REPRESENTATION('',(#11480),#11483);
#11480 = B_SPLINE_CURVE_WITH_KNOTS('',1,(#11481,#11482),.UNSPECIFIED.,
  .F.,.F.,(2,2),(0.,6.28318530718),.PIECEWISE_BEZIER_KNOTS.);
#11481 = CARTESIAN_POINT('',(0.,0.));
#11482 = CARTESIAN_POINT('',(6.28318530718,0.));
#11483 = ( GEOMETRIC_REPRESENTATION_CONTEXT(2) 
PARAMETRIC_REPRESENTATION_CONTEXT() REPRESENTATION_CONTEXT('2D SPACE',''
  ) );
#11484 = ORIENTED_EDGE('',*,*,#11485,.F.);
#11485 = EDGE_CURVE('',#9668,#11463,#11486,.T.);
#11486 = SEAM_CURVE('',#11487,(#11491,#11498),.PCURVE_S1.);
#11487 = LINE('',#11488,#11489);
#11488 = CARTESIAN_POINT('',(-6.704941,-14.168516,-1.6));
#11489 = VECTOR('',#11490,1.);
#11490 = DIRECTION('',(-0.707106781187,1.731912112471E-16,0.707106781187
    ));
#11491 = PCURVE('',#9705,#11492);
#11492 = DEFINITIONAL_REPRESENTATION('',(#11493),#11497);
#11493 = LINE('',#11494,#11495);
#11494 = CARTESIAN_POINT('',(-6.28318530718,0.));
#11495 = VECTOR('',#11496,1.);
#11496 = DIRECTION('',(-0.,-1.));
#11497 = ( GEOMETRIC_REPRESENTATION_CONTEXT(2) 
PARAMETRIC_REPRESENTATION_CONTEXT() REPRESENTATION_CONTEXT('2D SPACE',''
  ) );
#11498 = PCURVE('',#9705,#11499);
#11499 = DEFINITIONAL_REPRESENTATION('',(#11500),#11504);
#11500 = LINE('',#11501,#11502);
#11501 = CARTESIAN_POINT('',(0.,-0.));
#11502 = VECTOR('',#11503,1.);
#11503 = DIRECTION('',(-0.,-1.));
#11504 = ( GEOMETRIC_REPRESENTATION_CONTEXT(2) 
PARAMETRIC_REPRESENTATION_CONTEXT() REPRESENTATION_CONTEXT('2D SPACE',''
  ) );
#11505 = ORIENTED_EDGE('',*,*,#9690,.T.);
#11506 = ORIENTED_EDGE('',*,*,#11485,.T.);
#11507 = ADVANCED_FACE('',(#11508),#10033,.T.);
#11508 = FACE_BOUND('',#11509,.T.);
#11509 = EDGE_LOOP('',(#11510,#11532,#11533));
#11510 = ORIENTED_EDGE('',*,*,#11511,.F.);
#11511 = EDGE_CURVE('',#10714,#10018,#11512,.T.);
#11512 = SURFACE_CURVE('',#11513,(#11518,#11525),.PCURVE_S1.);
#11513 = CIRCLE('',#11514,3.5);
#11514 = AXIS2_PLACEMENT_3D('',#11515,#11516,#11517);
#11515 = CARTESIAN_POINT('',(9.204965,-14.770142,0.));
#11516 = DIRECTION('',(0.,0.,1.));
#11517 = DIRECTION('',(1.,0.,-0.));
#11518 = PCURVE('',#10033,#11519);
#11519 = DEFINITIONAL_REPRESENTATION('',(#11520),#11524);
#11520 = CIRCLE('',#11521,3.5);
#11521 = AXIS2_PLACEMENT_2D('',#11522,#11523);
#11522 = CARTESIAN_POINT('',(0.,3.5));
#11523 = DIRECTION('',(1.,0.));
#11524 = ( GEOMETRIC_REPRESENTATION_CONTEXT(2) 
PARAMETRIC_REPRESENTATION_CONTEXT() REPRESENTATION_CONTEXT('2D SPACE',''
  ) );
#11525 = PCURVE('',#10675,#11526);
#11526 = DEFINITIONAL_REPRESENTATION('',(#11527),#11531);
#11527 = CIRCLE('',#11528,3.5);
#11528 = AXIS2_PLACEMENT_2D('',#11529,#11530);
#11529 = CARTESIAN_POINT('',(0.,3.5));
#11530 = DIRECTION('',(1.,0.));
#11531 = ( GEOMETRIC_REPRESENTATION_CONTEXT(2) 
PARAMETRIC_REPRESENTATION_CONTEXT() REPRESENTATION_CONTEXT('2D SPACE',''
  ) );
#11532 = ORIENTED_EDGE('',*,*,#10814,.T.);
#11533 = ORIENTED_EDGE('',*,*,#10017,.T.);
#11534 = ADVANCED_FACE('',(#11535),#10084,.T.);
#11535 = FACE_BOUND('',#11536,.T.);
#11536 = EDGE_LOOP('',(#11537,#11560,#11561,#11584));
#11537 = ORIENTED_EDGE('',*,*,#11538,.F.);
#11538 = EDGE_CURVE('',#10018,#11539,#11541,.T.);
#11539 = VERTEX_POINT('',#11540);
#11540 = CARTESIAN_POINT('',(10.404965,-15.70718461489,0.));
#11541 = SURFACE_CURVE('',#11542,(#11546,#11553),.PCURVE_S1.);
#11542 = LINE('',#11543,#11544);
#11543 = CARTESIAN_POINT('',(10.404965,-18.270142,0.));
#11544 = VECTOR('',#11545,1.);
#11545 = DIRECTION('',(-0.,1.,0.));
#11546 = PCURVE('',#10084,#11547);
#11547 = DEFINITIONAL_REPRESENTATION('',(#11548),#11552);
#11548 = LINE('',#11549,#11550);
#11549 = CARTESIAN_POINT('',(1.2,-3.5));
#11550 = VECTOR('',#11551,1.);
#11551 = DIRECTION('',(0.,1.));
#11552 = ( GEOMETRIC_REPRESENTATION_CONTEXT(2) 
PARAMETRIC_REPRESENTATION_CONTEXT() REPRESENTATION_CONTEXT('2D SPACE',''
  ) );
#11553 = PCURVE('',#10675,#11554);
#11554 = DEFINITIONAL_REPRESENTATION('',(#11555),#11559);
#11555 = LINE('',#11556,#11557);
#11556 = CARTESIAN_POINT('',(1.2,0.));
#11557 = VECTOR('',#11558,1.);
#11558 = DIRECTION('',(0.,1.));
#11559 = ( GEOMETRIC_REPRESENTATION_CONTEXT(2) 
PARAMETRIC_REPRESENTATION_CONTEXT() REPRESENTATION_CONTEXT('2D SPACE',''
  ) );
#11560 = ORIENTED_EDGE('',*,*,#10069,.T.);
#11561 = ORIENTED_EDGE('',*,*,#11562,.F.);
#11562 = EDGE_CURVE('',#11563,#10047,#11565,.T.);
#11563 = VERTEX_POINT('',#11564);
#11564 = CARTESIAN_POINT('',(11.342007614894,-14.770142,0.));
#11565 = SURFACE_CURVE('',#11566,(#11570,#11577),.PCURVE_S1.);
#11566 = LINE('',#11567,#11568);
#11567 = CARTESIAN_POINT('',(5.704965,-14.770142,0.));
#11568 = VECTOR('',#11569,1.);
#11569 = DIRECTION('',(1.,0.,-0.));
#11570 = PCURVE('',#10084,#11571);
#11571 = DEFINITIONAL_REPRESENTATION('',(#11572),#11576);
#11572 = LINE('',#11573,#11574);
#11573 = CARTESIAN_POINT('',(-3.5,0.));
#11574 = VECTOR('',#11575,1.);
#11575 = DIRECTION('',(1.,0.));
#11576 = ( GEOMETRIC_REPRESENTATION_CONTEXT(2) 
PARAMETRIC_REPRESENTATION_CONTEXT() REPRESENTATION_CONTEXT('2D SPACE',''
  ) );
#11577 = PCURVE('',#10215,#11578);
#11578 = DEFINITIONAL_REPRESENTATION('',(#11579),#11583);
#11579 = LINE('',#11580,#11581);
#11580 = CARTESIAN_POINT('',(0.,0.));
#11581 = VECTOR('',#11582,1.);
#11582 = DIRECTION('',(1.,0.));
#11583 = ( GEOMETRIC_REPRESENTATION_CONTEXT(2) 
PARAMETRIC_REPRESENTATION_CONTEXT() REPRESENTATION_CONTEXT('2D SPACE',''
  ) );
#11584 = ORIENTED_EDGE('',*,*,#11585,.F.);
#11585 = EDGE_CURVE('',#11539,#11563,#11586,.T.);
#11586 = SURFACE_CURVE('',#11587,(#11592,#11599),.PCURVE_S1.);
#11587 = CIRCLE('',#11588,1.65);
#11588 = AXIS2_PLACEMENT_3D('',#11589,#11590,#11591);
#11589 = CARTESIAN_POINT('',(9.804965,-14.170142,0.));
#11590 = DIRECTION('',(0.,0.,1.));
#11591 = DIRECTION('',(1.,0.,-0.));
#11592 = PCURVE('',#10084,#11593);
#11593 = DEFINITIONAL_REPRESENTATION('',(#11594),#11598);
#11594 = CIRCLE('',#11595,1.65);
#11595 = AXIS2_PLACEMENT_2D('',#11596,#11597);
#11596 = CARTESIAN_POINT('',(0.6,0.6));
#11597 = DIRECTION('',(1.,0.));
#11598 = ( GEOMETRIC_REPRESENTATION_CONTEXT(2) 
PARAMETRIC_REPRESENTATION_CONTEXT() REPRESENTATION_CONTEXT('2D SPACE',''
  ) );
#11599 = PCURVE('',#10599,#11600);
#11600 = DEFINITIONAL_REPRESENTATION('',(#11601),#11605);
#11601 = LINE('',#11602,#11603);
#11602 = CARTESIAN_POINT('',(0.,0.15));
#11603 = VECTOR('',#11604,1.);
#11604 = DIRECTION('',(1.,0.));
#11605 = ( GEOMETRIC_REPRESENTATION_CONTEXT(2) 
PARAMETRIC_REPRESENTATION_CONTEXT() REPRESENTATION_CONTEXT('2D SPACE',''
  ) );
#11606 = ADVANCED_FACE('',(#11607),#10115,.F.);
#11607 = FACE_BOUND('',#11608,.F.);
#11608 = EDGE_LOOP('',(#11609,#11610,#11611));
#11609 = ORIENTED_EDGE('',*,*,#10920,.F.);
#11610 = ORIENTED_EDGE('',*,*,#10787,.T.);
#11611 = ORIENTED_EDGE('',*,*,#10099,.T.);
#11612 = ADVANCED_FACE('',(#11613),#10215,.T.);
#11613 = FACE_BOUND('',#11614,.T.);
#11614 = EDGE_LOOP('',(#11615,#11616,#11617,#11640,#11664));
#11615 = ORIENTED_EDGE('',*,*,#11562,.T.);
#11616 = ORIENTED_EDGE('',*,*,#10200,.T.);
#11617 = ORIENTED_EDGE('',*,*,#11618,.F.);
#11618 = EDGE_CURVE('',#11619,#10178,#11621,.T.);
#11619 = VERTEX_POINT('',#11620);
#11620 = CARTESIAN_POINT('',(10.404965,-12.6330993851,0.));
#11621 = SURFACE_CURVE('',#11622,(#11626,#11633),.PCURVE_S1.);
#11622 = LINE('',#11623,#11624);
#11623 = CARTESIAN_POINT('',(10.404965,-18.270142,0.));
#11624 = VECTOR('',#11625,1.);
#11625 = DIRECTION('',(-0.,1.,0.));
#11626 = PCURVE('',#10215,#11627);
#11627 = DEFINITIONAL_REPRESENTATION('',(#11628),#11632);
#11628 = LINE('',#11629,#11630);
#11629 = CARTESIAN_POINT('',(4.7,-3.5));
#11630 = VECTOR('',#11631,1.);
#11631 = DIRECTION('',(0.,1.));
#11632 = ( GEOMETRIC_REPRESENTATION_CONTEXT(2) 
PARAMETRIC_REPRESENTATION_CONTEXT() REPRESENTATION_CONTEXT('2D SPACE',''
  ) );
#11633 = PCURVE('',#10537,#11634);
#11634 = DEFINITIONAL_REPRESENTATION('',(#11635),#11639);
#11635 = LINE('',#11636,#11637);
#11636 = CARTESIAN_POINT('',(1.2,0.));
#11637 = VECTOR('',#11638,1.);
#11638 = DIRECTION('',(0.,1.));
#11639 = ( GEOMETRIC_REPRESENTATION_CONTEXT(2) 
PARAMETRIC_REPRESENTATION_CONTEXT() REPRESENTATION_CONTEXT('2D SPACE',''
  ) );
#11640 = ORIENTED_EDGE('',*,*,#11641,.F.);
#11641 = EDGE_CURVE('',#11642,#11619,#11644,.T.);
#11642 = VERTEX_POINT('',#11643);
#11643 = CARTESIAN_POINT('',(11.454965,-14.170142,0.));
#11644 = SURFACE_CURVE('',#11645,(#11650,#11657),.PCURVE_S1.);
#11645 = CIRCLE('',#11646,1.65);
#11646 = AXIS2_PLACEMENT_3D('',#11647,#11648,#11649);
#11647 = CARTESIAN_POINT('',(9.804965,-14.170142,0.));
#11648 = DIRECTION('',(0.,0.,1.));
#11649 = DIRECTION('',(1.,0.,-0.));
#11650 = PCURVE('',#10215,#11651);
#11651 = DEFINITIONAL_REPRESENTATION('',(#11652),#11656);
#11652 = CIRCLE('',#11653,1.65);
#11653 = AXIS2_PLACEMENT_2D('',#11654,#11655);
#11654 = CARTESIAN_POINT('',(4.1,0.6));
#11655 = DIRECTION('',(1.,0.));
#11656 = ( GEOMETRIC_REPRESENTATION_CONTEXT(2) 
PARAMETRIC_REPRESENTATION_CONTEXT() REPRESENTATION_CONTEXT('2D SPACE',''
  ) );
#11657 = PCURVE('',#10599,#11658);
#11658 = DEFINITIONAL_REPRESENTATION('',(#11659),#11663);
#11659 = LINE('',#11660,#11661);
#11660 = CARTESIAN_POINT('',(0.,0.15));
#11661 = VECTOR('',#11662,1.);
#11662 = DIRECTION('',(1.,0.));
#11663 = ( GEOMETRIC_REPRESENTATION_CONTEXT(2) 
PARAMETRIC_REPRESENTATION_CONTEXT() REPRESENTATION_CONTEXT('2D SPACE',''
  ) );
#11664 = ORIENTED_EDGE('',*,*,#11665,.F.);
#11665 = EDGE_CURVE('',#11563,#11642,#11666,.T.);
#11666 = SURFACE_CURVE('',#11667,(#11672,#11679),.PCURVE_S1.);
#11667 = CIRCLE('',#11668,1.65);
#11668 = AXIS2_PLACEMENT_3D('',#11669,#11670,#11671);
#11669 = CARTESIAN_POINT('',(9.804965,-14.170142,0.));
#11670 = DIRECTION('',(0.,0.,1.));
#11671 = DIRECTION('',(1.,0.,-0.));
#11672 = PCURVE('',#10215,#11673);
#11673 = DEFINITIONAL_REPRESENTATION('',(#11674),#11678);
#11674 = CIRCLE('',#11675,1.65);
#11675 = AXIS2_PLACEMENT_2D('',#11676,#11677);
#11676 = CARTESIAN_POINT('',(4.1,0.6));
#11677 = DIRECTION('',(1.,0.));
#11678 = ( GEOMETRIC_REPRESENTATION_CONTEXT(2) 
PARAMETRIC_REPRESENTATION_CONTEXT() REPRESENTATION_CONTEXT('2D SPACE',''
  ) );
#11679 = PCURVE('',#10599,#11680);
#11680 = DEFINITIONAL_REPRESENTATION('',(#11681),#11685);
#11681 = LINE('',#11682,#11683);
#11682 = CARTESIAN_POINT('',(0.,0.15));
#11683 = VECTOR('',#11684,1.);
#11684 = DIRECTION('',(1.,0.));
#11685 = ( GEOMETRIC_REPRESENTATION_CONTEXT(2) 
PARAMETRIC_REPRESENTATION_CONTEXT() REPRESENTATION_CONTEXT('2D SPACE',''
  ) );
#11686 = ADVANCED_FACE('',(#11687),#10316,.T.);
#11687 = FACE_BOUND('',#11688,.T.);
#11688 = EDGE_LOOP('',(#11689,#11712,#11713,#11736));
#11689 = ORIENTED_EDGE('',*,*,#11690,.F.);
#11690 = EDGE_CURVE('',#10250,#11691,#11693,.T.);
#11691 = VERTEX_POINT('',#11692);
#11692 = CARTESIAN_POINT('',(-11.34198361489,-14.768516,0.));
#11693 = SURFACE_CURVE('',#11694,(#11698,#11705),.PCURVE_S1.);
#11694 = LINE('',#11695,#11696);
#11695 = CARTESIAN_POINT('',(-13.904941,-14.768516,0.));
#11696 = VECTOR('',#11697,1.);
#11697 = DIRECTION('',(1.,0.,-0.));
#11698 = PCURVE('',#10316,#11699);
#11699 = DEFINITIONAL_REPRESENTATION('',(#11700),#11704);
#11700 = LINE('',#11701,#11702);
#11701 = CARTESIAN_POINT('',(-3.5,0.));
#11702 = VECTOR('',#11703,1.);
#11703 = DIRECTION('',(1.,0.));
#11704 = ( GEOMETRIC_REPRESENTATION_CONTEXT(2) 
PARAMETRIC_REPRESENTATION_CONTEXT() REPRESENTATION_CONTEXT('2D SPACE',''
  ) );
#11705 = PCURVE('',#10447,#11706);
#11706 = DEFINITIONAL_REPRESENTATION('',(#11707),#11711);
#11707 = LINE('',#11708,#11709);
#11708 = CARTESIAN_POINT('',(0.,0.));
#11709 = VECTOR('',#11710,1.);
#11710 = DIRECTION('',(1.,0.));
#11711 = ( GEOMETRIC_REPRESENTATION_CONTEXT(2) 
PARAMETRIC_REPRESENTATION_CONTEXT() REPRESENTATION_CONTEXT('2D SPACE',''
  ) );
#11712 = ORIENTED_EDGE('',*,*,#10301,.T.);
#11713 = ORIENTED_EDGE('',*,*,#11714,.T.);
#11714 = EDGE_CURVE('',#10274,#11715,#11717,.T.);
#11715 = VERTEX_POINT('',#11716);
#11716 = CARTESIAN_POINT('',(-10.404941,-15.70555861489,0.));
#11717 = SURFACE_CURVE('',#11718,(#11722,#11729),.PCURVE_S1.);
#11718 = LINE('',#11719,#11720);
#11719 = CARTESIAN_POINT('',(-10.404941,-18.268516,0.));
#11720 = VECTOR('',#11721,1.);
#11721 = DIRECTION('',(-0.,1.,0.));
#11722 = PCURVE('',#10316,#11723);
#11723 = DEFINITIONAL_REPRESENTATION('',(#11724),#11728);
#11724 = LINE('',#11725,#11726);
#11725 = CARTESIAN_POINT('',(0.,-3.5));
#11726 = VECTOR('',#11727,1.);
#11727 = DIRECTION('',(0.,1.));
#11728 = ( GEOMETRIC_REPRESENTATION_CONTEXT(2) 
PARAMETRIC_REPRESENTATION_CONTEXT() REPRESENTATION_CONTEXT('2D SPACE',''
  ) );
#11729 = PCURVE('',#11029,#11730);
#11730 = DEFINITIONAL_REPRESENTATION('',(#11731),#11735);
#11731 = LINE('',#11732,#11733);
#11732 = CARTESIAN_POINT('',(0.,0.));
#11733 = VECTOR('',#11734,1.);
#11734 = DIRECTION('',(0.,1.));
#11735 = ( GEOMETRIC_REPRESENTATION_CONTEXT(2) 
PARAMETRIC_REPRESENTATION_CONTEXT() REPRESENTATION_CONTEXT('2D SPACE',''
  ) );
#11736 = ORIENTED_EDGE('',*,*,#11737,.F.);
#11737 = EDGE_CURVE('',#11691,#11715,#11738,.T.);
#11738 = SURFACE_CURVE('',#11739,(#11744,#11751),.PCURVE_S1.);
#11739 = CIRCLE('',#11740,1.65);
#11740 = AXIS2_PLACEMENT_3D('',#11741,#11742,#11743);
#11741 = CARTESIAN_POINT('',(-9.804941,-14.168516,0.));
#11742 = DIRECTION('',(0.,0.,1.));
#11743 = DIRECTION('',(1.,0.,-0.));
#11744 = PCURVE('',#10316,#11745);
#11745 = DEFINITIONAL_REPRESENTATION('',(#11746),#11750);
#11746 = CIRCLE('',#11747,1.65);
#11747 = AXIS2_PLACEMENT_2D('',#11748,#11749);
#11748 = CARTESIAN_POINT('',(0.6,0.6));
#11749 = DIRECTION('',(1.,0.));
#11750 = ( GEOMETRIC_REPRESENTATION_CONTEXT(2) 
PARAMETRIC_REPRESENTATION_CONTEXT() REPRESENTATION_CONTEXT('2D SPACE',''
  ) );
#11751 = PCURVE('',#11129,#11752);
#11752 = DEFINITIONAL_REPRESENTATION('',(#11753),#11757);
#11753 = LINE('',#11754,#11755);
#11754 = CARTESIAN_POINT('',(0.,0.15));
#11755 = VECTOR('',#11756,1.);
#11756 = DIRECTION('',(1.,0.));
#11757 = ( GEOMETRIC_REPRESENTATION_CONTEXT(2) 
PARAMETRIC_REPRESENTATION_CONTEXT() REPRESENTATION_CONTEXT('2D SPACE',''
  ) );
#11758 = ADVANCED_FACE('',(#11759),#10289,.T.);
#11759 = FACE_BOUND('',#11760,.T.);
#11760 = EDGE_LOOP('',(#11761,#11762,#11763));
#11761 = ORIENTED_EDGE('',*,*,#10273,.F.);
#11762 = ORIENTED_EDGE('',*,*,#11247,.T.);
#11763 = ORIENTED_EDGE('',*,*,#11764,.F.);
#11764 = EDGE_CURVE('',#10274,#11013,#11765,.T.);
#11765 = SURFACE_CURVE('',#11766,(#11771,#11778),.PCURVE_S1.);
#11766 = CIRCLE('',#11767,3.5);
#11767 = AXIS2_PLACEMENT_3D('',#11768,#11769,#11770);
#11768 = CARTESIAN_POINT('',(-9.204941,-14.768516,0.));
#11769 = DIRECTION('',(0.,0.,1.));
#11770 = DIRECTION('',(1.,0.,-0.));
#11771 = PCURVE('',#10289,#11772);
#11772 = DEFINITIONAL_REPRESENTATION('',(#11773),#11777);
#11773 = CIRCLE('',#11774,3.5);
#11774 = AXIS2_PLACEMENT_2D('',#11775,#11776);
#11775 = CARTESIAN_POINT('',(1.2,3.5));
#11776 = DIRECTION('',(1.,0.));
#11777 = ( GEOMETRIC_REPRESENTATION_CONTEXT(2) 
PARAMETRIC_REPRESENTATION_CONTEXT() REPRESENTATION_CONTEXT('2D SPACE',''
  ) );
#11778 = PCURVE('',#11029,#11779);
#11779 = DEFINITIONAL_REPRESENTATION('',(#11780),#11784);
#11780 = CIRCLE('',#11781,3.5);
#11781 = AXIS2_PLACEMENT_2D('',#11782,#11783);
#11782 = CARTESIAN_POINT('',(1.2,3.5));
#11783 = DIRECTION('',(1.,0.));
#11784 = ( GEOMETRIC_REPRESENTATION_CONTEXT(2) 
PARAMETRIC_REPRESENTATION_CONTEXT() REPRESENTATION_CONTEXT('2D SPACE',''
  ) );
#11785 = ADVANCED_FACE('',(#11786),#10369,.F.);
#11786 = FACE_BOUND('',#11787,.F.);
#11787 = EDGE_LOOP('',(#11788,#11789,#11790));
#11788 = ORIENTED_EDGE('',*,*,#10353,.F.);
#11789 = ORIENTED_EDGE('',*,*,#11220,.T.);
#11790 = ORIENTED_EDGE('',*,*,#11428,.F.);
#11791 = ADVANCED_FACE('',(#11792),#10447,.T.);
#11792 = FACE_BOUND('',#11793,.T.);
#11793 = EDGE_LOOP('',(#11794,#11818,#11839,#11840));
#11794 = ORIENTED_EDGE('',*,*,#11795,.F.);
#11795 = EDGE_CURVE('',#11796,#11691,#11798,.T.);
#11796 = VERTEX_POINT('',#11797);
#11797 = CARTESIAN_POINT('',(-10.404941,-12.6314733851,0.));
#11798 = SURFACE_CURVE('',#11799,(#11804,#11811),.PCURVE_S1.);
#11799 = CIRCLE('',#11800,1.65);
#11800 = AXIS2_PLACEMENT_3D('',#11801,#11802,#11803);
#11801 = CARTESIAN_POINT('',(-9.804941,-14.168516,0.));
#11802 = DIRECTION('',(0.,0.,1.));
#11803 = DIRECTION('',(1.,0.,-0.));
#11804 = PCURVE('',#10447,#11805);
#11805 = DEFINITIONAL_REPRESENTATION('',(#11806),#11810);
#11806 = CIRCLE('',#11807,1.65);
#11807 = AXIS2_PLACEMENT_2D('',#11808,#11809);
#11808 = CARTESIAN_POINT('',(4.1,0.6));
#11809 = DIRECTION('',(1.,0.));
#11810 = ( GEOMETRIC_REPRESENTATION_CONTEXT(2) 
PARAMETRIC_REPRESENTATION_CONTEXT() REPRESENTATION_CONTEXT('2D SPACE',''
  ) );
#11811 = PCURVE('',#11129,#11812);
#11812 = DEFINITIONAL_REPRESENTATION('',(#11813),#11817);
#11813 = LINE('',#11814,#11815);
#11814 = CARTESIAN_POINT('',(0.,0.15));
#11815 = VECTOR('',#11816,1.);
#11816 = DIRECTION('',(1.,0.));
#11817 = ( GEOMETRIC_REPRESENTATION_CONTEXT(2) 
PARAMETRIC_REPRESENTATION_CONTEXT() REPRESENTATION_CONTEXT('2D SPACE',''
  ) );
#11818 = ORIENTED_EDGE('',*,*,#11819,.T.);
#11819 = EDGE_CURVE('',#11796,#10408,#11820,.T.);
#11820 = SURFACE_CURVE('',#11821,(#11825,#11832),.PCURVE_S1.);
#11821 = LINE('',#11822,#11823);
#11822 = CARTESIAN_POINT('',(-10.404941,-18.268516,0.));
#11823 = VECTOR('',#11824,1.);
#11824 = DIRECTION('',(-0.,1.,0.));
#11825 = PCURVE('',#10447,#11826);
#11826 = DEFINITIONAL_REPRESENTATION('',(#11827),#11831);
#11827 = LINE('',#11828,#11829);
#11828 = CARTESIAN_POINT('',(3.5,-3.5));
#11829 = VECTOR('',#11830,1.);
#11830 = DIRECTION('',(0.,1.));
#11831 = ( GEOMETRIC_REPRESENTATION_CONTEXT(2) 
PARAMETRIC_REPRESENTATION_CONTEXT() REPRESENTATION_CONTEXT('2D SPACE',''
  ) );
#11832 = PCURVE('',#11292,#11833);
#11833 = DEFINITIONAL_REPRESENTATION('',(#11834),#11838);
#11834 = LINE('',#11835,#11836);
#11835 = CARTESIAN_POINT('',(0.,0.));
#11836 = VECTOR('',#11837,1.);
#11837 = DIRECTION('',(0.,1.));
#11838 = ( GEOMETRIC_REPRESENTATION_CONTEXT(2) 
PARAMETRIC_REPRESENTATION_CONTEXT() REPRESENTATION_CONTEXT('2D SPACE',''
  ) );
#11839 = ORIENTED_EDGE('',*,*,#10432,.T.);
#11840 = ORIENTED_EDGE('',*,*,#11690,.T.);
#11841 = ADVANCED_FACE('',(#11842),#10537,.T.);
#11842 = FACE_BOUND('',#11843,.T.);
#11843 = EDGE_LOOP('',(#11844,#11845,#11867,#11868,#11869));
#11844 = ORIENTED_EDGE('',*,*,#10611,.F.);
#11845 = ORIENTED_EDGE('',*,*,#11846,.F.);
#11846 = EDGE_CURVE('',#11619,#10581,#11847,.T.);
#11847 = SURFACE_CURVE('',#11848,(#11853,#11860),.PCURVE_S1.);
#11848 = CIRCLE('',#11849,1.65);
#11849 = AXIS2_PLACEMENT_3D('',#11850,#11851,#11852);
#11850 = CARTESIAN_POINT('',(9.804965,-14.170142,0.));
#11851 = DIRECTION('',(0.,0.,1.));
#11852 = DIRECTION('',(1.,0.,-0.));
#11853 = PCURVE('',#10537,#11854);
#11854 = DEFINITIONAL_REPRESENTATION('',(#11855),#11859);
#11855 = CIRCLE('',#11856,1.65);
#11856 = AXIS2_PLACEMENT_2D('',#11857,#11858);
#11857 = CARTESIAN_POINT('',(0.6,4.1));
#11858 = DIRECTION('',(1.,0.));
#11859 = ( GEOMETRIC_REPRESENTATION_CONTEXT(2) 
PARAMETRIC_REPRESENTATION_CONTEXT() REPRESENTATION_CONTEXT('2D SPACE',''
  ) );
#11860 = PCURVE('',#10599,#11861);
#11861 = DEFINITIONAL_REPRESENTATION('',(#11862),#11866);
#11862 = LINE('',#11863,#11864);
#11863 = CARTESIAN_POINT('',(0.,0.15));
#11864 = VECTOR('',#11865,1.);
#11865 = DIRECTION('',(1.,0.));
#11866 = ( GEOMETRIC_REPRESENTATION_CONTEXT(2) 
PARAMETRIC_REPRESENTATION_CONTEXT() REPRESENTATION_CONTEXT('2D SPACE',''
  ) );
#11867 = ORIENTED_EDGE('',*,*,#11618,.T.);
#11868 = ORIENTED_EDGE('',*,*,#10522,.T.);
#11869 = ORIENTED_EDGE('',*,*,#10554,.T.);
#11870 = ADVANCED_FACE('',(#11871),#10599,.F.);
#11871 = FACE_BOUND('',#11872,.F.);
#11872 = EDGE_LOOP('',(#11873,#11874,#11895,#11896,#11897,#11898,#11899,
    #11921,#11922,#11923));
#11873 = ORIENTED_EDGE('',*,*,#11641,.F.);
#11874 = ORIENTED_EDGE('',*,*,#11875,.F.);
#11875 = EDGE_CURVE('',#10948,#11642,#11876,.T.);
#11876 = SEAM_CURVE('',#11877,(#11881,#11888),.PCURVE_S1.);
#11877 = LINE('',#11878,#11879);
#11878 = CARTESIAN_POINT('',(11.454965,-14.170142,-0.15));
#11879 = VECTOR('',#11880,1.);
#11880 = DIRECTION('',(0.,0.,1.));
#11881 = PCURVE('',#10599,#11882);
#11882 = DEFINITIONAL_REPRESENTATION('',(#11883),#11887);
#11883 = LINE('',#11884,#11885);
#11884 = CARTESIAN_POINT('',(6.28318530718,-0.));
#11885 = VECTOR('',#11886,1.);
#11886 = DIRECTION('',(0.,1.));
#11887 = ( GEOMETRIC_REPRESENTATION_CONTEXT(2) 
PARAMETRIC_REPRESENTATION_CONTEXT() REPRESENTATION_CONTEXT('2D SPACE',''
  ) );
#11888 = PCURVE('',#10599,#11889);
#11889 = DEFINITIONAL_REPRESENTATION('',(#11890),#11894);
#11890 = LINE('',#11891,#11892);
#11891 = CARTESIAN_POINT('',(0.,-0.));
#11892 = VECTOR('',#11893,1.);
#11893 = DIRECTION('',(0.,1.));
#11894 = ( GEOMETRIC_REPRESENTATION_CONTEXT(2) 
PARAMETRIC_REPRESENTATION_CONTEXT() REPRESENTATION_CONTEXT('2D SPACE',''
  ) );
#11895 = ORIENTED_EDGE('',*,*,#10947,.T.);
#11896 = ORIENTED_EDGE('',*,*,#11875,.T.);
#11897 = ORIENTED_EDGE('',*,*,#11665,.F.);
#11898 = ORIENTED_EDGE('',*,*,#11585,.F.);
#11899 = ORIENTED_EDGE('',*,*,#11900,.F.);
#11900 = EDGE_CURVE('',#10660,#11539,#11901,.T.);
#11901 = SURFACE_CURVE('',#11902,(#11907,#11914),.PCURVE_S1.);
#11902 = CIRCLE('',#11903,1.65);
#11903 = AXIS2_PLACEMENT_3D('',#11904,#11905,#11906);
#11904 = CARTESIAN_POINT('',(9.804965,-14.170142,0.));
#11905 = DIRECTION('',(0.,0.,1.));
#11906 = DIRECTION('',(1.,0.,-0.));
#11907 = PCURVE('',#10599,#11908);
#11908 = DEFINITIONAL_REPRESENTATION('',(#11909),#11913);
#11909 = LINE('',#11910,#11911);
#11910 = CARTESIAN_POINT('',(0.,0.15));
#11911 = VECTOR('',#11912,1.);
#11912 = DIRECTION('',(1.,0.));
#11913 = ( GEOMETRIC_REPRESENTATION_CONTEXT(2) 
PARAMETRIC_REPRESENTATION_CONTEXT() REPRESENTATION_CONTEXT('2D SPACE',''
  ) );
#11914 = PCURVE('',#10675,#11915);
#11915 = DEFINITIONAL_REPRESENTATION('',(#11916),#11920);
#11916 = CIRCLE('',#11917,1.65);
#11917 = AXIS2_PLACEMENT_2D('',#11918,#11919);
#11918 = CARTESIAN_POINT('',(0.6,4.1));
#11919 = DIRECTION('',(1.,0.));
#11920 = ( GEOMETRIC_REPRESENTATION_CONTEXT(2) 
PARAMETRIC_REPRESENTATION_CONTEXT() REPRESENTATION_CONTEXT('2D SPACE',''
  ) );
#11921 = ORIENTED_EDGE('',*,*,#10687,.F.);
#11922 = ORIENTED_EDGE('',*,*,#10580,.F.);
#11923 = ORIENTED_EDGE('',*,*,#11846,.F.);
#11924 = ADVANCED_FACE('',(#11925),#10675,.T.);
#11925 = FACE_BOUND('',#11926,.T.);
#11926 = EDGE_LOOP('',(#11927,#11928,#11929,#11930,#11931));
#11927 = ORIENTED_EDGE('',*,*,#10659,.F.);
#11928 = ORIENTED_EDGE('',*,*,#10737,.T.);
#11929 = ORIENTED_EDGE('',*,*,#11511,.T.);
#11930 = ORIENTED_EDGE('',*,*,#11538,.T.);
#11931 = ORIENTED_EDGE('',*,*,#11900,.F.);
#11932 = ADVANCED_FACE('',(#11933),#11029,.T.);
#11933 = FACE_BOUND('',#11934,.T.);
#11934 = EDGE_LOOP('',(#11935,#11936,#11937,#11938,#11939));
#11935 = ORIENTED_EDGE('',*,*,#11714,.F.);
#11936 = ORIENTED_EDGE('',*,*,#11764,.T.);
#11937 = ORIENTED_EDGE('',*,*,#11012,.T.);
#11938 = ORIENTED_EDGE('',*,*,#11067,.T.);
#11939 = ORIENTED_EDGE('',*,*,#11940,.F.);
#11940 = EDGE_CURVE('',#11715,#11068,#11941,.T.);
#11941 = SURFACE_CURVE('',#11942,(#11947,#11954),.PCURVE_S1.);
#11942 = CIRCLE('',#11943,1.65);
#11943 = AXIS2_PLACEMENT_3D('',#11944,#11945,#11946);
#11944 = CARTESIAN_POINT('',(-9.804941,-14.168516,0.));
#11945 = DIRECTION('',(0.,0.,1.));
#11946 = DIRECTION('',(1.,0.,-0.));
#11947 = PCURVE('',#11029,#11948);
#11948 = DEFINITIONAL_REPRESENTATION('',(#11949),#11953);
#11949 = CIRCLE('',#11950,1.65);
#11950 = AXIS2_PLACEMENT_2D('',#11951,#11952);
#11951 = CARTESIAN_POINT('',(0.6,4.1));
#11952 = DIRECTION('',(1.,0.));
#11953 = ( GEOMETRIC_REPRESENTATION_CONTEXT(2) 
PARAMETRIC_REPRESENTATION_CONTEXT() REPRESENTATION_CONTEXT('2D SPACE',''
  ) );
#11954 = PCURVE('',#11129,#11955);
#11955 = DEFINITIONAL_REPRESENTATION('',(#11956),#11960);
#11956 = LINE('',#11957,#11958);
#11957 = CARTESIAN_POINT('',(0.,0.15));
#11958 = VECTOR('',#11959,1.);
#11959 = DIRECTION('',(1.,0.));
#11960 = ( GEOMETRIC_REPRESENTATION_CONTEXT(2) 
PARAMETRIC_REPRESENTATION_CONTEXT() REPRESENTATION_CONTEXT('2D SPACE',''
  ) );
#11961 = ADVANCED_FACE('',(#11962),#11129,.F.);
#11962 = FACE_BOUND('',#11963,.F.);
#11963 = EDGE_LOOP('',(#11964,#11965,#11986,#11987,#11988,#11989,#11990,
    #11991,#11992,#11993));
#11964 = ORIENTED_EDGE('',*,*,#11304,.F.);
#11965 = ORIENTED_EDGE('',*,*,#11966,.F.);
#11966 = EDGE_CURVE('',#11463,#11305,#11967,.T.);
#11967 = SEAM_CURVE('',#11968,(#11972,#11979),.PCURVE_S1.);
#11968 = LINE('',#11969,#11970);
#11969 = CARTESIAN_POINT('',(-8.154941,-14.168516,-0.15));
#11970 = VECTOR('',#11971,1.);
#11971 = DIRECTION('',(0.,0.,1.));
#11972 = PCURVE('',#11129,#11973);
#11973 = DEFINITIONAL_REPRESENTATION('',(#11974),#11978);
#11974 = LINE('',#11975,#11976);
#11975 = CARTESIAN_POINT('',(6.28318530718,-0.));
#11976 = VECTOR('',#11977,1.);
#11977 = DIRECTION('',(0.,1.));
#11978 = ( GEOMETRIC_REPRESENTATION_CONTEXT(2) 
PARAMETRIC_REPRESENTATION_CONTEXT() REPRESENTATION_CONTEXT('2D SPACE',''
  ) );
#11979 = PCURVE('',#11129,#11980);
#11980 = DEFINITIONAL_REPRESENTATION('',(#11981),#11985);
#11981 = LINE('',#11982,#11983);
#11982 = CARTESIAN_POINT('',(0.,-0.));
#11983 = VECTOR('',#11984,1.);
#11984 = DIRECTION('',(0.,1.));
#11985 = ( GEOMETRIC_REPRESENTATION_CONTEXT(2) 
PARAMETRIC_REPRESENTATION_CONTEXT() REPRESENTATION_CONTEXT('2D SPACE',''
  ) );
#11986 = ORIENTED_EDGE('',*,*,#11462,.T.);
#11987 = ORIENTED_EDGE('',*,*,#11966,.T.);
#11988 = ORIENTED_EDGE('',*,*,#11328,.F.);
#11989 = ORIENTED_EDGE('',*,*,#11114,.F.);
#11990 = ORIENTED_EDGE('',*,*,#11940,.F.);
#11991 = ORIENTED_EDGE('',*,*,#11737,.F.);
#11992 = ORIENTED_EDGE('',*,*,#11795,.F.);
#11993 = ORIENTED_EDGE('',*,*,#11994,.F.);
#11994 = EDGE_CURVE('',#11277,#11796,#11995,.T.);
#11995 = SURFACE_CURVE('',#11996,(#12001,#12008),.PCURVE_S1.);
#11996 = CIRCLE('',#11997,1.65);
#11997 = AXIS2_PLACEMENT_3D('',#11998,#11999,#12000);
#11998 = CARTESIAN_POINT('',(-9.804941,-14.168516,0.));
#11999 = DIRECTION('',(0.,0.,1.));
#12000 = DIRECTION('',(1.,0.,-0.));
#12001 = PCURVE('',#11129,#12002);
#12002 = DEFINITIONAL_REPRESENTATION('',(#12003),#12007);
#12003 = LINE('',#12004,#12005);
#12004 = CARTESIAN_POINT('',(0.,0.15));
#12005 = VECTOR('',#12006,1.);
#12006 = DIRECTION('',(1.,0.));
#12007 = ( GEOMETRIC_REPRESENTATION_CONTEXT(2) 
PARAMETRIC_REPRESENTATION_CONTEXT() REPRESENTATION_CONTEXT('2D SPACE',''
  ) );
#12008 = PCURVE('',#11292,#12009);
#12009 = DEFINITIONAL_REPRESENTATION('',(#12010),#12014);
#12010 = CIRCLE('',#12011,1.65);
#12011 = AXIS2_PLACEMENT_2D('',#12012,#12013);
#12012 = CARTESIAN_POINT('',(0.6,4.1));
#12013 = DIRECTION('',(1.,0.));
#12014 = ( GEOMETRIC_REPRESENTATION_CONTEXT(2) 
PARAMETRIC_REPRESENTATION_CONTEXT() REPRESENTATION_CONTEXT('2D SPACE',''
  ) );
#12015 = ADVANCED_FACE('',(#12016),#11292,.T.);
#12016 = FACE_BOUND('',#12017,.T.);
#12017 = EDGE_LOOP('',(#12018,#12019,#12020,#12021,#12022));
#12018 = ORIENTED_EDGE('',*,*,#11819,.F.);
#12019 = ORIENTED_EDGE('',*,*,#11994,.F.);
#12020 = ORIENTED_EDGE('',*,*,#11276,.T.);
#12021 = ORIENTED_EDGE('',*,*,#11354,.T.);
#12022 = ORIENTED_EDGE('',*,*,#11381,.T.);
#12023 = ( GEOMETRIC_REPRESENTATION_CONTEXT(3) 
GLOBAL_UNCERTAINTY_ASSIGNED_CONTEXT((#12027)) 
GLOBAL_UNIT_ASSIGNED_CONTEXT((#12024,#12025,#12026)) 
REPRESENTATION_CONTEXT('Context #1',
  '3D Context with UNIT and UNCERTAINTY') );
#12024 = ( LENGTH_UNIT() NAMED_UNIT(*) SI_UNIT(.MILLI.,.METRE.) );
#12025 = ( NAMED_UNIT(*) PLANE_ANGLE_UNIT() SI_UNIT($,.RADIAN.) );
#12026 = ( NAMED_UNIT(*) SI_UNIT($,.STERADIAN.) SOLID_ANGLE_UNIT() );
#12027 = UNCERTAINTY_MEASURE_WITH_UNIT(LENGTH_MEASURE(1.E-07),#12024,
  'distance_accuracy_value','confusion accuracy');
#12028 = PRODUCT_RELATED_PRODUCT_CATEGORY('part',$,(#7));
ENDSEC;
END-ISO-10303-21;
